49 7776 31843
0 0 -332.65 -332.65
1 0 -199.76 -199.76
3 0 -253.06 -253.06
26 0 58.13 58.13
29 0 238.22 238.22
36 0 317.55 317.55
0 1 122.41 122.41
1 1 123.39 123.39
4 1 122.68 122.68
8 1 126.96 126.96
20 1 137.29 137.29
38 1 149.16 149.16
47 1 153.59 153.59
0 2 -38.38 -38.38
1 2 -25.25 -25.25
2 2 -45.56 -45.56
3 2 -31.9 -31.9
4 2 -51.3 -51.3
5 2 -24.08 -24.08
6 2 -57.18 -57.18
7 2 -21.82 -21.82
8 2 -63.85 -63.85
9 2 -71.87 -71.87
10 2 -20.19 -20.19
11 2 -20.47 -20.47
12 2 -86.33 -86.33
13 2 -18.51 -18.51
15 2 -93.85 -93.85
17 2 -113.29 -113.29
20 2 -103.27 -103.27
33 2 -137.45 -137.45
35 2 -123.18 -123.18
38 2 -155.09 -155.09
47 2 -176.73 -176.73
0 3 126.03 126.03
1 3 125.66 125.66
3 3 126.12 126.12
5 3 120.74 120.74
7 3 116.1 116.1
10 3 107.86 107.86
11 3 112.19 112.19
13 3 104.85 104.85
16 3 96.76 96.76
22 3 100.72 100.72
30 3 90.36 90.36
34 3 82.96 82.96
39 3 84.35 84.35
43 3 80.39 80.39
45 3 89.57 89.57
0 4 117.01 117.01
1 4 118.63 118.63
4 4 116.66 116.66
6 4 118.14 118.14
8 4 120.51 120.51
9 4 121.93 121.93
12 4 126.46 126.46
20 4 129.75 129.75
33 4 137 137
35 4 134.68 134.68
0 5 -23.33 -23.33
1 5 -14.05 -14.05
2 5 -28.58 -28.58
3 5 -18.64 -18.64
6 5 -35.8 -35.8
0 6 178.75 178.75
1 6 175.02 175.02
0 7 102.29 102.29
1 7 104.85 104.85
2 7 100.76 100.76
3 7 103.79 103.79
4 7 101.28 101.28
5 7 101.01 101.01
6 7 102.6 102.6
7 7 97.98 97.98
8 7 104.01 104.01
10 7 91.06 91.06
11 7 94.98 94.98
12 7 108.53 108.53
13 7 88.81 88.81
15 7 110.04 110.04
16 7 81.59 81.59
17 7 112.73 112.73
20 7 111.2 111.2
22 7 85.01 85.01
30 7 75.79 75.79
34 7 68.89 68.89
35 7 115 115
39 7 70.94 70.94
43 7 66.96 66.96
45 7 76.32 76.32
0 8 277.65 277.65
1 8 242.43 242.43
2 8 303.01 303.01
3 8 260.6 260.6
4 8 329.95 329.95
5 8 223.32 223.32
6 8 365.13 365.13
7 8 208 208
10 8 182.17 182.17
11 8 194.43 194.43
13 8 172.1 172.1
16 8 152.23 152.23
22 8 161.51 161.51
30 8 141.31 141.31
34 8 130.43 130.43
39 8 127.07 127.07
43 8 125.11 125.11
45 8 129.53 129.53
0 9 164.89 164.89
1 9 159.9 159.9
2 9 167.22 167.22
3 9 162.55 162.55
4 9 171.74 171.74
5 9 152.07 152.07
6 9 177.78 177.78
7 9 146.27 146.27
8 9 183.59 183.59
9 9 190.96 190.96
10 9 134.01 134.01
11 9 140.41 140.41
12 9 208.87 208.87
13 9 129.93 129.93
14 9 199.87 199.87
15 9 218.22 218.22
16 9 118.94 118.94
17 9 237.79 237.79
20 9 227.47 227.47
22 9 124.12 124.12
30 9 111.23 111.23
34 9 102.92 102.92
35 9 249.53 249.53
38 9 274.96 274.96
39 9 102.45 102.45
43 9 99.37 99.37
45 9 106.87 106.87
0 10 123.39 123.39
1 10 124.37 124.37
2 10 121.85 121.85
3 10 124.75 124.75
4 10 122.15 122.15
5 10 120.08 120.08
6 10 123.49 123.49
7 10 115.93 115.93
8 10 125.71 125.71
9 10 128.12 128.12
10 10 108.04 108.04
11 10 111.85 111.85
12 10 133.94 133.94
13 10 105.12 105.12
14 10 131.78 131.78
15 10 136.71 136.71
16 10 97.34 97.34
17 10 139.28 139.28
20 10 138.27 138.27
22 10 101.22 101.22
30 10 91.45 91.45
34 10 83.82 83.82
35 10 140.14 140.14
38 10 149.26 149.26
39 10 84.79 84.79
43 10 80.89 80.89
45 10 89.52 89.52
47 10 155.65 155.65
0 11 158.29 158.29
1 11 154.26 154.26
3 11 156.72 156.72
5 11 147.46 147.46
7 11 141.7 141.7
10 11 131.43 131.43
11 11 136.73 136.73
13 11 127.14 127.14
16 11 116.9 116.9
22 11 121.94 121.94
30 11 109.72 109.72
34 11 101.57 101.57
39 11 101.62 101.62
43 11 98.38 98.38
45 11 106.1 106.1
0 12 242.13 242.13
1 12 199.06 199.06
2 12 272.78 272.78
3 12 218.46 218.46
4 12 317.87 317.87
5 12 179.3 179.3
7 12 163.65 163.65
10 12 140.14 140.14
11 12 150.71 150.71
16 12 113.3 113.3
34 12 94.74 94.74
39 12 93.24 93.24
45 12 95.55 95.55
0 13 236.23 236.23
1 13 195.57 195.57
2 13 264 264
3 13 213.92 213.92
4 13 310.45 310.45
5 13 177.09 177.09
7 13 161.5 161.5
10 13 138.08 138.08
13 13 129.32 129.32
16 13 113.04 113.04
22 13 120.63 120.63
30 13 103.87 103.87
34 13 93.94 93.94
39 13 91.96 91.96
43 13 89.67 89.67
45 13 95.24 95.24
0 14 304.61 304.61
1 14 270.32 270.32
3 14 286.92 286.92
0 15 201.08 201.08
1 15 191.26 191.26
4 15 213.25 213.25
5 15 181.18 181.18
6 15 222.6 222.6
8 15 232.9 232.9
11 15 165.63 165.63
12 15 271.6 271.6
0 16 274.02 274.02
1 16 247.8 247.8
3 16 260.59 260.59
5 16 231.37 231.37
0 17 296.99 296.99
1 17 264.03 264.03
2 17 316.24 316.24
4 17 339.54 339.54
0 18 148.8 148.8
1 18 145.47 145.47
2 18 149.17 149.17
3 18 148.12 148.12
4 18 151.98 151.98
8 18 160.05 160.05
9 18 164.69 164.69
10 18 125.47 125.47
11 18 129.51 129.51
12 18 175.82 175.82
13 18 121.38 121.38
14 18 171.13 171.13
15 18 182.08 182.08
16 18 112.24 112.24
17 18 195.34 195.34
20 18 188.29 188.29
22 18 116.81 116.81
30 18 104.88 104.88
33 18 203.57 203.57
34 18 96.51 96.51
35 18 198.64 198.64
38 18 212.37 212.37
0 19 93.34 93.34
1 19 96.7 96.7
2 19 90.83 90.83
4 19 90.35 90.35
5 19 93.45 93.45
6 19 90.7 90.7
7 19 90.76 90.76
8 19 91.06 91.06
9 19 91.29 91.29
10 19 84.83 84.83
11 19 87.92 87.92
12 19 93.24 93.24
13 19 83.01 83.01
14 19 92.38 92.38
15 19 93.93 93.93
16 19 77.11 77.11
17 19 94.18 94.18
20 19 93.93 93.93
22 19 80.17 80.17
30 19 71.44 71.44
33 19 95.26 95.26
34 19 64.72 64.72
35 19 94.84 94.84
38 19 95.64 95.64
43 19 62.59 62.59
45 19 72.37 72.37
47 19 97.57 97.57
0 20 262.5 262.5
1 20 231.08 231.08
2 20 282.62 282.62
3 20 245.96 245.96
5 20 213.08 213.08
7 20 198.58 198.58
8 20 386.79 386.79
0 21 200.28 200.28
1 21 190.31 190.31
2 21 205.04 205.04
3 21 195.74 195.74
4 21 212.73 212.73
5 21 180.77 180.77
6 21 221.89 221.89
8 21 232.38 232.38
9 21 243.55 243.55
12 21 270.84 270.84
14 21 257.04 257.04
15 21 285.67 285.67
17 21 320.97 320.97
20 21 302.09 302.09
33 21 365.97 365.97
35 21 342.13 342.13
38 21 395.78 395.78
0 22 237.68 237.68
1 22 220.12 220.12
3 22 228.95 228.95
4 22 259.94 259.94
0 23 314.24 314.24
1 23 277.46 277.46
2 23 336 336
4 23 365.32 365.32
0 24 349.33 349.33
1 24 302.08 302.08
2 24 378.5 378.5
3 24 324.35 324.35
5 24 277.57 277.57
7 24 257.31 257.31
11 24 239.73 239.73
0 25 293.38 293.38
1 25 262.33 262.33
2 25 311.34 311.34
3 25 277.53 277.53
4 25 335.42 335.42
0 26 340 340
1 26 295.29 295.29
2 26 367.09 367.09
3 26 316.72 316.72
5 26 271.79 271.79
7 26 252.02 252.02
10 26 219.73 219.73
11 26 235.13 235.13
13 26 206.87 206.87
0 27 289.68 289.68
1 27 259.64 259.64
2 27 306.99 306.99
3 27 274.42 274.42
4 27 330.08 330.08
5 27 241.72 241.72
7 27 226.48 226.48
11 27 213.2 213.2
13 27 190.7 190.7
0 28 293.59 293.59
1 28 262.26 262.26
2 28 311.96 311.96
3 28 277.49 277.49
4 28 336.08 336.08
5 28 243.35 243.35
7 28 227.32 227.32
10 28 201.02 201.02
11 28 213.68 213.68
13 28 190.49 190.49
16 28 170.24 170.24
22 28 179.9 179.9
30 28 158.89 158.89
34 28 147.04 147.04
39 28 142.2 142.2
43 28 141.3 141.3
0 29 195.47 195.47
1 29 186.49 186.49
3 29 191.69 191.69
8 29 225.84 225.84
9 29 236.59 236.59
12 29 262.79 262.79
16 29 135.66 135.66
22 29 141.9 141.9
0 30 304.84 304.84
1 30 271.02 271.02
2 30 324.56 324.56
4 30 351.87 351.87
6 30 384.47 384.47
7 30 234.89 234.89
0 31 195.47 195.47
1 31 186.49 186.49
2 31 200.3 200.3
3 31 191.69 191.69
4 31 207.26 207.26
6 31 215.86 215.86
7 31 168.76 168.76
8 31 225.84 225.84
9 31 236.59 236.59
11 31 161.69 161.69
12 31 262.79 262.79
14 31 249.49 249.49
17 31 310.86 310.86
20 31 292.87 292.87
35 31 331.26 331.26
38 31 382.34 382.34
0 32 83.03 83.03
1 32 78.25 78.25
0 33 21.82 21.82
1 33 27.81 27.81
4 33 15.77 15.77
5 33 26.09 26.09
6 33 14.22 14.22
7 33 25.09 25.09
8 33 12.9 12.9
9 33 11.72 11.72
12 33 10.48 10.48
14 33 11.09 11.09
15 33 9.76999 9.76999
17 33 6.13 6.13
20 33 7.79001 7.79001
33 33 3.42999 3.42999
35 33 4.79001 4.79001
38 33 2.32999 2.32999
47 33 2.07001 2.07001
0 34 396.86 396.86
1 34 334.28 334.28
3 34 362.99 362.99
5 34 303.65 303.65
7 34 279.38 279.38
11 34 258.33 258.33
0 35 358.98 358.98
1 35 308.77 308.77
2 35 390.29 390.29
3 35 332.36 332.36
5 35 283.14 283.14
7 35 261.92 261.92
11 35 243.5 243.5
0 36 358.42 358.42
1 36 308.56 308.56
2 36 389.61 389.61
5 36 283.09 283.09
0 37 358.42 358.42
1 37 308.56 308.56
2 37 389.61 389.61
3 37 332.48 332.48
5 37 283.09 283.09
7 37 262.06 262.06
0 38 396.86 396.86
1 38 334.28 334.28
3 38 362.99 362.99
7 38 279.38 279.38
0 39 357.75 357.75
1 39 307.12 307.12
2 39 388.4 388.4
3 39 330.84 330.84
5 39 282.23 282.23
0 40 293.59 293.59
1 40 262.26 262.26
2 40 311.96 311.96
3 40 277.49 277.49
4 40 336.08 336.08
0 41 293.38 293.38
1 41 262.33 262.33
2 41 311.34 311.34
3 41 277.53 277.53
0 42 334.93 334.93
1 42 291.74 291.74
3 42 312.5 312.5
5 42 269.01 269.01
7 42 249.79 249.79
10 42 218.12 218.12
11 42 233.13 233.13
0 43 225.25 225.25
1 43 210.28 210.28
2 43 232.78 232.78
3 43 217.91 217.91
4 43 243.84 243.84
5 43 198.57 198.57
6 43 257.11 257.11
8 43 272.48 272.48
9 43 289.29 289.29
12 43 331.24 331.24
14 43 309.56 309.56
15 43 355.38 355.38
20 43 383.53 383.53
0 44 304.11 304.11
1 44 270.46 270.46
2 44 323.66 323.66
3 44 286.51 286.51
5 44 251.26 251.26
7 44 235.1 235.1
10 44 207.41 207.41
11 44 220.64 220.64
13 44 196.76 196.76
16 44 175.55 175.55
22 44 185.39 185.39
30 44 163.81 163.81
34 44 151.2 151.2
0 45 328.75 328.75
1 45 288.49 288.49
2 45 353.32 353.32
3 45 307.67 307.67
5 45 266.28 266.28
7 45 247.8 247.8
10 45 217.22 217.22
11 45 232.1 232.1
13 45 205.17 205.17
0 46 15.94 15.94
1 46 22.4 22.4
2 46 11.81 11.81
3 46 19.79 19.79
4 46 9.66 9.66
5 46 20.87 20.87
6 46 7.92999 7.92999
7 46 19.87 19.87
8 46 6.64002 6.64002
9 46 5.06 5.06
10 46 17.97 17.97
11 46 19.14 19.14
12 46 3.54001 3.54001
13 46 17.4 17.4
14 46 4.51999 4.51999
15 46 2.44 2.44
17 46 -1.25 -1.25
20 46 0.450012 0.450012
30 46 9.42999 9.42999
33 46 -3.89999 -3.89999
34 46 3.94 3.94
35 46 -2.64002 -2.64002
38 46 -5.32999 -5.32999
43 46 2.85998 2.85998
45 46 14.02 14.02
47 46 -6.09 -6.09
0 47 245.81 245.81
1 47 296.96 296.96
0 48 334.14 334.14
1 48 291.42 291.42
3 48 311.7 311.7
5 48 268.45 268.45
7 48 249.48 249.48
10 48 217.82 217.82
11 48 232.86 232.86
13 48 205.52 205.52
0 49 279.84 279.84
1 49 251.87 251.87
3 49 265.53 265.53
5 49 235.15 235.15
0 50 241.92 241.92
1 50 223.32 223.32
2 50 251.93 251.93
3 50 232.85 232.85
4 50 265.71 265.71
6 50 282.38 282.38
8 50 301.58 301.58
9 50 323.54 323.54
12 50 378.57 378.57
14 50 349.78 349.78
0 51 299.08 299.08
1 51 266.44 266.44
2 51 317.85 317.85
3 51 282.47 282.47
4 51 343.44 343.44
5 51 247.53 247.53
7 51 231.41 231.41
10 51 204.5 204.5
13 51 193.73 193.73
16 51 172.9 172.9
22 51 182.76 182.76
30 51 161.35 161.35
34 51 149.44 149.44
0 52 298.66 298.66
1 52 266.31 266.31
2 52 317.43 317.43
3 52 282.17 282.17
6 52 373.46 373.46
0 53 298.26 298.26
1 53 264.97 264.97
2 53 317.06 317.06
3 53 281.77 281.77
4 53 343.7 343.7
5 53 246.53 246.53
6 53 373.46 373.46
0 54 305.06 305.06
1 54 271.13 271.13
2 54 325.33 325.33
3 54 287.46 287.46
4 54 352.27 352.27
6 54 385.49 385.49
0 55 322.03 322.03
1 55 282.97 282.97
2 55 345.77 345.77
3 55 301.8 301.8
4 55 377.15 377.15
5 55 261.34 261.34
0 56 322.03 322.03
1 56 282.97 282.97
2 56 345.77 345.77
3 56 301.8 301.8
4 56 377.15 377.15
0 57 6.17999 6.17999
1 57 12.05 12.05
2 57 2.48999 2.48999
3 57 10 10
5 57 11.09 11.09
7 57 10.66 10.66
10 57 9.26001 9.26001
11 57 9.95999 9.95999
13 57 8.95001 8.95001
16 57 5.66 5.66
22 57 7.39999 7.39999
30 57 1.76001 1.76001
34 57 -3.16 -3.16
39 57 0.420013 0.420013
43 57 -3.70001 -3.70001
45 57 6.79001 6.79001
0 58 -67.14 -67.14
1 58 -47.83 -47.83
2 58 -79.29 -79.29
3 58 -57.19 -57.19
5 58 -44.78 -44.78
6 58 -105.1 -105.1
7 58 -40.25 -40.25
9 58 -138.68 -138.68
11 58 -36.79 -36.79
14 58 -157.4 -157.4
0 59 205.43 205.43
1 59 194.98 194.98
2 59 210.44 210.44
3 59 200.54 200.54
4 59 218.72 218.72
6 59 228.21 228.21
8 59 238.86 238.86
12 59 278.82 278.82
14 59 265.04 265.04
15 59 294.36 294.36
17 59 331.56 331.56
20 59 311.37 311.37
33 59 378.12 378.12
35 59 353.54 353.54
0 60 340.2 340.2
1 60 295.57 295.57
3 60 316.85 316.85
5 60 271.9 271.9
7 60 252.2 252.2
10 60 219.86 219.86
11 60 235.42 235.42
13 60 207.35 207.35
0 61 310.36 310.36
1 61 274.37 274.37
2 61 330.95 330.95
3 61 291.62 291.62
4 61 359.27 359.27
5 61 254.27 254.27
7 61 237.29 237.29
10 61 208.81 208.81
11 61 222.51 222.51
13 61 197.59 197.59
0 62 354.45 354.45
1 62 305.09 305.09
3 62 328.9 328.9
10 62 225.29 225.29
0 63 285.02 285.02
1 63 256.17 256.17
2 63 301.67 301.67
3 63 270.32 270.32
0 64 155.76 155.76
1 64 151.06 151.06
2 64 157.39 157.39
12 64 197.11 197.11
0 65 132.3 132.3
1 65 129.8 129.8
2 65 132.98 132.98
3 65 130.99 130.99
4 65 135.69 135.69
6 65 139.39 139.39
7 65 118.77 118.77
8 65 143.78 143.78
9 65 148.54 148.54
10 65 109.29 109.29
11 65 113.85 113.85
13 65 106.12 106.12
14 65 155.18 155.18
16 65 97.48 97.48
22 65 101.42 101.42
34 65 82.89 82.89
39 65 83.38 83.38
0 66 337.26 337.26
1 66 294.28 294.28
2 66 363.64 363.64
3 66 314.53 314.53
5 66 271.01 271.01
7 66 252.08 252.08
22 66 195.33 195.33
0 67 290.48 290.48
1 67 260.39 260.39
2 67 307.91 307.91
3 67 274.87 274.87
4 67 331.29 331.29
7 67 227.15 227.15
10 67 201.08 201.08
11 67 213.66 213.66
0 68 120.12 120.12
1 68 121.63 121.63
3 68 120.62 120.62
4 68 120.29 120.29
5 68 116.54 116.54
6 68 121.71 121.71
7 68 113.7 113.7
8 68 123.46 123.46
9 68 125.22 125.22
10 68 105.83 105.83
11 68 109.38 109.38
12 68 130.23 130.23
13 68 103.53 103.53
14 68 127.78 127.78
15 68 132.28 132.28
17 68 136.27 136.27
20 68 134.19 134.19
35 68 139.43 139.43
38 68 146.53 146.53
47 68 150.46 150.46
0 69 -14.46 -14.46
1 69 -5.39999 -5.39999
2 69 -19.13 -19.13
3 69 -9.57999 -9.57999
4 69 -22.45 -22.45
6 69 -25.47 -25.47
7 69 -4.67999 -4.67999
8 69 -29.22 -29.22
9 69 -33.2 -33.2
10 69 -5.26999 -5.26999
11 69 -4.48999 -4.48999
12 69 -38.36 -38.36
13 69 -4.92001 -4.92001
14 69 -35.51 -35.51
15 69 -40.81 -40.81
16 69 -7.45001 -7.45001
17 69 -48.95 -48.95
20 69 -44.82 -44.82
22 69 -6.07001 -6.07001
30 69 -11.01 -11.01
33 69 -57.46 -57.46
34 69 -15.42 -15.42
35 69 -52.74 -52.74
38 69 -62.03 -62.03
39 69 -9.5 -9.5
43 69 -15.04 -15.04
45 69 -2.38001 -2.38001
0 70 101.44 101.44
1 70 104.15 104.15
2 70 99.18 99.18
3 70 103.39 103.39
4 70 99.19 99.19
6 70 99.83 99.83
8 70 100.62 100.62
9 70 101.08 101.08
12 70 103.66 103.66
14 70 102.43 102.43
15 70 104.9 104.9
17 70 105.91 105.91
20 70 105.25 105.25
33 70 107.51 107.51
35 70 106.8 106.8
38 70 108.85 108.85
47 70 110.63 110.63
0 71 -15.45 -15.45
1 71 -6.64999 -6.64999
3 71 -11.13 -11.13
4 71 -23.81 -23.81
5 71 -6.81 -6.81
7 71 -5.70001 -5.70001
9 71 -35.1 -35.1
22 71 -7.04001 -7.04001
47 71 -69.34 -69.34
0 72 190.27 190.27
1 72 182.09 182.09
2 72 193.63 193.63
3 72 186.62 186.62
4 72 200.07 200.07
5 72 173.71 173.71
6 72 207.47 207.47
7 72 165.87 165.87
8 72 215.92 215.92
9 72 225.08 225.08
10 72 152.32 152.32
11 72 159.2 159.2
12 72 247.28 247.28
13 72 146.98 146.98
14 72 236.15 236.15
15 72 258.64 258.64
16 72 134.39 134.39
17 72 285.4 285.4
20 72 271.13 271.13
22 72 140.22 140.22
30 72 126.03 126.03
33 72 317.9 317.9
34 72 116.63 116.63
35 72 300.62 300.62
38 72 339.18 339.18
43 72 112.6 112.6
0 73 -12.75 -12.75
1 73 -4.85001 -4.85001
2 73 -17.5 -17.5
3 73 -8.31 -8.31
4 73 -20.62 -20.62
5 73 -5.19 -5.19
6 73 -23.17 -23.17
7 73 -5.42001 -5.42001
8 73 -25.69 -25.69
9 73 -28.56 -28.56
10 73 -6.17001 -6.17001
11 73 -5.48999 -5.48999
12 73 -32.31 -32.31
13 73 -5.95999 -5.95999
14 73 -30.22 -30.22
15 73 -34.29 -34.29
16 73 -8.39002 -8.39002
17 73 -39.99 -39.99
20 73 -37.3 -37.3
22 73 -7.13 -7.13
33 73 -45.23 -45.23
35 73 -42.38 -42.38
38 73 -47.82 -47.82
47 73 -50.29 -50.29
0 74 -7.42999 -7.42999
1 74 -0.0899963 -0.0899963
2 74 -12.17 -12.17
3 74 -3 -3
4 74 -15.03 -15.03
5 74 -1.22 -1.22
6 74 -17.26 -17.26
7 74 -2 -2
8 74 -19.35 -19.35
9 74 -21.58 -21.58
11 74 -2.61999 -2.61999
12 74 -24.67 -24.67
14 74 -22.85 -22.85
15 74 -26.46 -26.46
17 74 -32.19 -32.19
20 74 -29.46 -29.46
33 74 -36.68 -36.68
35 74 -34.42 -34.42
38 74 -39.14 -39.14
47 74 -40.99 -40.99
0 75 -375.43 -375.43
1 75 -228.21 -228.21
5 75 -190.96 -190.96
7 75 -161.99 -161.99
10 75 -123.61 -123.61
11 75 -141.42 -141.42
13 75 -109.67 -109.67
16 75 -88.59 -88.59
34 75 -82.32 -82.32
0 76 284.48 284.48
1 76 255.79 255.79
2 76 300.84 300.84
3 76 269.7 269.7
5 76 238.23 238.23
10 76 198.28 198.28
11 76 210.5 210.5
13 76 188.4 188.4
16 76 168.72 168.72
22 76 177.93 177.93
30 76 157.46 157.46
0 77 128.2 128.2
1 77 120.87 120.87
2 77 132.07 132.07
3 77 125.37 125.37
0 78 318.06 318.06
1 78 280.29 280.29
2 78 341.04 341.04
3 78 297.71 297.71
5 78 258.57 258.57
7 78 241.32 241.32
0 79 202.75 202.75
1 79 180.94 180.94
2 79 217.32 217.32
3 79 190.43 190.43
4 79 237.23 237.23
5 79 165.9 165.9
6 79 261.09 261.09
7 79 156.25 156.25
8 79 292.88 292.88
9 79 332.13 332.13
10 79 137.19 137.19
11 79 147.18 147.18
13 79 130.27 130.27
16 79 115.48 115.48
30 79 107.45 107.45
34 79 97.63 97.63
43 79 93.98 93.98
45 79 100.69 100.69
0 80 -47.89 -47.89
1 80 -27.27 -27.27
2 80 -62.91 -62.91
4 80 -78.57 -78.57
6 80 -99.21 -99.21
22 80 -10.35 -10.35
0 81 -47.89 -47.89
1 81 -27.27 -27.27
3 81 -35.6 -35.6
4 81 -78.57 -78.57
5 81 -23.34 -23.34
7 81 -20.44 -20.44
10 81 -13.9 -13.9
11 81 -17.06 -17.06
13 81 -11.57 -11.57
22 81 -10.35 -10.35
0 82 284.27 284.27
1 82 255.54 255.54
2 82 300.66 300.66
3 82 269.42 269.42
5 82 238.09 238.09
7 82 223.51 223.51
0 83 -151.08 -151.08
1 83 -120.12 -120.12
3 83 -133.92 -133.92
8 83 -240.97 -240.97
9 83 -272.34 -272.34
14 83 -309.17 -309.17
18 83 254.29 254.29
19 83 290.94 290.94
21 83 365.05 365.05
25 83 139.98 139.98
27 83 180.97 180.97
0 84 -164.72 -164.72
1 84 -129.48 -129.48
2 84 -186.9 -186.9
3 84 -145.09 -145.09
4 84 -210.89 -210.89
6 84 -238.22 -238.22
8 84 -270.28 -270.28
9 84 -310.25 -310.25
18 84 214.55 214.55
19 84 253.38 253.38
21 84 331.72 331.72
23 84 293.07 293.07
24 84 175.84 175.84
25 84 92.72 92.72
26 84 369.39 369.39
27 84 136.11 136.11
32 84 -42.83 -42.83
37 84 3.76001 3.76001
40 84 -199.61 -199.61
44 84 -93.8 -93.8
0 85 280.71 280.71
1 85 252.78 252.78
5 85 235.76 235.76
7 85 221.31 221.31
10 85 196.62 196.62
11 85 208.64 208.64
13 85 186.79 186.79
0 86 289.26 289.26
1 86 259.21 259.21
2 86 306.28 306.28
3 86 274.03 274.03
5 86 241.31 241.31
7 86 226.15 226.15
10 86 200.34 200.34
11 86 212.75 212.75
13 86 190.09 190.09
16 86 169.97 169.97
30 86 158.68 158.68
34 86 146.9 146.9
0 87 315.45 315.45
1 87 279 279
2 87 337.02 337.02
4 87 366.19 366.19
0 88 346.55 346.55
1 88 300.16 300.16
2 88 375 375
7 88 255.83 255.83
10 88 222.72 222.72
13 88 209.86 209.86
22 88 197.01 197.01
0 89 398.32 398.32
1 89 335.26 335.26
3 89 364.37 364.37
5 89 304.72 304.72
7 89 280.08 280.08
11 89 258.99 258.99
0 90 239.43 239.43
1 90 221.6 221.6
2 90 248.76 248.76
3 90 230.64 230.64
4 90 262.12 262.12
6 90 277.9 277.9
0 91 328.75 328.75
1 91 288.49 288.49
2 91 353.32 353.32
3 91 307.67 307.67
4 91 386.24 386.24
5 91 266.28 266.28
7 91 247.8 247.8
10 91 217.22 217.22
11 91 232.1 232.1
13 91 205.17 205.17
0 92 318.06 318.06
1 92 280.29 280.29
2 92 341.04 341.04
3 92 297.71 297.71
5 92 258.57 258.57
7 92 241.32 241.32
0 93 324.19 324.19
1 93 284.43 284.43
10 93 214.45 214.45
0 94 212.53 212.53
1 94 189.8 189.8
3 94 199 199
5 94 174.43 174.43
0 95 329.5 329.5
1 95 288.57 288.57
3 95 308.37 308.37
5 95 266.22 266.22
13 95 204.68 204.68
0 96 -362.82 -362.82
1 96 -219.11 -219.11
3 96 -276.75 -276.75
5 96 -183.16 -183.16
10 96 -118.07 -118.07
11 96 -134.27 -134.27
36 96 288.57 288.57
42 96 360.21 360.21
0 97 198.88 198.88
1 97 188.41 188.41
2 97 203.45 203.45
3 97 193.89 193.89
4 97 211.09 211.09
5 97 178.48 178.48
6 97 220.9 220.9
7 97 169.65 169.65
8 97 231.32 231.32
9 97 243.66 243.66
12 97 270.48 270.48
14 97 256.4 256.4
15 97 286.12 286.12
20 97 305.76 305.76
0 98 -148.29 -148.29
1 98 -118.94 -118.94
2 98 -167.05 -167.05
3 98 -132.57 -132.57
4 98 -185.77 -185.77
5 98 -111.52 -111.52
6 98 -206.34 -206.34
8 98 -230.22 -230.22
9 98 -258.03 -258.03
12 98 -324.34 -324.34
14 98 -288.26 -288.26
15 98 -367.21 -367.21
18 98 274.42 274.42
19 98 307.75 307.75
21 98 377.07 377.07
23 98 342.85 342.85
24 98 241.3 241.3
25 98 169.8 169.8
27 98 207.75 207.75
0 99 200.28 200.28
1 99 190.31 190.31
2 99 205.04 205.04
3 99 195.74 195.74
4 99 212.73 212.73
5 99 180.77 180.77
6 99 221.89 221.89
8 99 232.38 232.38
9 99 243.55 243.55
12 99 270.84 270.84
14 99 257.04 257.04
15 99 285.67 285.67
17 99 320.97 320.97
0 100 -140.14 -140.14
1 100 -111.94 -111.94
2 100 -157.94 -157.94
4 100 -175.64 -175.64
6 100 -195.26 -195.26
8 100 -217.42 -217.42
9 100 -243.78 -243.78
12 100 -306.43 -306.43
14 100 -272.93 -272.93
15 100 -346.88 -346.88
18 100 290.85 290.85
19 100 324.63 324.63
23 100 359.77 359.77
24 100 256.77 256.77
0 101 191.49 191.49
1 101 183.35 183.35
2 101 195.48 195.48
7 101 166.28 166.28
8 101 219.44 219.44
10 101 152.52 152.52
12 101 251.86 251.86
14 101 239.89 239.89
15 101 265 265
20 101 277.16 277.16
22 101 140.14 140.14
0 102 111 111
1 102 112.57 112.57
2 102 109.63 109.63
3 102 111.98 111.98
4 102 110.71 110.71
5 102 108.3 108.3
6 102 112 112
7 102 105.17 105.17
8 102 113.67 113.67
9 102 114.97 114.97
10 102 97.87 97.87
11 102 101.66 101.66
12 102 119.15 119.15
13 102 95.19 95.19
14 102 117.27 117.27
15 102 121.01 121.01
17 102 124.34 124.34
20 102 122.6 122.6
22 102 91.14 91.14
33 102 129.01 129.01
35 102 126.94 126.94
38 102 132.19 132.19
47 102 135.36 135.36
0 103 168.98 168.98
1 103 164.27 164.27
2 103 170.42 170.42
3 103 167.14 167.14
4 103 174.44 174.44
5 103 157.25 157.25
6 103 179.58 179.58
7 103 151.14 151.14
8 103 185.25 185.25
9 103 191.25 191.25
10 103 139.77 139.77
11 103 145.48 145.48
12 103 205.69 205.69
13 103 135.25 135.25
14 103 198.62 198.62
15 103 213.1 213.1
16 103 124.42 124.42
17 103 228.89 228.89
20 103 220.54 220.54
22 103 129.61 129.61
30 103 116.61 116.61
33 103 248.41 248.41
34 103 108.15 108.15
35 103 238.28 238.28
38 103 261.3 261.3
39 103 107.65 107.65
43 103 104.68 104.68
45 103 111.96 111.96
0 104 -94.95 -94.95
1 104 -71.15 -71.15
2 104 -110.22 -110.22
3 104 -82.6 -82.6
4 104 -125.48 -125.48
6 104 -143.07 -143.07
9 104 -187.45 -187.45
11 104 -55.84 -55.84
12 104 -245.26 -245.26
14 104 -212.94 -212.94
15 104 -285.38 -285.38
20 104 -343.9 -343.9
0 105 -96.46 -96.46
1 105 -72.44 -72.44
2 105 -111.36 -111.36
3 105 -83.97 -83.97
4 105 -126.9 -126.9
5 105 -67.59 -67.59
6 105 -144.21 -144.21
7 105 -61.75 -61.75
8 105 -164.52 -164.52
9 105 -189.09 -189.09
10 105 -53.61 -53.61
11 105 -57.07 -57.07
12 105 -247.96 -247.96
13 105 -49.23 -49.23
14 105 -215.2 -215.2
15 105 -288.34 -288.34
0 106 173.17 173.17
1 106 166.95 166.95
2 106 175.2 175.2
3 106 169.64 169.64
5 106 158.8 158.8
11 106 146.79 146.79
12 106 219.41 219.41
15 106 229.26 229.26
20 106 239.26 239.26
0 107 128.66 128.66
1 107 126.94 126.94
2 107 129.77 129.77
4 107 132.07 132.07
9 107 143.74 143.74
12 107 156.73 156.73
14 107 150.24 150.24
15 107 163.37 163.37
17 107 175.72 175.72
0 108 172.53 172.53
1 108 168.39 168.39
2 108 174.47 174.47
3 108 170.34 170.34
4 108 178.58 178.58
5 108 160.61 160.61
6 108 184.15 184.15
7 108 154.38 154.38
8 108 190.13 190.13
9 108 196.73 196.73
10 108 142.52 142.52
11 108 148.42 148.42
12 108 211.76 211.76
13 108 141.15 141.15
14 108 204.55 204.55
15 108 219.59 219.59
33 108 257.24 257.24
38 108 270.73 270.73
39 108 111.31 111.31
45 108 114.73 114.73
47 108 285.92 285.92
0 109 139.72 139.72
1 109 136.71 136.71
2 109 140.56 140.56
4 109 143.34 143.34
5 109 130.11 130.11
7 109 125.6 125.6
8 109 151.9 151.9
9 109 157.04 157.04
12 109 170.61 170.61
14 109 164.1 164.1
15 109 177.77 177.77
20 109 184.28 184.28
33 109 208.37 208.37
35 109 199.07 199.07
0 110 105.56 105.56
1 110 107.66 107.66
2 110 103.79 103.79
3 110 106.95 106.95
4 110 104.01 104.01
5 110 103.85 103.85
6 110 104.62 104.62
7 110 100.4 100.4
8 110 105.88 105.88
9 110 106.87 106.87
10 110 94.28 94.28
11 110 97.71 97.71
12 110 110.47 110.47
13 110 91.96 91.96
14 110 108.96 108.96
15 110 112 112
16 110 85.09 85.09
17 110 113.49 113.49
20 110 112.59 112.59
30 110 79.17 79.17
33 110 117.22 117.22
34 110 72.11 72.11
35 110 114.78 114.78
38 110 119.63 119.63
39 110 74.09 74.09
43 110 69.58 69.58
45 110 79.49 79.49
47 110 122.46 122.46
0 111 131.5 131.5
1 111 130.09 130.09
2 111 132.21 132.21
3 111 130.48 130.48
4 111 134.58 134.58
5 111 122.95 122.95
6 111 138.35 138.35
7 111 118.73 118.73
8 111 141.72 141.72
9 111 146.12 146.12
10 111 109.6 109.6
11 111 114.23 114.23
12 111 158.11 158.11
13 111 106.41 106.41
14 111 152.41 152.41
15 111 164.1 164.1
16 111 97.64 97.64
17 111 176.17 176.17
20 111 169.95 169.95
22 111 102 102
30 111 91.02 91.02
33 111 190.57 190.57
34 111 83.49 83.49
35 111 183.36 183.36
39 111 83.91 83.91
43 111 80.55 80.55
45 111 88.84 88.84
0 112 -4.44 -4.44
1 112 5.91 5.91
2 112 -11.12 -11.12
3 112 1.22 1.22
4 112 -15.78 -15.78
5 112 5.23999 5.23999
6 112 -19.75 -19.75
7 112 5.47 5.47
8 112 -25.97 -25.97
12 112 -44.93 -44.93
14 112 -36.87 -36.87
15 112 -54.03 -54.03
20 112 -67.61 -67.61
0 113 140.56 140.56
1 113 137.41 137.41
2 113 141.47 141.47
3 113 139.2 139.2
4 113 144.57 144.57
5 113 130.9 130.9
6 113 148.7 148.7
7 113 125.5 125.5
8 113 153.76 153.76
9 113 158.87 158.87
10 113 115.38 115.38
11 113 120.67 120.67
12 113 172.54 172.54
15 113 179.69 179.69
17 113 193.66 193.66
20 113 186.56 186.56
30 113 95.28 95.28
33 113 211.29 211.29
34 113 87.55 87.55
35 113 202.77 202.77
38 113 223.52 223.52
39 113 87.88 87.88
47 113 237.77 237.77
0 114 -30.52 -30.52
1 114 -18.36 -18.36
2 114 -37.34 -37.34
3 114 -24.61 -24.61
4 114 -42.77 -42.77
6 114 -48.07 -48.07
8 114 -53.87 -53.87
9 114 -61.06 -61.06
12 114 -73.86 -73.86
14 114 -67.43 -67.43
20 114 -88.88 -88.88
0 115 -137.33 -137.33
1 115 -109.31 -109.31
2 115 -154.91 -154.91
3 115 -122.24 -122.24
4 115 -172.43 -172.43
5 115 -102.33 -102.33
6 115 -191.46 -191.46
8 115 -213.43 -213.43
9 115 -239.14 -239.14
12 115 -299.8 -299.8
14 115 -267.09 -267.09
15 115 -338.92 -338.92
19 115 330.1 330.1
23 115 365.7 365.7
24 115 263.4 263.4
25 115 191.35 191.35
27 115 229.2 229.2
0 116 -142.64 -142.64
1 116 -114.08 -114.08
2 116 -160.7 -160.7
3 116 -127.01 -127.01
4 116 -178.86 -178.86
5 116 -106.65 -106.65
6 116 -198.59 -198.59
7 116 -99.66 -99.66
8 116 -221.29 -221.29
9 116 -248.01 -248.01
11 116 -93.28 -93.28
12 116 -311.57 -311.57
14 116 -277.16 -277.16
15 116 -352.43 -352.43
16 116 -75.65 -75.65
18 116 285.88 285.88
19 116 319.77 319.77
23 116 354.51 354.51
24 116 252 252
25 116 180.42 180.42
27 116 218.15 218.15
0 117 -130.58 -130.58
1 117 -104.04 -104.04
2 117 -147.52 -147.52
3 117 -116.01 -116.01
4 117 -164.4 -164.4
5 117 -97.21 -97.21
6 117 -182.74 -182.74
7 117 -90.93 -90.93
8 117 -203.47 -203.47
9 117 -227.54 -227.54
12 117 -284.7 -284.7
14 117 -254.3 -254.3
15 117 -320.93 -320.93
18 117 312.56 312.56
19 117 346.51 346.51
24 117 278.51 278.51
27 117 243.69 243.69
0 118 161.3 161.3
1 118 156.44 156.44
2 118 164.35 164.35
3 118 159.05 159.05
4 118 168.63 168.63
6 118 174.63 174.63
8 118 180.54 180.54
9 118 187.35 187.35
10 118 131.02 131.02
11 118 136.58 136.58
13 118 126.67 126.67
14 118 195.76 195.76
15 118 214.02 214.02
16 118 116.47 116.47
17 118 233.82 233.82
20 118 224.26 224.26
22 118 121.56 121.56
30 118 107.96 107.96
33 118 256.93 256.93
34 118 99.8 99.8
38 118 273.37 273.37
39 118 99.79 99.79
43 118 96.86 96.86
45 118 104.64 104.64
47 118 292.51 292.51
0 119 144.76 144.76
1 119 134.47 134.47
2 119 149.71 149.71
4 119 158.43 158.43
8 119 183.24 183.24
9 119 199.52 199.52
12 119 244.98 244.98
15 119 275.61 275.61
20 119 316.99 316.99
0 120 -142.71 -142.71
1 120 -114.1 -114.1
2 120 -160.6 -160.6
3 120 -127.11 -127.11
4 120 -178.71 -178.71
5 120 -106.75 -106.75
6 120 -198.37 -198.37
7 120 -99.71 -99.71
8 120 -221.11 -221.11
9 120 -247.53 -247.53
11 120 -93.29 -93.29
12 120 -309.54 -309.54
14 120 -276.46 -276.46
15 120 -349.35 -349.35
24 120 254.14 254.14
25 120 182.31 182.31
27 120 219.15 219.15
0 121 -69.81 -69.81
1 121 -53.36 -53.36
2 121 -78.87 -78.87
3 121 -61.76 -61.76
4 121 -86.78 -86.78
5 121 -51.04 -51.04
6 121 -94.66 -94.66
8 121 -103.79 -103.79
9 121 -114.61 -114.61
12 121 -134.56 -134.56
14 121 -124.04 -124.04
15 121 -145.35 -145.35
17 121 -173.4 -173.4
20 121 -159.06 -159.06
33 121 -207.91 -207.91
35 121 -188.43 -188.43
38 121 -233.03 -233.03
47 121 -262.54 -262.54
0 122 -14.56 -14.56
1 122 -5.78 -5.78
2 122 -19.57 -19.57
3 122 -9.48999 -9.48999
4 122 -23.02 -23.02
5 122 -6.32999 -6.32999
7 122 -6.42001 -6.42001
8 122 -29.07 -29.07
9 122 -32.57 -32.57
10 122 -6.63 -6.63
11 122 -6.20999 -6.20999
12 122 -36.76 -36.76
13 122 -6.28 -6.28
14 122 -34.54 -34.54
15 122 -39.2 -39.2
16 122 -8.72 -8.72
17 122 -45.68 -45.68
20 122 -42.37 -42.37
30 122 -12.32 -12.32
33 122 -51.82 -51.82
34 122 -17.11 -17.11
35 122 -48.89 -48.89
38 122 -55.52 -55.52
39 122 -11.77 -11.77
43 122 -17.45 -17.45
45 122 -4.84 -4.84
47 122 -58.37 -58.37
0 123 219.01 219.01
1 123 207.49 207.49
2 123 226.26 226.26
3 123 214.36 214.36
4 123 236.6 236.6
5 123 195.54 195.54
6 123 249.13 249.13
7 123 185.21 185.21
8 123 263.87 263.87
9 123 279.82 279.82
10 123 165.2 165.2
11 123 175.18 175.18
12 123 321.36 321.36
14 123 299.47 299.47
15 123 344.3 344.3
20 123 367.48 367.48
0 124 155.76 155.76
1 124 151.06 151.06
2 124 157.39 157.39
6 124 166.73 166.73
8 124 172.58 172.58
9 124 179.1 179.1
12 124 197.11 197.11
14 124 187.85 187.85
15 124 205.8 205.8
17 124 224.23 224.23
20 124 214.52 214.52
35 124 235.71 235.71
0 125 137.25 137.25
1 125 134.36 134.36
2 125 138.26 138.26
3 125 135.74 135.74
4 125 141.36 141.36
5 125 127.34 127.34
6 125 145.07 145.07
7 125 122.65 122.65
8 125 149.77 149.77
9 125 154.74 154.74
10 125 112.59 112.59
12 125 168.78 168.78
14 125 161.63 161.63
15 125 175.65 175.65
17 125 189.7 189.7
20 125 182.16 182.16
33 125 205.54 205.54
35 125 198.06 198.06
38 125 218.9 218.9
47 125 232.89 232.89
0 126 149.14 149.14
1 126 138.04 138.04
2 126 154.96 154.96
3 126 143.99 143.99
4 126 164.29 164.29
5 126 129.36 129.36
8 126 190.31 190.31
9 126 207.55 207.55
14 126 229.7 229.7
15 126 288.05 288.05
20 126 332.34 332.34
0 127 -7.01999 -7.01999
1 127 4.35998 4.35998
2 127 -14.78 -14.78
3 127 -0.51001 -0.51001
4 127 -21.77 -21.77
5 127 5.07001 5.07001
6 127 -29 -29
8 127 -38.15 -38.15
9 127 -48.19 -48.19
12 127 -75.55 -75.55
14 127 -60.33 -60.33
15 127 -96.32 -96.32
0 128 161.02 161.02
1 128 147.66 147.66
2 128 169.04 169.04
3 128 154.61 154.61
0 129 -33.14 -33.14
1 129 -22.24 -22.24
2 129 -39.81 -39.81
3 129 -26.92 -26.92
4 129 -44.76 -44.76
5 129 -21.49 -21.49
6 129 -49.16 -49.16
7 129 -20.45 -20.45
8 129 -54.81 -54.81
9 129 -60.23 -60.23
10 129 -19.26 -19.26
11 129 -19.67 -19.67
12 129 -71.51 -71.51
13 129 -17.94 -17.94
14 129 -65.21 -65.21
15 129 -76.92 -76.92
16 129 -18.74 -18.74
30 129 -21.68 -21.68
34 129 -26.37 -26.37
39 129 -20.49 -20.49
43 129 -26.46 -26.46
45 129 -13.25 -13.25
0 130 137.59 137.59
1 130 127.58 127.58
3 130 133.41 133.41
4 130 150.29 150.29
5 130 119.72 119.72
7 130 113.44 113.44
8 130 173.48 173.48
9 130 188.93 188.93
10 130 101.79 101.79
11 130 106.8 106.8
12 130 230.8 230.8
14 130 207.62 207.62
15 130 260.16 260.16
17 130 353.54 353.54
20 130 298.26 298.26
22 130 91.03 91.03
0 131 171.11 171.11
1 131 165.97 165.97
4 131 176.98 176.98
6 131 182.16 182.16
8 131 188.27 188.27
9 131 195.16 195.16
12 131 209.7 209.7
14 131 202.23 202.23
15 131 217.46 217.46
17 131 234.27 234.27
20 131 225.4 225.4
33 131 253.92 253.92
35 131 243.71 243.71
38 131 266.39 266.39
47 131 281.3 281.3
0 132 307.88 307.88
1 132 273.03 273.03
4 132 355.9 355.9
7 132 236.37 236.37
11 132 221.73 221.73
13 132 197.04 197.04
30 132 163.64 163.64
34 132 151.58 151.58
0 133 335.98 335.98
1 133 292.94 292.94
2 133 362.37 362.37
3 133 313.26 313.26
5 133 269.64 269.64
7 133 250.62 250.62
10 133 218.7 218.7
11 133 233.98 233.98
13 133 206.32 206.32
22 133 194.04 194.04
0 134 358.98 358.98
1 134 308.77 308.77
2 134 390.29 390.29
3 134 332.36 332.36
5 134 283.14 283.14
7 134 261.92 261.92
11 134 243.5 243.5
0 135 389.52 389.52
1 135 329.64 329.64
3 135 357.22 357.22
5 135 300.13 300.13
7 135 276.52 276.52
11 135 256.16 256.16
0 136 95.45 95.45
1 136 95.03 95.03
3 136 95.91 95.91
5 136 90.62 90.62
7 136 86.68 86.68
10 136 79.85 79.85
11 136 83.37 83.37
13 136 77.31 77.31
16 136 70.16 70.16
22 136 73.66 73.66
30 136 64.31 64.31
34 136 57.21 57.21
0 137 134.84 134.84
1 137 126.43 126.43
2 137 138.9 138.9
3 137 131.42 131.42
5 137 118.61 118.61
7 137 111.54 111.54
10 137 99.52 99.52
11 137 105.41 105.41
13 137 94.98 94.98
16 137 84.53 84.53
39 137 70.28 70.28
45 137 74.9 74.9
0 138 291.09 291.09
1 138 232.44 232.44
3 138 259.06 259.06
5 138 208.2 208.2
7 138 188.52 188.52
10 138 159.17 159.17
11 138 172.5 172.5
13 138 148.15 148.15
16 138 128.19 128.19
22 138 137.21 137.21
39 138 103.11 103.11
43 138 101.79 101.79
0 139 -71.55 -71.55
1 139 -51.64 -51.64
3 139 -61.34 -61.34
5 139 -48.36 -48.36
7 139 -43.39 -43.39
10 139 -37.14 -37.14
11 139 -39.91 -39.91
13 139 -33.3 -33.3
16 139 -30.89 -30.89
22 139 -32.13 -32.13
0 140 306.27 306.27
1 140 264.17 264.17
3 140 282.15 282.15
5 140 240.52 240.52
7 140 224.42 224.42
10 140 194.23 194.23
11 140 208.88 208.88
13 140 183.2 183.2
16 140 161.3 161.3
22 140 171.92 171.92
30 140 149.21 149.21
34 140 138.16 138.16
43 140 132.18 132.18
0 141 162.18 162.18
1 141 150.02 150.02
2 141 168.54 168.54
3 141 157.31 157.31
5 141 139.34 139.34
7 141 129.52 129.52
10 141 114.08 114.08
11 141 121.38 121.38
16 141 96.07 96.07
22 141 101.9 101.9
30 141 88.54 88.54
34 141 80 80
0 142 197.2 197.2
1 142 166.72 166.72
2 142 215.11 215.11
3 142 181.08 181.08
4 142 243.37 243.37
5 142 153.17 153.17
7 142 140.93 140.93
10 142 122.43 122.43
11 142 130.95 130.95
13 142 115.42 115.42
16 142 102.03 102.03
22 142 107.81 107.81
30 142 93.41 93.41
34 142 84.01 84.01
43 142 80.3 80.3
0 143 -69.81 -69.81
1 143 -53.36 -53.36
2 143 -78.87 -78.87
3 143 -61.76 -61.76
4 143 -86.78 -86.78
5 143 -51.04 -51.04
6 143 -94.66 -94.66
7 143 -47.46 -47.46
9 143 -114.61 -114.61
12 143 -134.56 -134.56
14 143 -124.04 -124.04
0 144 -1.09 -1.09
1 144 4.92001 4.92001
3 144 3.42999 3.42999
4 144 -8.14999 -8.14999
5 144 4.26999 4.26999
6 144 -10.14 -10.14
7 144 4.32001 4.32001
10 144 4.01001 4.01001
11 144 4.67999 4.67999
13 144 4.14002 4.14002
16 144 1.51001 1.51001
22 144 2.98999 2.98999
30 144 -2.60998 -2.60998
34 144 -7.78 -7.78
39 144 -3.42001 -3.42001
43 144 -8.82999 -8.82999
45 144 3.13001 3.13001
0 145 -40.5 -40.5
1 145 -23.34 -23.34
2 145 -52.21 -52.21
3 145 -30.51 -30.51
4 145 -64.21 -64.21
5 145 -20.42 -20.42
6 145 -77 -77
7 145 -17.71 -17.71
8 145 -92.93 -92.93
9 145 -112.95 -112.95
10 145 -13.31 -13.31
11 145 -15.02 -15.02
13 145 -11.08 -11.08
14 145 -138.02 -138.02
16 145 -10.1 -10.1
22 145 -10.33 -10.33
30 145 -12.01 -12.01
34 145 -15.89 -15.89
39 145 -8.45001 -8.45001
43 145 -15.23 -15.23
45 145 -1.47 -1.47
0 146 275.89 275.89
1 146 221.99 221.99
3 146 246.11 246.11
5 146 198.04 198.04
7 146 179.45 179.45
10 146 152 152
11 146 164.62 164.62
13 146 141.47 141.47
16 146 122.97 122.97
22 146 131.43 131.43
30 146 112.27 112.27
34 146 102.42 102.42
39 146 99.16 99.16
43 146 97.55 97.55
45 146 102 102
0 147 -2 -2
1 147 8.44 8.44
2 147 -7.64002 -7.64002
3 147 5.39002 5.39002
5 147 6.98001 6.98001
7 147 5.64002 5.64002
10 147 8.19 8.19
11 147 8.72 8.72
13 147 9.53 9.53
16 147 8.70999 8.70999
22 147 9.01001 9.01001
30 147 5.41 5.41
34 147 0.130005 0.130005
39 147 4.85001 4.85001
43 147 -0.529999 -0.529999
45 147 11.46 11.46
0 148 355.19 355.19
1 148 306.27 306.27
3 148 329.2 329.2
5 148 280.95 280.95
7 148 260.27 260.27
10 148 225.93 225.93
11 148 242.39 242.39
13 148 212.7 212.7
22 148 199.45 199.45
0 149 -316.32 -316.32
1 149 -230.39 -230.39
3 149 -266.79 -266.79
23 149 41.5 41.5
25 149 -249.01 -249.01
26 149 146.28 146.28
28 149 196.34 196.34
29 149 247.75 247.75
31 149 -318.31 -318.31
36 149 296.83 296.83
37 149 -387.6 -387.6
42 149 341.98 341.98
0 150 -284.1 -284.1
1 150 -208.26 -208.26
2 150 -340.76 -340.76
3 150 -241.28 -241.28
5 150 -186.43 -186.43
26 150 179.33 179.33
28 150 228.28 228.28
29 150 278.94 278.94
0 151 -151.56 -151.56
1 151 -121.25 -121.25
2 151 -170.06 -170.06
3 151 -135.02 -135.02
4 151 -189.48 -189.48
5 151 -113.39 -113.39
6 151 -209.98 -209.98
8 151 -234.52 -234.52
9 151 -262.27 -262.27
12 151 -329.88 -329.88
14 151 -293.34 -293.34
15 151 -373.3 -373.3
18 151 269.86 269.86
19 151 302.91 302.91
24 151 235.73 235.73
25 151 163.8 163.8
27 151 201.16 201.16
37 151 88.32 88.32
40 151 -81.33 -81.33
0 152 -262.55 -262.55
1 152 -195.49 -195.49
2 152 -310.57 -310.57
3 152 -224.69 -224.69
5 152 -175.9 -175.9
7 152 -159 -159
18 152 4.03 4.03
19 152 56.05 56.05
24 152 -48.74 -48.74
25 152 -163.02 -163.02
27 152 -102.63 -102.63
28 152 253.25 253.25
29 152 302.2 302.2
31 152 -226.4 -226.4
32 152 -355.55 -355.55
36 152 349.35 349.35
37 152 -289.99 -289.99
0 153 -128.26 -128.26
1 153 -101.51 -101.51
2 153 -145.07 -145.07
4 153 -162.24 -162.24
5 153 -94.74 -94.74
8 153 -201.99 -201.99
9 153 -227.16 -227.16
11 153 -82.06 -82.06
14 153 -254.3 -254.3
19 153 347.15 347.15
24 153 276.51 276.51
0 154 -123.12 -123.12
1 154 -94.73 -94.73
3 154 -108.58 -108.58
4 154 -160.58 -160.58
5 154 -88.3 -88.3
7 154 -80.95 -80.95
8 154 -208.93 -208.93
10 154 -70.14 -70.14
11 154 -75.14 -75.14
13 154 -64.35 -64.35
14 154 -270.74 -270.74
16 154 -58.81 -58.81
22 154 -61.15 -61.15
30 154 -59.73 -59.73
34 154 -61.4 -61.4
39 154 -50.2 -50.2
43 154 -58.63 -58.63
45 154 -40.86 -40.86
0 155 307.88 307.88
1 155 273.03 273.03
2 155 328.73 328.73
4 155 355.9 355.9
7 155 236.37 236.37
11 155 221.73 221.73
13 155 197.04 197.04
22 155 185.75 185.75
30 155 163.64 163.64
34 155 151.58 151.58
0 156 229.71 229.71
1 156 213.91 213.91
2 156 237.84 237.84
3 156 221.99 221.99
4 156 249.8 249.8
6 156 263.91 263.91
8 156 280.05 280.05
9 156 298.65 298.65
14 156 320.47 320.47
0 157 -53.49 -53.49
1 157 -39.05 -39.05
3 157 -46.21 -46.21
4 157 -67.73 -67.73
5 157 -37.57 -37.57
7 157 -34.66 -34.66
11 157 -32.76 -32.76
22 157 -28.79 -28.79
30 157 -31.54 -31.54
34 157 -35.06 -35.06
39 157 -27.54 -27.54
43 157 -34.01 -34.01
45 157 -19.74 -19.74
0 158 109.18 109.18
1 158 111.76 111.76
2 158 107.41 107.41
3 158 110.81 110.81
4 158 107.75 107.75
7 158 104.79 104.79
8 158 109.66 109.66
9 158 110.33 110.33
13 158 95.87 95.87
16 158 89.16 89.16
30 158 83.41 83.41
34 158 76.32 76.32
39 158 78 78
43 158 73.88 73.88
45 158 83.49 83.49
0 159 -176.76 -176.76
1 159 -138.59 -138.59
2 159 -201.9 -201.9
3 159 -155.55 -155.55
4 159 -228.67 -228.67
5 159 -128.18 -128.18
6 159 -259.61 -259.61
8 159 -296.77 -296.77
9 159 -342.6 -342.6
18 159 185.36 185.36
19 159 225.72 225.72
21 159 305.57 305.57
23 159 266.11 266.11
24 159 145.33 145.33
26 159 344.17 344.17
27 159 104.68 104.68
0 160 -70.79 -70.79
1 160 -54.63 -54.63
2 160 -79.87 -79.87
3 160 -62.63 -62.63
4 160 -87.7 -87.7
5 160 -52.17 -52.17
7 160 -48.89 -48.89
10 160 -44.76 -44.76
11 160 -46.51 -46.51
0 161 248.44 248.44
1 161 202.43 202.43
2 161 281.89 281.89
3 161 223.3 223.3
4 161 332.07 332.07
7 161 165.8 165.8
10 161 141.16 141.16
11 161 152.5 152.5
13 161 131.75 131.75
0 162 -42.9 -42.9
1 162 -23.86 -23.86
2 162 -56.5 -56.5
3 162 -31.26 -31.26
5 162 -19.81 -19.81
7 162 -16.78 -16.78
10 162 -11.95 -11.95
11 162 -13.77 -13.77
0 163 -77.99 -77.99
1 163 -49.88 -49.88
3 163 -61.81 -61.81
4 163 -117.79 -117.79
6 163 -146.9 -146.9
10 163 -29.32 -29.32
11 163 -33.39 -33.39
13 163 -25.19 -25.19
34 163 -26.38 -26.38
43 163 -24.77 -24.77
0 164 -119.75 -119.75
1 164 -93.58 -93.58
2 164 -137.09 -137.09
3 164 -103.87 -103.87
4 164 -153.6 -153.6
5 164 -87.67 -87.67
6 164 -172.47 -172.47
7 164 -81.22 -81.22
8 164 -191.9 -191.9
9 164 -218.96 -218.96
10 164 -71.47 -71.47
11 164 -75.65 -75.65
13 164 -66.39 -66.39
14 164 -246.96 -246.96
16 164 -60.24 -60.24
22 164 -62.94 -62.94
0 165 -143.01 -143.01
1 165 -102.18 -102.18
3 165 -119.86 -119.86
5 165 -90.69 -90.69
7 165 -81.08 -81.08
10 165 -66.09 -66.09
11 165 -72.89 -72.89
13 165 -59.53 -59.53
16 165 -51.65 -51.65
22 165 -55.08 -55.08
30 165 -50.94 -50.94
34 165 -52.8 -52.8
39 165 -41.89 -41.89
43 165 -50.37 -50.37
45 165 -33.27 -33.27
0 166 100.79 100.79
1 166 99.44 99.44
3 166 100.98 100.98
5 166 94.67 94.67
7 166 90.64 90.64
11 166 87.1 87.1
13 166 80.59 80.59
22 166 76.52 76.52
34 166 60.07 60.07
0 167 -233.18 -233.18
1 167 -163.36 -163.36
2 167 -285.8 -285.8
3 167 -193.31 -193.31
4 167 -357.37 -357.37
7 167 -127.24 -127.24
10 167 -103.09 -103.09
11 167 -114.01 -114.01
26 167 214.61 214.61
28 167 277.51 277.51
0 168 -96.33 -96.33
1 168 -62.57 -62.57
3 168 -79.28 -79.28
5 168 -55.28 -55.28
7 168 -49.1 -49.1
10 168 -39.49 -39.49
11 168 -43.7 -43.7
13 168 -35.16 -35.16
22 168 -32.67 -32.67
30 168 -31.58 -31.58
43 168 -32.44 -32.44
0 169 129.96 129.96
1 169 121.75 121.75
2 169 133.64 133.64
3 169 126.15 126.15
4 169 140.42 140.42
5 169 114.44 114.44
7 169 108.18 108.18
11 169 102.62 102.62
13 169 93.27 93.27
22 169 88.15 88.15
34 169 69.13 69.13
39 169 69.98 69.98
43 169 66.55 66.55
0 170 -333.25 -333.25
1 170 -214.25 -214.25
3 170 -262.36 -262.36
26 170 83.86 83.86
28 170 160.26 160.26
29 170 233.81 233.81
36 170 302.73 302.73
0 171 -346.79 -346.79
1 171 -215.15 -215.15
3 171 -267.91 -267.91
26 171 58.13 58.13
28 171 142.5 142.5
29 171 221.89 221.89
36 171 296.77 296.77
0 172 -177.1 -177.1
1 172 -125.82 -125.82
2 172 -214.55 -214.55
3 172 -147.45 -147.45
4 172 -262.33 -262.33
5 172 -111.66 -111.66
6 172 -326.89 -326.89
18 172 21.88 21.88
19 172 98.75 98.75
21 172 239.82 239.82
23 172 171.37 171.37
26 172 303.86 303.86
28 172 365.78 365.78
0 173 92 92
1 173 95.19 95.19
2 173 90.02 90.02
3 173 93.75 93.75
4 173 90.34 90.34
6 173 91.17 91.17
8 173 91.94 91.94
0 174 -125.08 -125.08
1 174 -96.08 -96.08
2 174 -143.26 -143.26
3 174 -110.37 -110.37
4 174 -162.92 -162.92
6 174 -185.03 -185.03
8 174 -211.68 -211.68
9 174 -243.87 -243.87
12 174 -323.93 -323.93
14 174 -278.83 -278.83
0 175 -46.58 -46.58
1 175 -33.2 -33.2
2 175 -53.99 -53.99
3 175 -39.99 -39.99
4 175 -59.65 -59.65
6 175 -66.55 -66.55
8 175 -73.08 -73.08
9 175 -81.01 -81.01
0 176 -27.96 -27.96
1 176 -19.53 -19.53
2 176 -33.19 -33.19
3 176 -23.06 -23.06
4 176 -36.27 -36.27
6 176 -38.98 -38.98
8 176 -41.39 -41.39
0 177 215.87 215.87
1 177 191.08 191.08
2 177 231.21 231.21
3 177 201.84 201.84
4 177 252.16 252.16
6 177 277.69 277.69
8 177 309.42 309.42
9 177 348.61 348.61
0 178 135.92 135.92
1 178 135.19 135.19
2 178 135.09 135.09
3 178 136.17 136.17
4 178 136.24 136.24
6 178 138.54 138.54
8 178 141.02 141.02
9 178 143.3 143.3
0 179 -5.22 -5.22
1 179 1.95001 1.95001
2 179 -10.29 -10.29
4 179 -12.9 -12.9
5 179 1.48999 1.48999
6 179 -14.98 -14.98
8 179 -16.94 -16.94
9 179 -18.94 -18.94
0 180 -111.26 -111.26
1 180 -76.3 -76.3
2 180 -136.61 -136.61
4 180 -166.68 -166.68
6 180 -205.75 -205.75
8 180 -259.62 -259.62
9 180 -343.18 -343.18
18 180 141.85 141.85
19 180 226.39 226.39
23 180 306.42 306.42
24 180 51 51
0 181 -111.26 -111.26
1 181 -76.3 -76.3
2 181 -136.61 -136.61
4 181 -166.68 -166.68
6 181 -205.75 -205.75
8 181 -259.62 -259.62
23 181 306.42 306.42
0 182 -67.14 -67.14
1 182 -47.83 -47.83
2 182 -79.29 -79.29
4 182 -91.41 -91.41
5 182 -44.78 -44.78
6 182 -105.1 -105.1
7 182 -40.25 -40.25
8 182 -120.26 -120.26
11 182 -36.79 -36.79
0 183 -11.12 -11.12
1 183 -3.82999 -3.82999
2 183 -16.18 -16.18
3 183 -6.63 -6.63
4 183 -19.15 -19.15
6 183 -21.63 -21.63
8 183 -23.66 -23.66
0 184 201.81 201.81
1 184 175.32 175.32
2 184 218.36 218.36
3 184 187.09 187.09
4 184 242.83 242.83
6 184 275.34 275.34
0 185 201.81 201.81
1 185 175.32 175.32
2 185 218.36 218.36
6 185 275.34 275.34
0 186 -122.41 -122.41
1 186 -85.42 -85.42
2 186 -149.21 -149.21
6 186 -225.68 -225.68
0 187 202.17 202.17
1 187 180.89 180.89
2 187 216.55 216.55
3 187 189.98 189.98
4 187 235.5 235.5
5 187 166.78 166.78
6 187 258.96 258.96
7 187 157.33 157.33
8 187 287.89 287.89
9 187 324.84 324.84
10 187 138.4 138.4
11 187 147.81 147.81
13 187 131.43 131.43
30 187 107.51 107.51
39 187 97.92 97.92
0 188 49.06 49.06
1 188 54.4 54.4
2 188 45.22 45.22
5 188 52.94 52.94
6 188 41.12 41.12
7 188 50.82 50.82
0 189 -134.15 -134.15
1 189 -106.84 -106.84
2 189 -151.19 -151.19
3 189 -119.16 -119.16
4 189 -168.68 -168.68
5 189 -99.9 -99.9
6 189 -187.45 -187.45
7 189 -93.14 -93.14
8 189 -209.09 -209.09
9 189 -234.56 -234.56
15 189 -333.52 -333.52
18 189 302.9 302.9
19 189 336.9 336.9
23 189 372.7 372.7
24 189 268.45 268.45
27 189 233.44 233.44
0 190 53.16 53.16
1 190 59.17 59.17
2 190 48.65 48.65
5 190 58.29 58.29
6 190 44.04 44.04
0 191 -125.04 -125.04
1 191 -96.34 -96.34
2 191 -142.98 -142.98
3 191 -110.43 -110.43
5 191 -89.84 -89.84
6 191 -184.76 -184.76
8 191 -211.73 -211.73
9 191 -245.05 -245.05
0 192 208.39 208.39
1 192 184.75 184.75
2 192 223.91 223.91
3 192 194.32 194.32
4 192 244.43 244.43
5 192 170.48 170.48
6 192 270.2 270.2
0 193 208.39 208.39
1 193 184.75 184.75
2 193 223.91 223.91
3 193 194.32 194.32
4 193 244.43 244.43
5 193 170.48 170.48
6 193 270.2 270.2
0 194 -56.12 -56.12
1 194 -35.85 -35.85
2 194 -70.01 -70.01
3 194 -44.28 -44.28
4 194 -84.92 -84.92
5 194 -31.66 -31.66
6 194 -101.13 -101.13
7 194 -28.24 -28.24
8 194 -121.31 -121.31
9 194 -146.34 -146.34
10 194 -22.13 -22.13
11 194 -24.61 -24.61
13 194 -19.47 -19.47
14 194 -177.22 -177.22
16 194 -17.44 -17.44
22 194 -18.14 -18.14
30 194 -19.51 -19.51
0 195 -50.55 -50.55
1 195 -29.11 -29.11
2 195 -65.1 -65.1
6 195 -103.3 -103.3
8 195 -132.19 -132.19
0 196 -60.82 -60.82
1 196 -45.11 -45.11
2 196 -69.23 -69.23
3 196 -52.96 -52.96
5 196 -43.32 -43.32
6 196 -83.91 -83.91
7 196 -39.88 -39.88
9 196 -102.17 -102.17
10 196 -36.12 -36.12
11 196 -37.87 -37.87
13 196 -33.25 -33.25
22 196 -31.26 -31.26
0 197 -112.27 -112.27
1 197 -87.02 -87.02
2 197 -128.21 -128.21
3 197 -98.66 -98.66
5 197 -81.18 -81.18
0 198 -142.1 -142.1
1 198 -113.45 -113.45
2 198 -160.73 -160.73
3 198 -126.74 -126.74
4 198 -179.07 -179.07
5 198 -105.68 -105.68
6 198 -199.38 -199.38
7 198 -95.74 -95.74
8 198 -222.74 -222.74
9 198 -249.56 -249.56
12 198 -316.94 -316.94
14 198 -280.85 -280.85
0 199 -73.7 -73.7
1 199 -54.75 -54.75
2 199 -87.69 -87.69
3 199 -63.2 -63.2
5 199 -51.39 -51.39
6 199 -113.78 -113.78
0 200 -128.86 -128.86
1 200 -102.69 -102.69
2 200 -145.38 -145.38
3 200 -114.5 -114.5
4 200 -161.84 -161.84
5 200 -96.19 -96.19
6 200 -179.44 -179.44
7 200 -89.96 -89.96
10 200 -79.38 -79.38
11 200 -84.19 -84.19
13 200 -74.34 -74.34
16 200 -68.34 -68.34
22 200 -71.12 -71.12
0 201 267.72 267.72
1 201 215.91 215.91
11 201 161.31 161.31
0 202 262.62 262.62
1 202 212.57 212.57
4 202 353.21 353.21
0 203 -280.81 -280.81
1 203 -207.25 -207.25
2 203 -334.33 -334.33
3 203 -239.5 -239.5
18 203 -23.62 -23.62
21 203 134.69 134.69
24 203 -78.3 -78.3
26 203 184.23 184.23
27 203 -133.64 -133.64
28 203 232.78 232.78
29 203 282.42 282.42
36 203 330.37 330.37
42 203 375.13 375.13
0 204 298.97 298.97
1 204 256.06 256.06
2 204 327.93 327.93
7 204 217.3 217.3
0 205 -289.75 -289.75
1 205 -212.56 -212.56
2 205 -346.28 -346.28
3 205 -246.02 -246.02
28 205 223.44 223.44
29 205 273.36 273.36
36 205 322.07 322.07
42 205 367.61 367.61
0 206 -181.73 -181.73
1 206 -124.83 -124.83
3 206 -152.4 -152.4
5 206 -110.72 -110.72
7 206 -96.83 -96.83
10 206 -79.6 -79.6
11 206 -86.98 -86.98
0 207 184.83 184.83
1 207 161.55 161.55
2 207 199.52 199.52
3 207 172.74 172.74
4 207 220.86 220.86
5 207 148.75 148.75
7 207 137.57 137.57
8 207 287.99 287.99
9 207 342.8 342.8
10 207 120.61 120.61
11 207 128.5 128.5
13 207 113.66 113.66
16 207 99.77 99.77
22 207 106.86 106.86
0 208 243.37 243.37
1 208 212.7 212.7
2 208 264.18 264.18
3 208 225.08 225.08
5 208 194.15 194.15
7 208 181.77 181.77
10 208 157.8 157.8
13 208 149.5 149.5
22 208 140.15 140.15
0 209 -82.7 -82.7
1 209 -62.62 -62.62
2 209 -94.44 -94.44
3 209 -72.44 -72.44
5 209 -59.07 -59.07
7 209 -54.43 -54.43
10 209 -48.41 -48.41
11 209 -51.02 -51.02
0 210 -42.57 -42.57
1 210 -29.89 -29.89
2 210 -50.56 -50.56
3 210 -35.17 -35.17
4 210 -55.49 -55.49
5 210 -28.31 -28.31
6 210 -63.36 -63.36
7 210 -27.6 -27.6
8 210 -73.34 -73.34
10 210 -26.26 -26.26
11 210 -26.48 -26.48
13 210 -24.51 -24.51
0 211 -266.68 -266.68
1 211 -176.85 -176.85
3 211 -215.01 -215.01
5 211 -151.62 -151.62
7 211 -130.95 -130.95
10 211 -103.11 -103.11
11 211 -115.52 -115.52
13 211 -91.59 -91.59
22 211 -83.53 -83.53
28 211 226.27 226.27
29 211 296.22 296.22
0 212 -62.12 -62.12
1 212 -46.8 -46.8
5 212 -44.87 -44.87
7 212 -41.75 -41.75
10 212 -38.37 -38.37
11 212 -39.56 -39.56
13 212 -36.48 -36.48
22 212 -35.78 -35.78
0 213 274.02 274.02
1 213 247.8 247.8
3 213 260.59 260.59
5 213 231.37 231.37
7 213 217.56 217.56
10 213 193.38 193.38
11 213 204.98 204.98
13 213 183.77 183.77
16 213 164.25 164.25
0 214 -33.99 -33.99
1 214 -24 -24
3 214 -28.87 -28.87
5 214 -23.45 -23.45
7 214 -21.88 -21.88
10 214 -21.18 -21.18
11 214 -20.97 -20.97
13 214 -20.31 -20.31
22 214 -21.03 -21.03
0 215 132.46 132.46
1 215 124.73 124.73
2 215 136.88 136.88
5 215 117.14 117.14
7 215 110.16 110.16
10 215 99.18 99.18
11 215 104.56 104.56
13 215 94.94 94.94
16 215 85.42 85.42
22 215 90.34 90.34
30 215 77.98 77.98
34 215 70.11 70.11
39 215 71.32 71.32
43 215 67.36 67.36
45 215 75.36 75.36
0 216 267.72 267.72
1 216 215.91 215.91
2 216 306.21 306.21
3 216 239.31 239.31
4 216 363.73 363.73
5 216 193.68 193.68
7 216 175.93 175.93
10 216 149.16 149.16
13 216 138.63 138.63
0 217 -33.25 -33.25
1 217 -20.56 -20.56
2 217 -40.05 -40.05
3 217 -26.88 -26.88
4 217 -45.45 -45.45
5 217 -19.75 -19.75
7 217 -17.67 -17.67
10 217 -16.26 -16.26
11 217 -16.64 -16.64
13 217 -14.74 -14.74
16 217 -15.32 -15.32
22 217 -14.93 -14.93
30 217 -18.25 -18.25
39 217 -15.48 -15.48
43 217 -21.72 -21.72
0 218 -43.14 -43.14
1 218 -23.5 -23.5
2 218 -57.34 -57.34
3 218 -31.72 -31.72
4 218 -72.82 -72.82
5 218 -19.96 -19.96
6 218 -91.39 -91.39
7 218 -16.57 -16.57
8 218 -115.42 -115.42
10 218 -11.52 -11.52
11 218 -13.93 -13.93
13 218 -9.22 -9.22
0 219 -18.22 -18.22
1 219 -9.63001 -9.63001
2 219 -23.29 -23.29
3 219 -13.56 -13.56
4 219 -26.7 -26.7
5 219 -9.95001 -9.95001
7 219 -9.67999 -9.67999
0 220 328.11 328.11
1 220 287.62 287.62
2 220 352.73 352.73
3 220 307.18 307.18
4 220 385.96 385.96
0 221 203.2 203.2
1 221 182.4 182.4
3 221 190.97 190.97
5 221 168.11 168.11
7 221 158.54 158.54
10 221 139.27 139.27
11 221 148.93 148.93
0 222 257.52 257.52
1 222 226.41 226.41
2 222 277.65 277.65
3 222 239.96 239.96
4 222 304.04 304.04
5 222 207.93 207.93
6 222 338.03 338.03
7 222 194.44 194.44
8 222 381.64 381.64
10 222 169.77 169.77
11 222 181.69 181.69
13 222 160.71 160.71
22 222 150.94 150.94
0 223 -120.03 -120.03
1 223 -95.73 -95.73
2 223 -135.37 -135.37
3 223 -106.54 -106.54
4 223 -150.3 -150.3
5 223 -89.78 -89.78
6 223 -166.24 -166.24
7 223 -84.12 -84.12
10 223 -74.51 -74.51
11 223 -78.86 -78.86
13 223 -69.94 -69.94
22 223 -66.86 -66.86
0 224 287.48 287.48
1 224 229.49 229.49
2 224 330.64 330.64
4 224 395.69 395.69
5 224 205.62 205.62
7 224 185.79 185.79
10 224 156.95 156.95
11 224 170.61 170.61
0 225 287.48 287.48
1 225 229.49 229.49
2 225 330.64 330.64
4 225 395.69 395.69
5 225 205.62 205.62
7 225 185.79 185.79
10 225 156.95 156.95
11 225 170.61 170.61
0 226 130.04 130.04
1 226 129.49 129.49
2 226 129.08 129.08
3 226 130.68 130.68
5 226 124.51 124.51
7 226 120.13 120.13
10 226 112.34 112.34
11 226 116.28 116.28
0 227 248.44 248.44
1 227 202.43 202.43
2 227 281.89 281.89
3 227 223.3 223.3
5 227 182.12 182.12
7 227 165.8 165.8
10 227 141.16 141.16
11 227 152.5 152.5
13 227 131.75 131.75
0 228 243.23 243.23
1 228 197.88 197.88
3 228 218.66 218.66
0 229 219.4 219.4
1 229 205.89 205.89
2 229 226.69 226.69
3 229 213.57 213.57
5 229 194.4 194.4
6 229 249.91 249.91
7 229 184.74 184.74
0 230 226.42 226.42
1 230 211.45 211.45
2 230 234.24 234.24
3 230 219.07 219.07
4 230 245.53 245.53
5 230 199.77 199.77
6 230 258.98 258.98
7 230 189.45 189.45
0 231 2.35998 2.35998
1 231 9.47 9.47
2 231 -2.41 -2.41
3 231 6.60001 6.60001
4 231 -5.23001 -5.23001
5 231 8.28 8.28
6 231 -7.17001 -7.17001
7 231 7.47 7.47
8 231 -9.10998 -9.10998
9 231 -11.29 -11.29
0 232 189.33 189.33
1 232 167.99 167.99
2 232 203.76 203.76
3 232 178.34 178.34
4 232 223.61 223.61
5 232 154.74 154.74
0 233 -124.93 -124.93
1 233 -98.41 -98.41
2 233 -141.12 -141.12
3 233 -110.48 -110.48
4 233 -157.37 -157.37
6 233 -175.43 -175.43
7 233 -85.63 -85.63
8 233 -196.24 -196.24
10 233 -75.44 -75.44
13 233 -70.53 -70.53
0 234 -124.93 -124.93
1 234 -98.41 -98.41
2 234 -141.12 -141.12
3 234 -110.48 -110.48
4 234 -157.37 -157.37
5 234 -91.96 -91.96
6 234 -175.43 -175.43
7 234 -85.63 -85.63
10 234 -75.44 -75.44
13 234 -70.53 -70.53
0 235 -164.38 -164.38
1 235 -129.2 -129.2
3 235 -144.61 -144.61
4 235 -210.71 -210.71
6 235 -239.36 -239.36
7 235 -110.51 -110.51
26 235 368.33 368.33
0 236 -54.13 -54.13
1 236 -40.62 -40.62
2 236 -62.44 -62.44
3 236 -46.28 -46.28
4 236 -69.42 -69.42
5 236 -39.21 -39.21
6 236 -76.93 -76.93
7 236 -37.69 -37.69
8 236 -84.16 -84.16
9 236 -92.34 -92.34
11 236 -36.23 -36.23
0 237 -7.01999 -7.01999
1 237 4.35998 4.35998
3 237 -0.51001 -0.51001
4 237 -22.11 -22.11
5 237 5.07001 5.07001
0 238 -138.6 -138.6
1 238 -109.72 -109.72
2 238 -157.22 -157.22
3 238 -122.09 -122.09
4 238 -176.57 -176.57
5 238 -101.78 -101.78
6 238 -197.74 -197.74
7 238 -94.77 -94.77
0 239 -15.24 -15.24
1 239 -3.06 -3.06
3 239 -8.14999 -8.14999
4 239 -31.87 -31.87
6 239 -39.83 -39.83
0 240 -173.53 -173.53
1 240 -136.17 -136.17
2 240 -197.93 -197.93
3 240 -152.8 -152.8
4 240 -224.09 -224.09
5 240 -125.83 -125.83
0 241 236.12 236.12
1 241 193.16 193.16
3 241 212.3 212.3
4 241 311.43 311.43
5 241 174.55 174.55
6 241 378.86 378.86
0 242 -142.71 -142.71
1 242 -114.1 -114.1
2 242 -160.6 -160.6
3 242 -127.11 -127.11
4 242 -178.71 -178.71
5 242 -106.75 -106.75
6 242 -198.37 -198.37
7 242 -99.71 -99.71
8 242 -221.11 -221.11
11 242 -93.29 -93.29
0 243 -128.86 -128.86
1 243 -102.69 -102.69
2 243 -145.38 -145.38
3 243 -114.5 -114.5
4 243 -161.84 -161.84
5 243 -96.19 -96.19
6 243 -179.44 -179.44
7 243 -89.96 -89.96
8 243 -199.77 -199.77
9 243 -223.15 -223.15
11 243 -84.19 -84.19
12 243 -279.58 -279.58
14 243 -248.61 -248.61
18 243 318.32 318.32
0 244 206.77 206.77
1 244 225.99 225.99
0 245 275.68 275.68
1 245 221.21 221.21
3 245 245.73 245.73
4 245 375.7 375.7
7 245 180.29 180.29
10 245 153.06 153.06
16 245 123.73 123.73
22 245 132.07 132.07
0 246 196.34 196.34
1 246 170.2 170.2
2 246 213.04 213.04
3 246 182.8 182.8
4 246 236.98 236.98
5 246 156.24 156.24
6 246 269.54 269.54
7 246 144.64 144.64
8 246 313.57 313.57
9 246 376.79 376.79
11 246 134.57 134.57
0 247 -11.2 -11.2
1 247 0.670013 0.670013
2 247 -19.68 -19.68
3 247 -4 -4
4 247 -27.01 -27.01
5 247 1.81 1.81
6 247 -34.98 -34.98
8 247 -44.24 -44.24
9 247 -56.01 -56.01
12 247 -87.14 -87.14
14 247 -69.88 -69.88
0 248 -372.47 -372.47
1 248 -225.03 -225.03
3 248 -283.77 -283.77
5 248 -188.5 -188.5
13 248 -106.95 -106.95
28 248 123.26 123.26
29 248 204.61 204.61
36 248 279.95 279.95
0 249 -276.91 -276.91
1 249 -204.33 -204.33
2 249 -331.28 -331.28
3 249 -235.62 -235.62
5 249 -182.24 -182.24
21 249 134.62 134.62
26 249 185.39 185.39
28 249 235.12 235.12
29 249 285.91 285.91
36 249 334.8 334.8
0 250 -270.09 -270.09
1 250 -201.05 -201.05
2 250 -319.91 -319.91
3 250 -230.98 -230.98
28 250 244.59 244.59
29 250 293.54 293.54
36 250 340.79 340.79
0 251 -372.47 -372.47
1 251 -225.03 -225.03
3 251 -283.77 -283.77
5 251 -188.5 -188.5
28 251 123.26 123.26
0 252 -279.94 -279.94
1 252 -206.57 -206.57
2 252 -332.69 -332.69
3 252 -238.96 -238.96
18 252 -20.72 -20.72
24 252 -74.72 -74.72
26 252 185.76 185.76
27 252 -130.76 -130.76
28 252 234.01 234.01
29 252 283.2 283.2
36 252 330.91 330.91
0 253 -267.93 -267.93
1 253 -200.15 -200.15
2 253 -317.27 -317.27
3 253 -230.35 -230.35
5 253 -179.43 -179.43
26 253 199.77 199.77
28 253 246.97 246.97
29 253 295.86 295.86
0 254 -271.13 -271.13
1 254 -204.98 -204.98
3 254 -234.55 -234.55
26 254 197.11 197.11
28 254 244.14 244.14
29 254 292.13 292.13
36 254 337.81 337.81
0 255 132.17 132.17
1 255 129.43 129.43
2 255 132.51 132.51
3 255 130.9 130.9
4 255 135.52 135.52
5 255 122.83 122.83
6 255 138.56 138.56
8 255 142.94 142.94
10 255 108.96 108.96
11 255 113.62 113.62
13 255 105.86 105.86
16 255 97.15 97.15
22 255 101.62 101.62
0 256 166.76 166.76
1 256 161.41 161.41
2 256 167.97 167.97
3 256 164.74 164.74
6 256 178.05 178.05
10 256 137.13 137.13
11 256 142.79 142.79
13 256 132.79 132.79
16 256 121.92 121.92
22 256 127.17 127.17
30 256 114.43 114.43
43 256 102.43 102.43
0 257 311.07 311.07
1 257 275.83 275.83
2 257 331.84 331.84
3 257 293.19 293.19
4 257 359.56 359.56
5 257 255.8 255.8
0 258 390 390
1 258 329.85 329.85
0 259 278.69 278.69
1 259 251.51 251.51
3 259 264.72 264.72
5 259 234.54 234.54
0 260 369.43 369.43
1 260 315.74 315.74
3 260 340.93 340.93
0 261 139.3 139.3
1 261 137 137
4 261 142.98 142.98
14 261 160.73 160.73
0 262 -76.52 -76.52
1 262 -55.96 -55.96
2 262 -89.83 -89.83
3 262 -65.95 -65.95
4 262 -103.12 -103.12
5 262 -52.43 -52.43
7 262 -47.23 -47.23
0 263 -123.12 -123.12
1 263 -94.73 -94.73
3 263 -108.58 -108.58
4 263 -160.58 -160.58
5 263 -88.3 -88.3
7 263 -80.95 -80.95
11 263 -75.14 -75.14
13 263 -64.35 -64.35
0 264 -34.95 -34.95
1 264 -22.29 -22.29
3 264 -28.75 -28.75
5 264 -21.27 -21.27
7 264 -19.5 -19.5
10 264 -17.67 -17.67
11 264 -18.34 -18.34
0 265 -111.69 -111.69
1 265 -84.58 -84.58
2 265 -128.77 -128.77
3 265 -97.91 -97.91
4 265 -147.61 -147.61
0 266 -153.1 -153.1
1 266 -109.24 -109.24
2 266 -187.19 -187.19
3 266 -127.7 -127.7
0 267 -112.27 -112.27
1 267 -87.02 -87.02
2 267 -128.21 -128.21
3 267 -98.66 -98.66
5 267 -81.18 -81.18
0 268 -116.37 -116.37
1 268 -88.25 -88.25
2 268 -133.96 -133.96
3 268 -102.01 -102.01
4 268 -153.43 -153.43
0 269 285.64 285.64
1 269 228.36 228.36
2 269 329.23 329.23
3 269 255.29 255.29
4 269 392.33 392.33
0 270 148.27 148.27
1 270 144.66 144.66
2 270 149.75 149.75
4 270 153.27 153.27
5 270 137.48 137.48
11 270 127.02 127.02
13 270 118.01 118.01
0 271 -116.37 -116.37
1 271 -88.25 -88.25
2 271 -133.96 -133.96
4 271 -153.43 -153.43
5 271 -82.28 -82.28
7 271 -74.78 -74.78
0 272 191.1 191.1
1 272 165.93 165.93
2 272 206.18 206.18
4 272 229.25 229.25
0 273 269.05 269.05
1 273 235.9 235.9
2 273 289.39 289.39
5 273 217.22 217.22
6 273 351.79 351.79
10 273 177.17 177.17
0 274 153.91 153.91
1 274 140.01 140.01
2 274 161.49 161.49
3 274 146.99 146.99
4 274 172.95 172.95
0 275 -34.35 -34.35
1 275 -16.69 -16.69
2 275 -46.77 -46.77
3 275 -23.86 -23.86
5 275 -13.46 -13.46
7 275 -11.41 -11.41
0 276 -113.13 -113.13
1 276 -90.34 -90.34
2 276 -127.34 -127.34
3 276 -100.49 -100.49
0 277 141.24 141.24
1 277 129.71 129.71
2 277 147.33 147.33
4 277 157.73 157.73
0 278 273.19 273.19
1 278 238.91 238.91
2 278 295.32 295.32
0 279 292.57 292.57
1 279 251.39 251.39
2 279 320.17 320.17
3 279 268.79 268.79
5 279 228.89 228.89
0 280 -43.88 -43.88
1 280 -30.68 -30.68
2 280 -51.12 -51.12
3 280 -37.26 -37.26
0 281 76.89 76.89
1 281 72.95 72.95
2 281 80.12 80.12
3 281 75.27 75.27
0 282 178.68 178.68
1 282 157.65 157.65
2 282 191.9 191.9
0 283 -72.43 -72.43
1 283 -50.44 -50.44
2 283 -87.02 -87.02
3 283 -59.99 -59.99
0 284 -80.1 -80.1
1 284 -53.09 -53.09
2 284 -99.45 -99.45
3 284 -64.71 -64.71
0 285 162.18 162.18
1 285 150.02 150.02
2 285 168.54 168.54
3 285 157.31 157.31
5 285 139.34 139.34
0 286 200.01 200.01
1 286 179.25 179.25
2 286 213.93 213.93
3 286 188.04 188.04
7 286 155.41 155.41
0 287 -124.71 -124.71
1 287 -100.89 -100.89
2 287 -140.08 -140.08
3 287 -110.88 -110.88
5 287 -94.58 -94.58
7 287 -88.53 -88.53
11 287 -84.06 -84.06
0 288 338.88 338.88
1 288 294.98 294.98
2 288 365.26 365.26
0 289 -107.07 -107.07
1 289 -74.07 -74.07
2 289 -131.22 -131.22
3 289 -87.97 -87.97
4 289 -160.38 -160.38
5 289 -64.74 -64.74
0 290 147.5 147.5
1 290 143.65 143.65
2 290 148.97 148.97
3 290 145.36 145.36
0 291 -97.13 -97.13
1 291 -72.39 -72.39
2 291 -113.95 -113.95
3 291 -81.84 -81.84
4 291 -128.11 -128.11
5 291 -67.44 -67.44
0 292 154.25 154.25
1 292 142.3 142.3
2 292 160.36 160.36
3 292 148.78 148.78
4 292 169.59 169.59
0 293 146.58 146.58
1 293 143.03 143.03
2 293 147.46 147.46
3 293 145.2 145.2
5 293 137.53 137.53
7 293 132.59 132.59
11 293 128.19 128.19
0 294 183.25 183.25
1 294 160.67 160.67
2 294 197.49 197.49
3 294 171.67 171.67
4 294 217.17 217.17
5 294 147.99 147.99
0 295 201.86 201.86
1 295 180.1 180.1
2 295 216.27 216.27
3 295 189.07 189.07
0 296 261.27 261.27
1 296 227.48 227.48
2 296 281.86 281.86
3 296 241.14 241.14
5 296 208.17 208.17
7 296 193.9 193.9
0 297 276.67 276.67
1 297 241.68 241.68
2 297 299.21 299.21
3 297 256.95 256.95
5 297 221.87 221.87
0 298 -173.59 -173.59
1 298 -122.94 -122.94
2 298 -210.24 -210.24
4 298 -256.62 -256.62
10 298 -78.4 -78.4
28 298 370.34 370.34
0 299 360.65 360.65
1 299 309.95 309.95
2 299 392.22 392.22
0 300 232.4 232.4
1 300 191.37 191.37
2 300 261.77 261.77
4 300 305.68 305.68
6 300 371.07 371.07
0 301 224.23 224.23
1 301 197.83 197.83
2 301 242.32 242.32
3 301 208.64 208.64
0 302 -151.57 -151.57
1 302 -109.09 -109.09
2 302 -182.14 -182.14
3 302 -127.13 -127.13
5 302 -97.61 -97.61
7 302 -87.33 -87.33
0 303 244.01 244.01
1 303 200.47 200.47
2 303 276.16 276.16
3 303 221.28 221.28
4 303 323.15 323.15
5 303 181.92 181.92
7 303 166.92 166.92
11 303 154.2 154.2
0 304 252.96 252.96
1 304 168.74 168.74
3 304 201.54 201.54
0 305 338.88 338.88
1 305 294.98 294.98
2 305 365.26 365.26
0 306 286.35 286.35
1 306 256.5 256.5
2 306 302.2 302.2
3 306 271.34 271.34
0 307 -258.32 -258.32
1 307 -191.85 -191.85
2 307 -305.47 -305.47
5 307 -172.77 -172.77
7 307 -156.7 -156.7
28 307 258.05 258.05
29 307 306.58 306.58
36 307 354.45 354.45
0 308 -130.58 -130.58
1 308 -104.04 -104.04
2 308 -147.52 -147.52
3 308 -116.01 -116.01
5 308 -97.21 -97.21
6 308 -182.74 -182.74
7 308 -90.93 -90.93
19 308 346.51 346.51
0 309 241.24 241.24
1 309 199.15 199.15
2 309 273.06 273.06
3 309 218.3 218.3
4 309 319.11 319.11
6 309 387.49 387.49
0 310 143 143
1 310 139.66 139.66
2 310 143.88 143.88
3 310 141.51 141.51
4 310 147.65 147.65
5 310 132.97 132.97
7 310 127.65 127.65
8 310 156.8 156.8
9 310 162.11 162.11
12 310 176.22 176.22
14 310 169.18 169.18
17 310 198.26 198.26
20 310 190.41 190.41
33 310 216.19 216.19
35 310 207.21 207.21
38 310 229.24 229.24
47 310 243.86 243.86
0 311 194.46 194.46
1 311 169.08 169.08
2 311 210.98 210.98
4 311 233.78 233.78
6 311 265.94 265.94
9 311 370.33 370.33
0 312 -126.48 -126.48
1 312 -98.74 -98.74
2 312 -143.61 -143.61
4 312 -162.01 -162.01
6 312 -182.83 -182.83
8 312 -206.56 -206.56
9 312 -238.02 -238.02
0 313 -60.82 -60.82
1 313 -45.11 -45.11
2 313 -69.23 -69.23
3 313 -52.96 -52.96
6 313 -83.91 -83.91
9 313 -102.17 -102.17
0 314 -62.12 -62.12
1 314 -46.8 -46.8
3 314 -54.73 -54.73
5 314 -44.87 -44.87
7 314 -41.75 -41.75
10 314 -38.37 -38.37
0 315 167.4 167.4
1 315 162.13 162.13
3 315 164.78 164.78
5 315 154.12 154.12
10 315 135.92 135.92
13 315 131.8 131.8
22 315 126.23 126.23
0 316 206.34 206.34
1 316 228.32 228.32
0 317 354.23 354.23
1 317 305.56 305.56
0 318 -345.43 -345.43
1 318 -207.76 -207.76
3 318 -262.82 -262.82
29 318 225.13 225.13
36 318 304.39 304.39
0 319 -276.15 -276.15
1 319 -204.68 -204.68
3 319 -235.48 -235.48
5 319 -183.56 -183.56
29 319 286.51 286.51
36 319 334.85 334.85
0 320 125.13 125.13
1 320 118.11 118.11
3 320 122.13 122.13
5 320 111 111
0 321 -42.06 -42.06
1 321 -29.13 -29.13
5 321 -27.88 -27.88
0 322 -153.1 -153.1
1 322 -109.24 -109.24
3 322 -127.7 -127.7
5 322 -96.41 -96.41
7 322 -85.55 -85.55
0 323 -197.18 -197.18
1 323 -138.93 -138.93
3 323 -166.97 -166.97
5 323 -124.78 -124.78
0 324 -12.75 -12.75
1 324 -3.59 -3.59
5 324 -3.94 -3.94
7 324 -3.10998 -3.10998
0 325 142.92 142.92
1 325 132.05 132.05
5 325 123.56 123.56
0 326 -181.73 -181.73
1 326 -124.83 -124.83
3 326 -152.4 -152.4
5 326 -110.72 -110.72
0 327 -123.91 -123.91
1 327 -96.48 -96.48
3 327 -109.76 -109.76
5 327 -90.65 -90.65
7 327 -83.26 -83.26
11 327 -77.29 -77.29
0 328 255.04 255.04
1 328 221.38 221.38
3 328 235.03 235.03
5 328 201.76 201.76
0 329 -80.1 -80.1
1 329 -53.09 -53.09
3 329 -64.71 -64.71
5 329 -46.75 -46.75
7 329 -41.23 -41.23
0 330 -326.79 -326.79
1 330 -209.99 -209.99
3 330 -257.28 -257.28
5 330 -179.07 -179.07
0 331 -124.27 -124.27
1 331 -99.22 -99.22
5 331 -93.53 -93.53
7 331 -87.31 -87.31
0 332 -329.17 -329.17
1 332 -211.43 -211.43
3 332 -258.89 -258.89
5 332 -179.94 -179.94
10 332 -120.27 -120.27
11 332 -135.8 -135.8
28 332 162.65 162.65
29 332 237.08 237.08
42 332 369.37 369.37
0 333 -327.47 -327.47
1 333 -210.32 -210.32
3 333 -257.74 -257.74
28 333 164.51 164.51
29 333 238.78 238.78
36 333 308.76 308.76
42 333 371.09 371.09
0 334 208.63 208.63
1 334 180.12 180.12
0 335 -170.99 -170.99
1 335 -121 -121
3 335 -142.18 -142.18
0 336 -384.93 -384.93
1 336 -233.01 -233.01
3 336 -293.58 -293.58
0 337 -138.28 -138.28
1 337 -106.89 -106.89
3 337 -122 -122
0 338 -261.36 -261.36
1 338 -180.97 -180.97
3 338 -217.91 -217.91
0 339 87.91 87.91
1 339 77.82 77.82
3 339 82.95 82.95
0 340 -300.12 -300.12
1 340 -195.07 -195.07
3 340 -237.69 -237.69
0 341 -280.88 -280.88
1 341 -186.55 -186.55
3 341 -225.31 -225.31
29 341 283.04 283.04
36 341 349.34 349.34
0 342 -179.71 -179.71
1 342 -140.52 -140.52
3 342 -157.85 -157.85
0 343 205.12 205.12
1 343 182.84 182.84
3 343 191.34 191.34
0 344 -216.2 -216.2
1 344 -160.51 -160.51
0 345 298.55 298.55
1 345 256.65 256.65
3 345 274.38 274.38
0 346 -122.82 -122.82
1 346 -94.56 -94.56
3 346 -108.25 -108.25
0 347 279.9 279.9
1 347 244.16 244.16
0 348 -32.36 -32.36
1 348 -20.06 -20.06
0 349 -384.94 -384.94
1 349 -233.31 -233.31
0 350 -36.88 -36.88
1 350 -26.63 -26.63
3 350 -31.87 -31.87
0 351 -54.11 -54.11
1 351 -40.05 -40.05
0 352 -134.43 -134.43
1 352 -107.12 -107.12
0 353 -256.36 -256.36
1 353 -190.32 -190.32
0 354 157.84 157.84
1 354 145.44 145.44
3 354 151.92 151.92
0 355 163.75 163.75
1 355 150.69 150.69
0 356 239.34 239.34
1 356 198.45 198.45
0 357 178.68 178.68
1 357 157.65 157.65
0 358 147.3 147.3
1 358 134.25 134.25
3 358 140.73 140.73
0 359 294.97 294.97
1 359 254.04 254.04
3 359 271.51 271.51
0 360 199.26 199.26
1 360 177.79 177.79
3 360 186.19 186.19
0 361 -263.53 -263.53
1 361 -195.85 -195.85
0 362 152.57 152.57
1 362 148.09 148.09
3 362 151 151
0 363 31.07 31.07
1 363 33.16 33.16
5 363 30.08 30.08
0 364 45.99 45.99
1 364 49.84 49.84
2 364 41.43 41.43
5 364 48.28 48.28
0 365 228.43 228.43
1 365 188.22 188.22
3 365 206.68 206.68
0 366 228.43 228.43
1 366 188.22 188.22
3 366 206.68 206.68
0 367 -313.4 -313.4
1 367 -202.61 -202.61
0 368 241.98 241.98
1 368 201.19 201.19
0 369 136.03 136.03
1 369 133.12 133.12
3 369 134.84 134.84
5 369 126.86 126.86
0 370 -107.07 -107.07
1 370 -74.07 -74.07
3 370 -87.97 -87.97
0 371 58.75 58.75
1 371 66.41 66.41
0 372 295.58 295.58
1 372 256.14 256.14
3 372 273.32 273.32
5 372 233.82 233.82
7 372 217.94 217.94
11 372 202.84 202.84
0 373 295.48 295.48
1 373 256.37 256.37
3 373 273.18 273.18
0 374 215.87 215.87
1 374 191.08 191.08
3 374 201.84 201.84
5 374 175.82 175.82
0 375 25.48 25.48
1 375 26.98 26.98
5 375 23.07 23.07
0 376 38.83 38.83
1 376 42.29 42.29
0 377 -258.45 -258.45
1 377 -194.09 -194.09
29 377 306.59 306.59
36 377 353.23 353.23
0 378 -113.13 -113.13
1 378 -90.34 -90.34
7 378 -79.99 -79.99
0 379 200.01 200.01
1 379 179.25 179.25
7 379 155.41 155.41
0 380 -135.05 -135.05
1 380 -107.78 -107.78
7 380 -94.27 -94.27
0 381 -62.12 -62.12
1 381 -46.8 -46.8
3 381 -54.73 -54.73
5 381 -44.87 -44.87
7 381 -41.75 -41.75
11 381 -39.56 -39.56
0 382 -277.72 -277.72
1 382 -205.28 -205.28
3 382 -237.56 -237.56
29 382 285.68 285.68
36 382 333.98 333.98
42 382 378.69 378.69
0 383 -320.02 -320.02
1 383 -205.5 -205.5
3 383 -251.03 -251.03
42 383 378.17 378.17
0 384 204.2 204.2
2 384 218.36 218.36
3 384 191.18 191.18
4 384 238.21 238.21
6 384 262.79 262.79
8 384 294.09 294.09
9 384 333.93 333.93
0 385 206.94 206.94
2 385 221.52 221.52
4 385 241.5 241.5
6 385 266.68 266.68
8 385 298.76 298.76
9 385 339.46 339.46
0 386 -95.5 -95.5
2 386 -111.14 -111.14
0 387 -129.18 -129.18
2 387 -148.31 -148.31
4 387 -168.91 -168.91
6 387 -191.92 -191.92
8 387 -219.25 -219.25
0 388 -138.28 -138.28
2 388 -157.46 -157.46
0 389 231.94 231.94
2 389 250.01 250.01
0 390 -88.28 -88.28
2 390 -102.24 -102.24
0 391 -65.46 -65.46
2 391 -77.95 -77.95
4 391 -91.04 -91.04
0 392 257.72 257.72
2 392 277.6 277.6
0 393 -103.86 -103.86
2 393 -120.05 -120.05
0 394 -64.45 -64.45
3 394 -55.77 -55.77
4 394 -80.41 -80.41
5 394 -45.87 -45.87
0 395 -54.05 -54.05
3 395 -47.15 -47.15
4 395 -69.47 -69.47
8 395 -84.6 -84.6
11 395 -33.15 -33.15
0 396 -49.95 -49.95
2 396 -57.96 -57.96
3 396 -42.88 -42.88
4 396 -64.58 -64.58
6 396 -71.57 -71.57
0 397 167.17 167.17
4 397 174.29 174.29
6 397 180.22 180.22
8 397 186.93 186.93
9 397 194.4 194.4
12 397 212.35 212.35
14 397 203.58 203.58
15 397 221.89 221.89
0 398 128.91 128.91
4 398 132.08 132.08
6 398 135.57 135.57
8 398 139.29 139.29
9 398 143.71 143.71
12 398 156.89 156.89
14 398 150.21 150.21
15 398 163.35 163.35
17 398 175.45 175.45
20 398 168.73 168.73
33 398 189.84 189.84
35 398 182.63 182.63
38 398 201.71 201.71
0 399 171.14 171.14
2 399 173.59 173.59
3 399 168.32 168.32
4 399 178.71 178.71
0 400 169.55 169.55
2 400 171.8 171.8
3 400 166.77 166.77
0 401 -320.82 -320.82
2 401 -388.56 -388.56
28 401 192.74 192.74
0 402 -278.9 -278.9
3 402 -238.07 -238.07
0 403 -159.92 -159.92
2 403 -179.25 -179.25
4 403 -199.14 -199.14
9 403 -276.03 -276.03
14 403 -308.2 -308.2
18 403 255.41 255.41
24 403 222.96 222.96
25 403 153.9 153.9
27 403 190.23 190.23
0 404 -144.32 -144.32
2 404 -163.28 -163.28
8 404 -225.32 -225.32
14 404 -283.21 -283.21
15 404 -361.09 -361.09
21 404 380.44 380.44
24 404 246.98 246.98
0 405 -162.01 -162.01
4 405 -202.03 -202.03
6 405 -224.17 -224.17
8 405 -249.51 -249.51
9 405 -279.49 -279.49
12 405 -350.88 -350.88
14 405 -312.05 -312.05
18 405 251.68 251.68
19 405 283.42 283.42
21 405 350.54 350.54
23 405 317.35 317.35
24 405 219.41 219.41
25 405 151.04 151.04
27 405 187.14 187.14
31 405 114.98 114.98
37 405 79.29 79.29
0 406 -288.41 -288.41
2 406 -344.26 -344.26
18 406 -35.25 -35.25
21 406 125.41 125.41
23 406 73.07 73.07
24 406 -90.35 -90.35
25 406 -209.98 -209.98
26 406 174.81 174.81
27 406 -146.64 -146.64
31 406 -276.53 -276.53
36 406 322.49 322.49
37 406 -344.36 -344.36
42 406 367.96 367.96
0 407 288.97 288.97
2 407 306.51 306.51
3 407 273.55 273.55
4 407 329.78 329.78
6 407 358.18 358.18
0 408 288.97 288.97
2 408 306.51 306.51
3 408 273.55 273.55
4 408 329.78 329.78
6 408 358.18 358.18
0 409 279.21 279.21
2 409 294.75 294.75
3 409 265.36 265.36
8 409 371.3 371.3
0 410 -266.47 -266.47
2 410 -316.01 -316.01
3 410 -228.58 -228.58
4 410 -375.43 -375.43
5 410 -179.16 -179.16
28 410 249.13 249.13
29 410 296.96 296.96
36 410 344.61 344.61
0 411 -291.56 -291.56
3 411 -247.8 -247.8
23 411 69.77 69.77
24 411 -94.89 -94.89
25 411 -214.94 -214.94
37 411 -350.51 -350.51
0 412 -134.93 -134.93
2 412 -152.36 -152.36
4 412 -169.73 -169.73
6 412 -188.69 -188.69
8 412 -210.2 -210.2
18 412 301.34 301.34
23 412 370.62 370.62
0 413 344.25 344.25
3 413 320.51 320.51
0 414 -148.06 -148.06
2 414 -166.58 -166.58
8 414 -229.41 -229.41
18 414 274.92 274.92
19 414 308.22 308.22
24 414 241.42 241.42
27 414 207.32 207.32
0 415 228.7 228.7
2 415 236.78 236.78
3 415 221.27 221.27
6 415 262.34 262.34
8 415 278.27 278.27
9 415 296.23 296.23
12 415 340.27 340.27
14 415 317.52 317.52
15 415 365.67 365.67
0 416 228.7 228.7
4 416 248.59 248.59
0 417 228.7 228.7
2 417 236.78 236.78
3 417 221.27 221.27
4 417 248.59 248.59
0 418 145.91 145.91
2 418 147.4 147.4
3 418 144.37 144.37
4 418 150.98 150.98
5 418 135.36 135.36
6 418 156.03 156.03
8 418 161.06 161.06
9 418 167.48 167.48
11 418 124.67 124.67
12 418 181.43 181.43
14 418 174.04 174.04
15 418 188.82 188.82
17 418 205.41 205.41
20 418 195.85 195.85
33 418 224.81 224.81
35 418 213.86 213.86
38 418 238.85 238.85
47 418 254.92 254.92
0 419 247.57 247.57
2 419 258.03 258.03
3 419 237.95 237.95
0 420 212.35 212.35
4 420 227.44 227.44
6 420 238.58 238.58
8 420 251.1 251.1
0 421 -154.69 -154.69
2 421 -174.82 -174.82
6 421 -220.46 -220.46
8 421 -248.72 -248.72
9 421 -283.04 -283.04
18 421 242.55 242.55
21 421 355.28 355.28
23 421 318.1 318.1
0 422 -238.8 -238.8
3 422 -207.86 -207.86
21 422 190.37 190.37
0 423 -137.9 -137.9
4 423 -173.63 -173.63
19 423 327.67 327.67
23 423 363.83 363.83
0 424 229.91 229.91
5 424 201.46 201.46
0 425 -197.44 -197.44
4 425 -264.3 -264.3
0 426 -121.16 -121.16
3 426 -107.64 -107.64
4 426 -151.72 -151.72
8 426 -186.01 -186.01
0 427 -163.41 -163.41
2 427 -185.82 -185.82
3 427 -144.36 -144.36
4 427 -209.69 -209.69
6 427 -236.35 -236.35
8 427 -268.44 -268.44
9 427 -307.65 -307.65
14 427 -353.62 -353.62
18 427 217.12 217.12
21 427 333.72 333.72
23 427 295.4 295.4
24 427 178.33 178.33
26 427 371.59 371.59
37 427 6.17001 6.17001
0 428 346.7 346.7
4 428 370.31 370.31
0 429 355.24 355.24
2 429 387.44 387.44
0 430 -128 -128
4 430 -158.05 -158.05
6 430 -173.61 -173.61
9 430 -211.41 -211.41
0 431 189.61 189.61
2 431 203.88 203.88
4 431 225.76 225.76
6 431 254.58 254.58
0 432 -35.12 -35.12
4 432 -56.87 -56.87
0 433 228.97 228.97
2 433 248.32 248.32
0 434 -150.5 -150.5
2 434 -170.18 -170.18
4 434 -190.88 -190.88
6 434 -213.59 -213.59
14 434 -308.56 -308.56
0 435 207.33 207.33
2 435 225.93 225.93
0 436 142.78 142.78
2 436 147.54 147.54
4 436 156.21 156.21
8 436 180.45 180.45
9 436 196.44 196.44
12 436 241.3 241.3
14 436 217.73 217.73
15 436 271.82 271.82
17 436 371.56 371.56
20 436 312.55 312.55
0 437 283.29 283.29
2 437 323.08 323.08
0 438 194.26 194.26
2 438 210.77 210.77
3 438 181.05 181.05
4 438 233.53 233.53
6 438 265.7 265.7
8 438 307.45 307.45
9 438 368.44 368.44
0 439 194.26 194.26
2 439 210.77 210.77
3 439 181.05 181.05
4 439 233.53 233.53
6 439 265.7 265.7
8 439 307.45 307.45
9 439 368.44 368.44
0 440 184.6 184.6
2 440 196.58 196.58
4 440 218.05 218.05
0 441 215.2 215.2
2 441 234.29 234.29
3 441 199.92 199.92
6 441 299 299
0 442 276.06 276.06
3 442 246.4 246.4
0 443 -55.19 -55.19
2 443 -70.91 -70.91
4 443 -89.11 -89.11
0 444 157.66 157.66
2 444 166.88 166.88
4 444 177.97 177.97
0 445 -298.68 -298.68
2 445 -358.03 -358.03
3 445 -253.32 -253.32
21 445 113.34 113.34
24 445 -101.28 -101.28
25 445 -224 -224
26 445 163.81 163.81
28 445 213.57 213.57
29 445 263.95 263.95
31 445 -292.43 -292.43
36 445 312.77 312.77
0 446 -146.24 -146.24
2 446 -175.62 -175.62
3 446 -121.81 -121.81
4 446 -211.65 -211.65
0 447 189.33 189.33
2 447 203.76 203.76
3 447 178.34 178.34
4 447 223.61 223.61
0 448 271.93 271.93
2 448 310.77 310.77
0 449 67.22 67.22
4 449 70.81 70.81
0 450 -147.31 -147.31
2 450 -178 -178
0 451 -207.63 -207.63
2 451 -291.55 -291.55
0 452 -208.82 -208.82
3 452 -175.99 -175.99
0 453 298.06 298.06
3 453 273.45 273.45
0 454 302.15 302.15
3 454 277.39 277.39
0 455 233.89 233.89
3 455 217.13 217.13
0 456 218.01 218.01
2 456 233.14 233.14
0 457 -85.71 -85.71
2 457 -99.8 -99.8
4 457 -115.83 -115.83
6 457 -132.29 -132.29
0 458 -126.47 -126.47
3 458 -111.77 -111.77
0 459 -127.23 -127.23
2 459 -145.65 -145.65
4 459 -165.57 -165.57
5 459 -91.1 -91.1
6 459 -188.26 -188.26
8 459 -214.72 -214.72
0 460 217.11 217.11
2 460 232.37 232.37
3 460 204.07 204.07
4 460 251.25 251.25
0 461 -106.89 -106.89
2 461 -123.21 -123.21
0 462 -372.17 -372.17
3 462 -283.99 -283.99
0 463 249.4 249.4
2 463 267.99 267.99
6 463 324.71 324.71
0 464 153.94 153.94
2 464 155.72 155.72
3 464 151.54 151.54
4 464 159.48 159.48
6 464 164.5 164.5
8 464 170.44 170.44
9 464 176.86 176.86
14 464 185.43 185.43
0 465 -33.28 -33.28
2 465 -41.16 -41.16
3 465 -27.69 -27.69
4 465 -46.78 -46.78
6 465 -52.39 -52.39
8 465 -58.41 -58.41
9 465 -65.84 -65.84
12 465 -78.6 -78.6
14 465 -71.8 -71.8
15 465 -85.23 -85.23
17 465 -101.53 -101.53
20 465 -93.97 -93.97
33 465 -122.05 -122.05
35 465 -109.92 -109.92
38 465 -136.33 -136.33
0 466 168.22 168.22
2 466 170.72 170.72
4 466 175.5 175.5
6 466 181.23 181.23
8 466 188.77 188.77
9 466 196.16 196.16
14 466 205.78 205.78
0 467 -371.26 -371.26
3 467 -283.48 -283.48
29 467 204.91 204.91
36 467 280.79 280.79
0 468 143 143
3 468 141.12 141.12
4 468 147.03 147.03
6 468 151.21 151.21
0 469 -375.94 -375.94
3 469 -286.88 -286.88
0 470 -362.71 -362.71
3 470 -276.58 -276.58
0 471 -362.71 -362.71
3 471 -276.58 -276.58
0 472 -369.35 -369.35
3 472 -281.44 -281.44
36 472 282.5 282.5
42 472 352.69 352.69
0 473 -369.35 -369.35
3 473 -281.44 -281.44
36 473 282.5 282.5
42 473 352.69 352.69
0 474 158.5 158.5
2 474 159.93 159.93
5 474 146.54 146.54
8 474 174.94 174.94
13 474 124.99 124.99
14 474 189.93 189.93
15 474 206.85 206.85
0 475 -365.52 -365.52
3 475 -278.57 -278.57
0 476 -319.79 -319.79
2 476 -387.56 -387.56
19 476 -21.27 -21.27
21 476 90.11 90.11
23 476 35.92 35.92
25 476 -263.1 -263.1
26 476 142.35 142.35
27 476 -196 -196
28 476 193.53 193.53
29 476 245.01 245.01
31 476 -334.61 -334.61
0 477 -127.41 -127.41
5 477 -93.95 -93.95
6 477 -179.17 -179.17
8 477 -200.43 -200.43
9 477 -225.52 -225.52
0 478 -343.75 -343.75
3 478 -286.78 -286.78
19 478 -49.37 -49.37
21 478 65.45 65.45
23 478 9.5 9.5
26 478 119.11 119.11
29 478 224.78 224.78
36 478 275.79 275.79
0 479 -343.75 -343.75
3 479 -286.78 -286.78
18 479 -108.85 -108.85
19 479 -49.37 -49.37
21 479 65.45 65.45
23 479 9.5 9.5
24 479 -168.96 -168.96
26 479 119.11 119.11
28 479 172.31 172.31
29 479 224.78 224.78
31 479 -375.28 -375.28
36 479 275.79 275.79
0 480 -218.48 -218.48
3 480 -181.53 -181.53
0 481 -291.64 -291.64
2 481 -348.86 -348.86
3 481 -247.95 -247.95
18 481 -40.01 -40.01
21 481 121.23 121.23
23 481 69.05 69.05
24 481 -95.08 -95.08
25 481 -215.64 -215.64
26 481 171.49 171.49
27 481 -151.92 -151.92
29 481 271.08 271.08
31 481 -282.7 -282.7
36 481 319.39 319.39
37 481 -350.54 -350.54
0 482 -274.27 -274.27
3 482 -234.12 -234.12
36 482 336.88 336.88
42 482 381.78 381.78
0 483 -341.01 -341.01
3 483 -283.97 -283.97
18 483 -106.31 -106.31
21 483 68.11 68.11
23 483 12.14 12.14
25 483 -300.35 -300.35
26 483 123.09 123.09
28 483 175.37 175.37
29 483 228.73 228.73
36 483 279.52 279.52
0 484 362.49 362.49
3 484 335.38 335.38
5 484 285.72 285.72
0 485 237.68 237.68
2 485 246.87 246.87
4 485 259.94 259.94
6 485 275.21 275.21
9 485 313.16 313.16
14 485 337.82 337.82
0 486 -186.95 -186.95
2 486 -214.21 -214.21
4 486 -244.38 -244.38
6 486 -279.68 -279.68
9 486 -379.94 -379.94
18 486 156.92 156.92
19 486 199.01 199.01
21 486 283.4 283.4
23 486 241.7 241.7
24 486 114.08 114.08
26 486 323.8 323.8
27 486 71.31 71.31
28 486 364.52 364.52
31 486 -26.38 -26.38
32 486 -126.29 -126.29
37 486 -75.4 -75.4
40 486 -303.81 -303.81
44 486 -184.11 -184.11
46 486 -360.08 -360.08
0 487 -186.95 -186.95
2 487 -214.21 -214.21
0 488 -268.42 -268.42
2 488 -317.95 -317.95
3 488 -229.43 -229.43
28 488 246.45 246.45
29 488 295.64 295.64
36 488 343.15 343.15
0 489 -181.75 -181.75
2 489 -205.3 -205.3
6 489 -265.98 -265.98
19 489 214.59 214.59
21 489 290.54 290.54
24 489 132.55 132.55
0 490 -181.75 -181.75
2 490 -205.3 -205.3
4 490 -235.47 -235.47
6 490 -265.98 -265.98
8 490 -306.39 -306.39
19 490 214.59 214.59
23 490 257.12 257.12
24 490 132.55 132.55
26 490 338.44 338.44
27 490 90.72 90.72
32 490 -101.87 -101.87
37 490 -52.18 -52.18
40 490 -274.3 -274.3
41 490 -215.49 -215.49
44 490 -157.59 -157.59
46 490 -329.24 -329.24
48 490 -384.51 -384.51
0 491 -149.26 -149.26
2 491 -168.49 -168.49
4 491 -188.8 -188.8
6 491 -211.26 -211.26
8 491 -237.16 -237.16
9 491 -268.34 -268.34
12 491 -346.07 -346.07
14 491 -303.58 -303.58
18 491 259.59 259.59
19 491 295.76 295.76
21 491 369.17 369.17
23 491 333.29 333.29
24 491 223.17 223.17
25 491 145.42 145.42
27 491 186.02 186.02
31 491 103.43 103.43
32 491 19.81 19.81
37 491 62.21 62.21
46 491 -172.26 -172.26
48 491 -219.26 -219.26
0 492 357.75 357.75
2 492 388.4 388.4
3 492 330.84 330.84
0 493 339.51 339.51
3 493 235.8 235.8
0 494 242.37 242.37
2 494 252.47 252.47
3 494 233.37 233.37
4 494 266.39 266.39
6 494 282.94 282.94
8 494 302.52 302.52
9 494 324.43 324.43
12 494 380.1 380.1
14 494 351.06 351.06
0 495 242.37 242.37
2 495 252.47 252.47
3 495 233.37 233.37
4 495 266.39 266.39
6 495 282.94 282.94
8 495 302.52 302.52
9 495 324.43 324.43
12 495 380.1 380.1
14 495 351.06 351.06
0 496 332.35 332.35
4 496 393.66 393.66
0 497 321.35 321.35
2 497 343.17 343.17
0 498 -164.42 -164.42
2 498 -187.08 -187.08
3 498 -145.13 -145.13
4 498 -211.55 -211.55
5 498 -119.58 -119.58
6 498 -239.25 -239.25
8 498 -272.13 -272.13
9 498 -312.69 -312.69
14 498 -361.25 -361.25
18 498 211.54 211.54
19 498 251.1 251.1
21 498 330.88 330.88
23 498 291.94 291.94
24 498 171.4 171.4
25 498 85.83 85.83
26 498 370.02 370.02
27 498 130.57 130.57
31 498 38.96 38.96
32 498 -55.08 -55.08
37 498 -7.06 -7.06
40 498 -220.55 -220.55
41 498 -164.01 -164.01
44 498 -108.16 -108.16
46 498 -274.09 -274.09
48 498 -327.74 -327.74
0 499 -68.63 -68.63
2 499 -77.44 -77.44
3 499 -60.35 -60.35
0 500 -68.63 -68.63
2 500 -77.44 -77.44
3 500 -60.35 -60.35
0 501 -264.42 -264.42
2 501 -315.32 -315.32
3 501 -226.44 -226.44
26 501 202.03 202.03
0 502 -345.95 -345.95
3 502 -289.03 -289.03
0 503 -155.73 -155.73
2 503 -175.71 -175.71
3 503 -138.53 -138.53
6 503 -218.59 -218.59
0 504 -60.02 -60.02
2 504 -74.27 -74.27
4 504 -88.22 -88.22
6 504 -105.6 -105.6
8 504 -125.93 -125.93
9 504 -152.68 -152.68
12 504 -231.84 -231.84
0 505 -236.84 -236.84
3 505 -207.03 -207.03
18 505 80.09 80.09
23 505 165.87 165.87
24 505 36.94 36.94
0 506 -26.35 -26.35
2 506 -36.09 -36.09
5 506 -9.67001 -9.67001
8 506 -69.67 -69.67
14 506 -104.98 -104.98
15 506 -165.56 -165.56
0 507 182.99 182.99
2 507 197.04 197.04
3 507 172.03 172.03
0 508 -79.77 -79.77
2 508 -99.28 -99.28
3 508 -64.1 -64.1
0 509 -147.83 -147.83
2 509 -168.07 -168.07
0 510 -312.57 -312.57
3 510 -263.94 -263.94
36 510 300.22 300.22
0 511 -71.16 -71.16
3 511 -57.9 -57.9
4 511 -107.02 -107.02
0 512 -75.95 -75.95
2 512 -94.99 -94.99
3 512 -60.53 -60.53
4 512 -116.86 -116.86
0 513 250.24 250.24
2 513 283.12 283.12
3 513 225.85 225.85
0 514 250.24 250.24
2 514 283.12 283.12
3 514 225.85 225.85
4 514 333.34 333.34
0 515 268.62 268.62
2 515 306.12 306.12
4 515 361.74 361.74
0 516 206.77 206.77
2 516 226.01 226.01
4 516 252.72 252.72
8 516 337.86 337.86
0 517 338.53 338.53
2 517 364.66 364.66
0 518 -305.44 -305.44
3 518 -258.44 -258.44
21 518 102.53 102.53
23 518 51.22 51.22
26 518 153.86 153.86
28 518 203.99 203.99
36 518 305.14 305.14
42 518 349.93 349.93
0 519 198.72 198.72
2 519 215.64 215.64
0 520 341.49 341.49
2 520 368.01 368.01
0 521 -29.45 -29.45
2 521 -40.16 -40.16
3 521 -20.72 -20.72
0 522 -343.68 -343.68
3 522 -286.76 -286.76
21 522 67.07 67.07
25 522 -293.47 -293.47
29 522 224.86 224.86
36 522 275.78 275.78
0 523 219.71 219.71
2 523 239.55 239.55
0 524 -347.13 -347.13
3 524 -289.81 -289.81
19 524 -50.6 -50.6
21 524 62.7 62.7
26 524 116.48 116.48
31 524 -370.97 -370.97
36 524 272.17 272.17
0 525 -328.29 -328.29
3 525 -274.81 -274.81
18 525 -87.26 -87.26
19 525 -29 -29
25 525 -269.22 -269.22
26 525 135.59 135.59
27 525 -201.39 -201.39
28 525 186.15 186.15
29 525 237.94 237.94
0 526 -328.29 -328.29
3 526 -274.81 -274.81
26 526 135.59 135.59
28 526 186.15 186.15
0 527 -387.03 -387.03
3 527 -297.13 -297.13
29 527 194.06 194.06
36 527 265.61 265.61
0 528 254.82 254.82
2 528 289.88 289.88
3 528 227.9 227.9
0 529 -149.32 -149.32
3 529 -125.12 -125.12
0 530 278.87 278.87
2 530 322.41 322.41
0 531 286.16 286.16
2 531 329.28 329.28
3 531 255.07 255.07
4 531 393.48 393.48
0 532 297.32 297.32
3 532 264.55 264.55
0 533 72.04 72.04
2 533 74.52 74.52
0 534 -161.09 -161.09
2 534 -196.53 -196.53
3 534 -133.87 -133.87
6 534 -299.42 -299.42
18 534 37.58 37.58
19 534 117.65 117.65
21 534 263.77 263.77
23 534 193.92 193.92
26 534 329.54 329.54
0 535 76.89 76.89
2 535 80.12 80.12
0 536 -346.81 -346.81
3 536 -258.34 -258.34
28 536 136.76 136.76
0 537 228.83 228.83
3 537 212.39 212.39
0 538 228.83 228.83
3 538 212.39 212.39
0 539 -103.85 -103.85
3 539 -90.64 -90.64
0 540 213.55 213.55
2 540 228.86 228.86
4 540 248.47 248.47
6 540 273.3 273.3
0 541 -358.57 -358.57
3 541 -274.07 -274.07
0 542 -78.21 -78.21
3 542 -67.33 -67.33
0 543 225.78 225.78
2 543 241.69 241.69
0 544 222.23 222.23
2 544 237.14 237.14
0 545 243.52 243.52
2 545 261.92 261.92
0 546 -72.43 -72.43
3 546 -61.98 -61.98
0 547 244.38 244.38
2 547 262.86 262.86
6 547 318.71 318.71
0 548 258.68 258.68
5 548 209.46 209.46
0 549 -98.61 -98.61
5 549 -69.01 -69.01
0 550 -98.61 -98.61
3 550 -85.73 -85.73
0 551 -75.43 -75.43
4 551 -92.62 -92.62
6 551 -101.2 -101.2
8 551 -110.22 -110.22
9 551 -120.05 -120.05
12 551 -139.84 -139.84
20 551 -164.81 -164.81
0 552 132.17 132.17
2 552 132.51 132.51
3 552 130.9 130.9
4 552 135.52 135.52
5 552 122.83 122.83
6 552 138.56 138.56
7 552 118.14 118.14
8 552 142.94 142.94
9 552 147.43 147.43
10 552 108.96 108.96
11 552 113.62 113.62
12 552 160.02 160.02
13 552 105.86 105.86
14 552 153.56 153.56
15 552 166.17 166.17
16 552 97.15 97.15
20 552 171.36 171.36
22 552 101.62 101.62
0 553 -36.17 -36.17
2 553 -43.26 -43.26
4 553 -49.14 -49.14
6 553 -54.96 -54.96
7 553 -20.11 -20.11
8 553 -61.32 -61.32
10 553 -18.29 -18.29
0 554 166.29 166.29
2 554 168.32 168.32
4 554 172.69 172.69
0 555 -300.7 -300.7
2 555 -361.15 -361.15
3 555 -255.16 -255.16
21 555 111.41 111.41
28 555 212.4 212.4
0 556 -273.75 -273.75
3 556 -233.97 -233.97
0 557 -128.27 -128.27
2 557 -145.04 -145.04
3 557 -113.63 -113.63
5 557 -94.71 -94.71
8 557 -201.6 -201.6
11 557 -82.28 -82.28
12 557 -286.38 -286.38
0 558 -128.27 -128.27
2 558 -145.04 -145.04
3 558 -113.63 -113.63
5 558 -94.71 -94.71
11 558 -82.28 -82.28
0 559 343.37 343.37
3 559 319.53 319.53
0 560 -300.82 -300.82
2 560 -361.19 -361.19
3 560 -254.87 -254.87
24 560 -109.27 -109.27
25 560 -231.93 -231.93
26 560 161.63 161.63
27 560 -167.02 -167.02
28 560 211.63 211.63
29 560 262.31 262.31
31 560 -300.21 -300.21
36 560 311.25 311.25
37 560 -369.67 -369.67
0 561 -151.01 -151.01
2 561 -169.9 -169.9
4 561 -188.61 -188.61
5 561 -113.06 -113.06
6 561 -209.73 -209.73
7 561 -105.36 -105.36
8 561 -233.72 -233.72
21 561 371.35 371.35
23 561 337.32 337.32
0 562 -354.55 -354.55
5 562 -220.74 -220.74
18 562 -120.01 -120.01
19 562 -61.5 -61.5
21 562 55.83 55.83
23 562 -0.959991 -0.959991
24 562 -182.18 -182.18
28 562 163.8 163.8
29 562 217.31 217.31
0 563 370.26 370.26
3 563 341.34 341.34
0 564 249.68 249.68
2 564 260.7 260.7
4 564 275.82 275.82
6 564 294.18 294.18
8 564 315.8 315.8
9 564 340.58 340.58
14 564 370.36 370.36
0 565 -180.5 -180.5
2 565 -205.86 -205.86
3 565 -158.04 -158.04
6 565 -266.44 -266.44
8 565 -306.03 -306.03
9 565 -356.45 -356.45
18 565 174.55 174.55
19 565 215.64 215.64
21 565 297.87 297.87
23 565 257.34 257.34
24 565 133.1 133.1
25 565 44.35 44.35
26 565 337.65 337.65
27 565 90.6 90.6
31 565 -4 -4
32 565 -100.84 -100.84
37 565 -52.18 -52.18
40 565 -274.2 -274.2
41 565 -215.01 -215.01
44 565 -157.07 -157.07
46 565 -327.6 -327.6
48 565 -382.35 -382.35
0 566 -180.5 -180.5
2 566 -205.86 -205.86
3 566 -158.04 -158.04
6 566 -266.44 -266.44
8 566 -306.03 -306.03
9 566 -356.45 -356.45
18 566 174.55 174.55
19 566 215.64 215.64
21 566 297.87 297.87
23 566 257.34 257.34
24 566 133.1 133.1
25 566 44.35 44.35
26 566 337.65 337.65
27 566 90.6 90.6
31 566 -4 -4
32 566 -100.84 -100.84
37 566 -52.18 -52.18
40 566 -274.2 -274.2
41 566 -215.01 -215.01
44 566 -157.07 -157.07
46 566 -327.6 -327.6
0 567 241.47 241.47
2 567 251.22 251.22
3 567 232.34 232.34
4 567 264.85 264.85
8 567 300.11 300.11
0 568 241.47 241.47
2 568 251.22 251.22
3 568 232.34 232.34
4 568 264.85 264.85
6 568 281.22 281.22
8 568 300.11 300.11
9 568 321.62 321.62
12 568 375.72 375.72
14 568 347.35 347.35
0 569 -182.29 -182.29
3 569 -159.8 -159.8
4 569 -236.93 -236.93
6 569 -273.58 -273.58
8 569 -315.67 -315.67
28 569 373.72 373.72
0 570 -130.58 -130.58
2 570 -146.95 -146.95
3 570 -116.24 -116.24
5 570 -97.21 -97.21
0 571 -173.64 -173.64
2 571 -198.06 -198.06
3 571 -152.97 -152.97
4 571 -224.22 -224.22
8 571 -291.1 -291.1
18 571 190.92 190.92
19 571 230.78 230.78
21 571 311.59 311.59
26 571 350.61 350.61
0 572 -263.99 -263.99
2 572 -312.56 -312.56
3 572 -225.97 -225.97
4 572 -372.53 -372.53
19 572 52.66 52.66
24 572 -52.85 -52.85
26 572 203.55 203.55
28 572 251.44 251.44
29 572 300.57 300.57
36 572 347.92 347.92
0 573 239.67 239.67
3 573 230.86 230.86
4 573 262.21 262.21
0 574 -68.34 -68.34
2 574 -77.25 -77.25
3 574 -60.42 -60.42
4 574 -84.63 -84.63
0 575 -49.5 -49.5
2 575 -57.92 -57.92
3 575 -41.88 -41.88
4 575 -65.24 -65.24
6 575 -71.77 -71.77
7 575 -32.84 -32.84
8 575 -78.81 -78.81
9 575 -86.16 -86.16
11 575 -30.96 -30.96
12 575 -101.58 -101.58
14 575 -93.47 -93.47
0 576 -49.5 -49.5
2 576 -57.92 -57.92
3 576 -41.88 -41.88
4 576 -65.24 -65.24
6 576 -71.77 -71.77
8 576 -78.81 -78.81
9 576 -86.16 -86.16
0 577 295.55 295.55
2 577 314.03 314.03
3 577 279.5 279.5
0 578 -199.52 -199.52
2 578 -227.72 -227.72
6 578 -295.21 -295.21
8 578 -339.56 -339.56
18 578 148.2 148.2
19 578 187.9 187.9
23 578 228.12 228.12
24 578 108.61 108.61
28 578 345.22 345.22
0 579 -143 -143
4 579 -181.75 -181.75
0 580 -194.35 -194.35
2 580 -221.21 -221.21
4 580 -250.1 -250.1
26 580 316.19 316.19
28 580 354.39 354.39
0 581 -318.57 -318.57
3 581 -268.38 -268.38
29 581 245.88 245.88
36 581 295.13 295.13
0 582 -247.39 -247.39
3 582 -215.56 -215.56
0 583 -267.59 -267.59
3 583 -228.36 -228.36
29 583 296.31 296.31
36 583 343.59 343.59
0 584 151.32 151.32
2 584 159.14 159.14
3 584 146.4 146.4
5 584 130.1 130.1
0 585 -23.77 -23.77
4 585 -42.56 -42.56
6 585 -52.56 -52.56
8 585 -65.94 -65.94
9 585 -80.75 -80.75
10 585 -3.54999 -3.54999
11 585 -4.84 -4.84
0 586 -164.69 -164.69
2 586 -187.76 -187.76
4 586 -211.75 -211.75
6 586 -238.83 -238.83
8 586 -271.68 -271.68
18 586 212.48 212.48
19 586 251.92 251.92
21 586 330.19 330.19
23 586 291.34 291.34
24 586 172.29 172.29
25 586 88.93 88.93
26 586 367.86 367.86
27 586 132.42 132.42
0 587 -308.49 -308.49
2 587 -371.21 -371.21
3 587 -260.85 -260.85
19 587 -5.87 -5.87
25 587 -239.85 -239.85
26 587 154.5 154.5
27 587 -175.14 -175.14
29 587 254.61 254.61
31 587 -307.69 -307.69
36 587 304.27 304.27
37 587 -376.51 -376.51
42 587 349.22 349.22
0 588 272.77 272.77
3 588 244.31 244.31
4 588 369.1 369.1
0 589 -237.73 -237.73
3 589 -196.7 -196.7
0 590 -243.47 -243.47
3 590 -212.15 -212.15
29 590 324.67 324.67
0 591 221.74 221.74
2 591 241.42 241.42
0 592 -297.63 -297.63
2 592 -355.92 -355.92
21 592 115.82 115.82
26 592 165.97 165.97
28 592 215.21 215.21
29 592 265.7 265.7
36 592 313.67 313.67
42 592 358.41 358.41
0 593 163.17 163.17
2 593 173.64 173.64
3 593 157.36 157.36
0 594 -274.88 -274.88
3 594 -233.62 -233.62
29 594 288.32 288.32
36 594 337.97 337.97
0 595 334.29 334.29
2 595 359.44 359.44
3 595 312.35 312.35
0 596 236.61 236.61
3 596 213.5 213.5
4 596 311.86 311.86
5 596 175.48 175.48
6 596 379.27 379.27
0 597 229.22 229.22
4 597 300.78 300.78
0 598 241.98 241.98
3 598 220.42 220.42
5 598 181.58 181.58
0 599 -325.76 -325.76
3 599 -256.55 -256.55
26 599 89.21 89.21
28 599 166 166
29 599 240.68 240.68
36 599 310.03 310.03
42 599 373.28 373.28
0 600 -306.01 -306.01
3 600 -242.08 -242.08
21 600 22.22 22.22
26 600 105.37 105.37
28 600 183.06 183.06
36 600 327.68 327.68
0 601 -306.58 -306.58
3 601 -242.28 -242.28
28 601 182.45 182.45
29 601 257.31 257.31
36 601 326.87 326.87
0 602 -306.58 -306.58
3 602 -242.28 -242.28
28 602 182.45 182.45
29 602 257.31 257.31
0 603 -307.32 -307.32
3 603 -242.81 -242.81
0 604 -327.89 -327.89
3 604 -257.88 -257.88
7 604 -154.72 -154.72
29 604 238.32 238.32
36 604 307.47 307.47
0 605 204.12 204.12
3 605 191.13 191.13
0 606 219.32 219.32
3 606 204.58 204.58
0 607 263.15 263.15
3 607 244.85 244.85
0 608 243.03 243.03
4 608 286.08 286.08
7 608 184.67 184.67
0 609 142.96 142.96
2 609 144.18 144.18
4 609 147.35 147.35
6 609 151.91 151.91
8 609 157.02 157.02
12 609 178.19 178.19
14 609 170.41 170.41
15 609 185.88 185.88
17 609 200.39 200.39
20 609 193.14 193.14
33 609 218.29 218.29
35 609 209.49 209.49
38 609 232.86 232.86
47 609 250.1 250.1
0 610 -34.97 -34.97
2 610 -42 -42
4 610 -47.96 -47.96
6 610 -53.59 -53.59
8 610 -60.07 -60.07
9 610 -67.57 -67.57
12 610 -80.97 -80.97
15 610 -87.23 -87.23
17 610 -105.75 -105.75
20 610 -96.46 -96.46
35 610 -115.19 -115.19
0 611 -34.97 -34.97
2 611 -42 -42
3 611 -28.68 -28.68
4 611 -47.96 -47.96
6 611 -53.59 -53.59
7 611 -19.55 -19.55
8 611 -60.07 -60.07
9 611 -67.57 -67.57
10 611 -17.56 -17.56
11 611 -18.34 -18.34
12 611 -80.97 -80.97
15 611 -87.23 -87.23
16 611 -16.13 -16.13
17 611 -105.75 -105.75
20 611 -96.46 -96.46
30 611 -19.13 -19.13
33 611 -127.86 -127.86
34 611 -23.22 -23.22
35 611 -115.19 -115.19
38 611 -142.58 -142.58
43 611 -22.83 -22.83
0 612 -313.93 -313.93
2 612 -378.94 -378.94
19 612 -14.11 -14.11
21 612 96.44 96.44
23 612 42.45 42.45
25 612 -253.72 -253.72
26 612 148.02 148.02
27 612 -187.34 -187.34
28 612 198.74 198.74
29 612 249.32 249.32
31 612 -323.79 -323.79
37 612 -395.41 -395.41
0 613 -305.42 -305.42
2 613 -366.98 -366.98
3 613 -258.18 -258.18
21 613 105.87 105.87
23 613 52.78 52.78
24 613 -115.04 -115.04
25 613 -238.61 -238.61
26 613 156.93 156.93
27 613 -172.32 -172.32
29 613 257.9 257.9
31 613 -307.49 -307.49
36 613 306.89 306.89
37 613 -377.14 -377.14
0 614 -140.33 -140.33
3 614 -125.08 -125.08
5 614 -104.35 -104.35
6 614 -195.94 -195.94
7 614 -98.18 -98.18
9 614 -245.92 -245.92
10 614 -87.39 -87.39
12 614 -309.56 -309.56
14 614 -274.86 -274.86
15 614 -350.84 -350.84
18 614 287.83 287.83
19 614 321.77 321.77
23 614 358.43 358.43
0 615 269.05 269.05
5 615 217.22 217.22
6 615 351.79 351.79
0 616 -131.9 -131.9
2 616 -148.98 -148.98
5 616 -98.1 -98.1
7 616 -90.99 -90.99
9 616 -231.25 -231.25
10 616 -80.42 -80.42
11 616 -85.71 -85.71
12 616 -289.75 -289.75
13 616 -75.24 -75.24
22 616 -71.87 -71.87
0 617 -151.67 -151.67
2 617 -170.34 -170.34
3 617 -135.47 -135.47
4 617 -189.6 -189.6
6 617 -210.23 -210.23
8 617 -234.33 -234.33
9 617 -262.5 -262.5
12 617 -330.02 -330.02
14 617 -293.51 -293.51
15 617 -373.6 -373.6
18 617 269.1 269.1
19 617 301.83 301.83
21 617 370.35 370.35
23 617 336.54 336.54
24 617 235.91 235.91
25 617 165.62 165.62
27 617 202.55 202.55
31 617 128.12 128.12
37 617 91.29 91.29
0 618 229.61 229.61
2 618 237.85 237.85
3 618 221.96 221.96
4 618 249.64 249.64
5 618 201.77 201.77
6 618 263.66 263.66
8 618 280.02 280.02
9 618 298.26 298.26
0 619 229.61 229.61
2 619 237.85 237.85
3 619 221.96 221.96
4 619 249.64 249.64
5 619 201.77 201.77
6 619 263.66 263.66
8 619 280.02 280.02
9 619 298.26 298.26
0 620 205.43 205.43
2 620 210.44 210.44
3 620 200.54 200.54
5 620 185.05 185.05
9 620 250.7 250.7
10 620 161.17 161.17
11 620 168.66 168.66
12 620 278.82 278.82
20 620 311.37 311.37
33 620 378.12 378.12
35 620 353.54 353.54
0 621 308.87 308.87
2 621 329.93 329.93
4 621 357.9 357.9
5 621 253.16 253.16
7 621 236.33 236.33
0 622 250.16 250.16
2 622 261.04 261.04
4 622 276.12 276.12
6 622 294.33 294.33
0 623 -258.32 -258.32
2 623 -305.47 -305.47
19 623 58.07 58.07
24 623 -47.14 -47.14
25 623 -162.58 -162.58
28 623 258.05 258.05
29 623 306.58 306.58
31 623 -226.84 -226.84
32 623 -357.69 -357.69
37 623 -290.92 -290.92
0 624 -213.6 -213.6
4 624 -326.96 -326.96
26 624 239.49 239.49
29 624 366.03 366.03
0 625 -67.45 -67.45
2 625 -76.53 -76.53
4 625 -83.58 -83.58
5 625 -52.07 -52.07
8 625 -96.51 -96.51
9 625 -103.02 -103.02
12 625 -115.61 -115.61
14 625 -108.98 -108.98
0 626 -242.66 -242.66
3 626 -211.79 -211.79
6 626 -380.72 -380.72
18 626 68.07 68.07
19 626 111.43 111.43
21 626 197.88 197.88
23 626 155.19 155.19
24 626 23.54 23.54
25 626 -69.6 -69.6
27 626 -20.34 -20.34
29 626 325.3 325.3
31 626 -120.46 -120.46
32 626 -223.55 -223.55
36 626 368.04 368.04
37 626 -170.92 -170.92
40 626 -403.61 -403.61
0 627 -4.44 -4.44
2 627 -11.12 -11.12
3 627 1.22 1.22
4 627 -15.78 -15.78
5 627 5.23999 5.23999
7 627 5.47 5.47
8 627 -25.97 -25.97
15 627 -54.03 -54.03
20 627 -67.61 -67.61
0 628 -62.71 -62.71
2 628 -77.67 -77.67
3 628 -50.89 -50.89
4 628 -92.28 -92.28
6 628 -109.61 -109.61
8 628 -130.89 -130.89
0 629 -187.31 -187.31
3 629 -164.28 -164.28
0 630 -33.88 -33.88
2 630 -45.9 -45.9
4 630 -58.45 -58.45
0 631 288.53 288.53
2 631 331.24 331.24
4 631 396.03 396.03
5 631 206.63 206.63
0 632 -333.97 -333.97
3 632 -263 -263
0 633 -334.27 -334.27
5 633 -183.04 -183.04
7 633 -158.13 -158.13
0 634 211.48 211.48
2 634 225.84 225.84
3 634 198.61 198.61
4 634 245.19 245.19
0 635 -109.86 -109.86
2 635 -126.92 -126.92
3 635 -96.21 -96.21
4 635 -146.1 -146.1
0 636 -133.27 -133.27
4 636 -172.31 -172.31
6 636 -194.91 -194.91
8 636 -222.14 -222.14
9 636 -256.47 -256.47
0 637 228.28 228.28
2 637 245.13 245.13
4 637 267.68 267.68
0 638 228.28 228.28
2 638 245.13 245.13
3 638 213.35 213.35
4 638 267.84 267.84
6 638 296.24 296.24
0 639 -83.37 -83.37
2 639 -96.79 -96.79
3 639 -72.35 -72.35
0 640 -38.38 -38.38
2 640 -45.56 -45.56
3 640 -31.9 -31.9
4 640 -51.3 -51.3
5 640 -24.08 -24.08
6 640 -57.18 -57.18
8 640 -63.85 -63.85
9 640 -71.87 -71.87
10 640 -20.19 -20.19
11 640 -20.47 -20.47
12 640 -86.33 -86.33
13 640 -18.51 -18.51
15 640 -93.85 -93.85
17 640 -113.29 -113.29
20 640 -103.27 -103.27
30 640 -21.22 -21.22
33 640 -137.45 -137.45
34 640 -25.03 -25.03
35 640 -123.18 -123.18
43 640 -24.34 -24.34
0 641 162.34 162.34
2 641 164.41 164.41
3 641 159.85 159.85
4 641 168.94 168.94
6 641 174.2 174.2
8 641 180.75 180.75
9 641 187.54 187.54
12 641 206.44 206.44
14 641 196.73 196.73
0 642 163.88 163.88
2 642 165.54 165.54
3 642 161.15 161.15
4 642 169.84 169.84
6 642 175.14 175.14
8 642 181.62 181.62
9 642 188.27 188.27
11 642 139.14 139.14
13 642 129.1 129.1
14 642 197.16 197.16
17 642 233.74 233.74
33 642 256.46 256.46
34 642 102.35 102.35
0 643 -314.37 -314.37
2 643 -380.63 -380.63
19 643 -14.44 -14.44
23 643 42.1 42.1
25 643 -254.89 -254.89
26 643 147.72 147.72
27 643 -188.7 -188.7
29 643 250.24 250.24
31 643 -325.84 -325.84
37 643 -397.42 -397.42
0 644 354.67 354.67
2 644 385.47 385.47
3 644 328.78 328.78
10 644 223.82 223.82
11 644 240.89 240.89
13 644 211.48 211.48
22 644 198.37 198.37
0 645 247.25 247.25
2 645 258 258
4 645 273.04 273.04
6 645 291.11 291.11
14 645 365.09 365.09
0 646 242.69 242.69
2 646 252.63 252.63
4 646 266.67 266.67
6 646 283.31 283.31
8 646 302.65 302.65
9 646 323.97 323.97
12 646 378.46 378.46
14 646 350.47 350.47
0 647 242.69 242.69
2 647 252.63 252.63
3 647 233.36 233.36
4 647 266.67 266.67
6 647 283.31 283.31
8 647 302.65 302.65
9 647 323.97 323.97
12 647 378.46 378.46
14 647 350.47 350.47
0 648 252.26 252.26
4 648 279.16 279.16
6 648 297.79 297.79
8 648 320.02 320.02
9 648 345.15 345.15
14 648 376.02 376.02
0 649 232.71 232.71
2 649 240.3 240.3
3 649 224.4 224.4
6 649 265.83 265.83
8 649 282.53 282.53
9 649 300.94 300.94
12 649 346.07 346.07
14 649 323.1 323.1
15 649 373.97 373.97
0 650 373.06 373.06
3 650 344.21 344.21
0 651 373.06 373.06
3 651 344.21 344.21
0 652 -270.68 -270.68
3 652 -231.24 -231.24
4 652 -379.91 -379.91
5 652 -180.64 -180.64
18 652 -3.53 -3.53
19 652 48.37 48.37
24 652 -57.43 -57.43
25 652 -172.91 -172.91
27 652 -112.1 -112.1
28 652 244.74 244.74
29 652 293.5 293.5
31 652 -237.18 -237.18
32 652 -369.93 -369.93
36 652 340.71 340.71
37 652 -301.99 -301.99
0 653 380.76 380.76
3 653 349.17 349.17
0 654 -268.08 -268.08
3 654 -228.16 -228.16
36 654 344.43 344.43
0 655 -178.02 -178.02
2 655 -203.43 -203.43
3 655 -156.19 -156.19
4 655 -230.98 -230.98
6 655 -262.74 -262.74
8 655 -300.98 -300.98
9 655 -348.24 -348.24
18 655 180.52 180.52
19 655 220.96 220.96
21 655 301.62 301.62
23 655 261.95 261.95
24 655 140.01 140.01
25 655 53.02 53.02
26 655 341.28 341.28
27 655 98.78 98.78
31 655 6.79999 6.79999
0 656 204.92 204.92
2 656 222.34 222.34
4 656 246.62 246.62
6 656 280.41 280.41
0 657 -175.22 -175.22
2 657 -213.29 -213.29
4 657 -261.54 -261.54
6 657 -327.17 -327.17
21 657 240.12 240.12
26 657 304.72 304.72
28 657 367.19 367.19
0 658 -166.74 -166.74
2 658 -203.76 -203.76
3 658 -138.69 -138.69
5 658 -104.27 -104.27
11 658 -82.91 -82.91
13 658 -67.51 -67.51
16 658 -58.2 -58.2
22 658 -62.54 -62.54
0 659 -285.44 -285.44
3 659 -228.91 -228.91
0 660 -218.35 -218.35
2 660 -307.59 -307.59
0 661 -310.57 -310.57
3 661 -236.58 -236.58
5 661 -157.55 -157.55
10 661 -101.1 -101.1
28 661 166.68 166.68
29 661 254.4 254.4
0 662 269.89 269.89
5 662 213.02 213.02
7 662 199.56 199.56
10 662 174.17 174.17
11 662 186.34 186.34
13 662 165.64 165.64
0 663 235.79 235.79
2 663 253.29 253.29
3 663 220.27 220.27
4 663 277.28 277.28
0 664 -100.07 -100.07
2 664 -115.52 -115.52
3 664 -87.46 -87.46
0 665 -71.2 -71.2
2 665 -83.28 -83.28
4 665 -96.36 -96.36
6 665 -109.66 -109.66
8 665 -125.37 -125.37
0 666 -268.92 -268.92
2 666 -318.43 -318.43
5 666 -179.98 -179.98
29 666 295.12 295.12
36 666 342.6 342.6
0 667 304.11 304.11
2 667 323.66 323.66
3 667 286.51 286.51
4 667 350.62 350.62
6 667 383.15 383.15
0 668 -160.97 -160.97
2 668 -182.61 -182.61
3 668 -141.79 -141.79
4 668 -205.59 -205.59
6 668 -231.39 -231.39
8 668 -261.85 -261.85
9 668 -300.37 -300.37
14 668 -346.2 -346.2
18 668 225.29 225.29
19 668 264.23 264.23
21 668 340.48 340.48
23 668 304.48 304.48
24 668 186.85 186.85
25 668 104.16 104.16
27 668 148.21 148.21
31 668 61 61
32 668 -30.21 -30.21
37 668 16.24 16.24
44 668 -82.1 -82.1
0 669 210.33 210.33
3 669 205.04 205.04
4 669 225.12 225.12
0 670 247.91 247.91
2 670 258.52 258.52
4 670 273.35 273.35
6 670 290.85 290.85
8 670 311.36 311.36
9 670 334.55 334.55
0 671 242.46 242.46
2 671 252.26 252.26
4 671 266.36 266.36
6 671 282.79 282.79
8 671 302.47 302.47
14 671 352.15 352.15
0 672 -272.22 -272.22
2 672 -323.68 -323.68
3 672 -232.58 -232.58
28 672 241.81 241.81
29 672 291.67 291.67
36 672 339.13 339.13
0 673 -162.21 -162.21
3 673 -143.68 -143.68
0 674 -96.33 -96.33
3 674 -79.28 -79.28
0 675 -308.58 -308.58
2 675 -367.58 -367.58
21 675 106.53 106.53
26 675 154.23 154.23
28 675 204.69 204.69
29 675 254.05 254.05
42 675 349.58 349.58
0 676 -85.37 -85.37
2 676 -99.19 -99.19
3 676 -73.49 -73.49
4 676 -114.01 -114.01
6 676 -130.29 -130.29
8 676 -149.48 -149.48
9 676 -172.13 -172.13
12 676 -227.53 -227.53
14 676 -196.81 -196.81
0 677 -36.22 -36.22
3 677 -30.1 -30.1
5 677 -22.6 -22.6
0 678 134.68 134.68
2 678 135.21 135.21
3 678 133.23 133.23
4 678 137.7 137.7
6 678 141.6 141.6
8 678 145.77 145.77
9 678 150.27 150.27
12 678 163.49 163.49
14 678 156.58 156.58
15 678 169.77 169.77
17 678 181.82 181.82
20 678 175.59 175.59
33 678 196.57 196.57
35 678 189.67 189.67
38 678 207.47 207.47
47 678 219.74 219.74
0 679 135.05 135.05
2 679 135.47 135.47
3 679 134.21 134.21
4 679 138.21 138.21
5 679 126.28 126.28
6 679 141.88 141.88
7 679 121.93 121.93
8 679 146 146
9 679 150.79 150.79
10 679 112.48 112.48
11 679 117.39 117.39
12 679 163.12 163.12
13 679 109.62 109.62
14 679 156.65 156.65
16 679 100.62 100.62
17 679 181.32 181.32
22 679 104.75 104.75
33 679 195.55 195.55
35 679 188.09 188.09
38 679 206.06 206.06
0 680 -281.99 -281.99
2 680 -334.86 -334.86
27 680 -133.98 -133.98
0 681 365.48 365.48
3 681 337.7 337.7
5 681 286.68 286.68
7 681 265.08 265.08
10 681 229.36 229.36
11 681 246.35 246.35
13 681 215.76 215.76
0 682 -132.31 -132.31
2 682 -148.87 -148.87
3 682 -116.75 -116.75
4 682 -166.56 -166.56
5 682 -98.74 -98.74
6 682 -185.85 -185.85
7 682 -92.08 -92.08
8 682 -206.43 -206.43
9 682 -232.21 -232.21
10 682 -81.46 -81.46
11 682 -86.07 -86.07
18 682 306.38 306.38
19 682 339.33 339.33
24 682 272.56 272.56
0 683 369.43 369.43
3 683 340.93 340.93
0 684 -114.58 -114.58
2 684 -128.69 -128.69
4 684 -142.33 -142.33
0 685 -161.37 -161.37
3 685 -142.86 -142.86
0 686 -270.43 -270.43
2 686 -321.61 -321.61
29 686 293.32 293.32
36 686 340.49 340.49
0 687 225.42 225.42
2 687 253.54 253.54
3 687 204.12 204.12
4 687 292.25 292.25
0 688 377.93 377.93
3 688 347.81 347.81
5 688 293.71 293.71
7 688 271.02 271.02
11 688 251.4 251.4
0 689 362.24 362.24
3 689 334.57 334.57
0 690 180.1 180.1
2 690 181.98 181.98
5 690 165.79 165.79
7 690 159.14 159.14
0 691 180.1 180.1
2 691 181.98 181.98
3 691 177.44 177.44
5 691 165.79 165.79
7 691 159.14 159.14
0 692 179.79 179.79
2 692 182.03 182.03
3 692 177.14 177.14
4 692 187.31 187.31
5 692 165.51 165.51
6 692 193.8 193.8
7 692 158.74 158.74
8 692 200.65 200.65
12 692 227.9 227.9
14 692 218.37 218.37
15 692 237.1 237.1
17 692 257.52 257.52
20 692 246.9 246.9
33 692 282.84 282.84
35 692 268.6 268.6
38 692 296.33 296.33
47 692 311.33 311.33
0 693 201.13 201.13
3 693 196.44 196.44
5 693 181.1 181.1
7 693 172.46 172.46
10 693 155.36 155.36
11 693 162.16 162.16
13 693 149.2 149.2
22 693 141.75 141.75
0 694 -158.37 -158.37
2 694 -179.71 -179.71
0 695 -114.86 -114.86
2 695 -132.19 -132.19
0 696 -91.24 -91.24
3 696 -79.53 -79.53
0 697 -266.77 -266.77
3 697 -227.61 -227.61
28 697 247.55 247.55
0 698 -287.66 -287.66
2 698 -341.59 -341.59
3 698 -245.6 -245.6
28 698 226.03 226.03
29 698 274.75 274.75
36 698 323.12 323.12
0 699 -254.64 -254.64
2 699 -303.98 -303.98
3 699 -218.31 -218.31
23 699 107.82 107.82
26 699 207.97 207.97
28 699 260.42 260.42
29 699 313.5 313.5
36 699 356.03 356.03
0 700 293.04 293.04
2 700 318.82 318.82
4 700 359.35 359.35
0 701 -326.41 -326.41
3 701 -274.15 -274.15
23 701 30.37 30.37
28 701 188 188
29 701 239.21 239.21
36 701 289.22 289.22
0 702 166.63 166.63
2 702 178.94 178.94
4 702 195.23 195.23
0 703 -75.63 -75.63
2 703 -88.03 -88.03
4 703 -102.77 -102.77
5 703 -51.75 -51.75
7 703 -46.26 -46.26
0 704 245.86 245.86
2 704 263.93 263.93
3 704 229.41 229.41
4 704 289.51 289.51
5 704 199.27 199.27
6 704 320.47 320.47
7 704 187.27 187.27
10 704 163.09 163.09
0 705 245.86 245.86
2 705 263.93 263.93
3 705 229.41 229.41
4 705 289.51 289.51
5 705 199.27 199.27
6 705 320.47 320.47
7 705 187.27 187.27
8 705 360.13 360.13
10 705 163.09 163.09
0 706 -163.92 -163.92
2 706 -184.79 -184.79
0 707 231.9 231.9
2 707 242.6 242.6
3 707 221.52 221.52
4 707 264.79 264.79
0 708 -305.07 -305.07
3 708 -258.34 -258.34
28 708 207.47 207.47
29 708 258.47 258.47
36 708 307.33 307.33
0 709 212.65 212.65
3 709 195.84 195.84
0 710 -163.51 -163.51
2 710 -198.01 -198.01
0 711 -74.58 -74.58
2 711 -85.32 -85.32
4 711 -95.03 -95.03
0 712 -66.06 -66.06
3 712 -55.33 -55.33
5 712 -37.83 -37.83
7 712 -35.13 -35.13
0 713 -118.33 -118.33
2 713 -136.31 -136.31
3 713 -98.8 -98.8
4 713 -157.01 -157.01
6 713 -176.82 -176.82
1 714 -202.09 -202.09
5 714 -179.86 -179.86
1 715 -202.09 -202.09
5 715 -179.86 -179.86
1 716 -376.24 -376.24
5 716 -317.29 -317.29
1 717 -376.24 -376.24
5 717 -317.29 -317.29
1 718 184.18 184.18
3 718 193.34 193.34
1 719 -67.95 -67.95
3 719 -79.46 -79.46
1 720 253.08 253.08
5 720 231.74 231.74
1 721 -91.43 -91.43
3 721 -104.96 -104.96
1 722 -106.89 -106.89
3 722 -122 -122
1 723 215.02 215.02
3 723 227.51 227.51
1 724 -247.38 -247.38
5 724 -207.61 -207.61
1 725 -276.02 -276.02
5 725 -233.72 -233.72
1 726 -241.47 -241.47
3 726 -303.24 -303.24
5 726 -202.69 -202.69
42 726 328.64 328.64
1 727 -241.47 -241.47
3 727 -303.24 -303.24
5 727 -202.69 -202.69
1 728 -227.34 -227.34
3 728 -286.25 -286.25
42 728 347.23 347.23
1 729 -18.72 -18.72
4 729 -42.47 -42.47
6 729 -48.24 -48.24
8 729 -54.08 -54.08
9 729 -61.24 -61.24
14 729 -67.04 -67.04
1 730 -235.77 -235.77
3 730 -296.52 -296.52
1 731 -250.14 -250.14
3 731 -313.96 -313.96
5 731 -210.25 -210.25
42 731 317.55 317.55
1 732 -308.51 -308.51
3 732 -373.23 -373.23
1 733 -308.44 -308.44
3 733 -373.73 -373.73
5 733 -266 -266
1 734 -308.44 -308.44
3 734 -373.73 -373.73
1 735 -250.45 -250.45
3 735 -314.13 -314.13
5 735 -210.37 -210.37
36 735 250.86 250.86
42 735 317.21 317.21
1 736 148.12 148.12
2 736 153.9 153.9
5 736 140.98 140.98
9 736 174.38 174.38
16 736 110.39 110.39
22 736 115.43 115.43
1 737 146.34 146.34
2 737 151.72 151.72
4 737 155.3 155.3
5 737 139.14 139.14
7 737 133.53 133.53
9 737 171.3 171.3
10 737 122.96 122.96
14 737 178.86 178.86
15 737 194.4 194.4
17 737 211.12 211.12
20 737 202.51 202.51
33 737 231.16 231.16
38 737 245.73 245.73
47 737 261.68 261.68
1 738 -253.25 -253.25
3 738 -317.43 -317.43
5 738 -213.02 -213.02
7 738 -181.99 -181.99
42 738 313.85 313.85
1 739 -250.54 -250.54
3 739 -314.09 -314.09
36 739 250.71 250.71
42 739 316.97 316.97
1 740 -374.95 -374.95
5 740 -315.2 -315.2
18 740 -323.09 -323.09
21 740 -104.66 -104.66
23 740 -173.78 -173.78
28 740 25.04 25.04
29 740 87.52 87.52
36 740 146.48 146.48
42 740 201.7 201.7
1 741 -111.71 -111.71
3 741 -124.76 -124.76
4 741 -175.26 -175.26
6 741 -194.91 -194.91
1 742 -211.29 -211.29
3 742 -244.6 -244.6
1 743 -272.49 -272.49
3 743 -324.54 -324.54
36 743 241.01 241.01
1 744 -272.49 -272.49
3 744 -324.54 -324.54
36 744 241.01 241.01
42 744 291.36 291.36
1 745 -275.21 -275.21
3 745 -327.96 -327.96
1 746 222.84 222.84
2 746 250.81 250.81
1 747 -240.4 -240.4
3 747 -300.59 -300.59
1 748 147.04 147.04
3 748 149.67 149.67
4 748 157.06 157.06
5 748 140.47 140.47
6 748 161.57 161.57
7 748 134.53 134.53
8 748 167.54 167.54
9 748 173.54 173.54
11 748 129.49 129.49
12 748 188.98 188.98
14 748 181.24 181.24
15 748 196.89 196.89
17 748 214.06 214.06
20 748 204.59 204.59
33 748 237.19 237.19
35 748 227.09 227.09
38 748 251.33 251.33
1 749 305.36 305.36
5 749 280.17 280.17
1 750 -191.93 -191.93
2 750 -305.26 -305.26
4 750 -362.94 -362.94
5 750 -172.13 -172.13
18 750 6.20999 6.20999
19 750 59.07 59.07
23 750 111.26 111.26
24 750 -46.93 -46.93
25 750 -162.13 -162.13
26 750 210.22 210.22
27 750 -101.39 -101.39
28 750 258.17 258.17
29 750 307.59 307.59
31 750 -226.41 -226.41
1 751 -135.96 -135.96
2 751 -197.71 -197.71
3 751 -152.55 -152.55
6 751 -254.24 -254.24
8 751 -290.18 -290.18
9 751 -335.14 -335.14
19 751 231.75 231.75
23 751 272.76 272.76
24 751 150.54 150.54
26 751 351.02 351.02
40 751 -239.36 -239.36
41 751 -182.46 -182.46
44 751 -130.03 -130.03
46 751 -292.32 -292.32
48 751 -344.42 -344.42
1 752 -180.13 -180.13
3 752 -206.02 -206.02
5 752 -163.42 -163.42
29 752 331.71 331.71
36 752 378.07 378.07
1 753 -162.54 -162.54
2 753 -284.24 -284.24
28 753 278.79 278.79
1 754 -162.54 -162.54
2 754 -284.24 -284.24
3 754 -192 -192
4 754 -356.4 -356.4
26 754 215.57 215.57
28 754 278.79 278.79
1 755 -112.37 -112.37
2 755 -157.46 -157.46
4 755 -174.94 -174.94
6 755 -193.01 -193.01
8 755 -215.52 -215.52
25 755 186.8 186.8
40 755 -71.87 -71.87
41 755 -25.26 -25.26
44 755 21.7 21.7
1 756 199.45 199.45
2 756 217.43 217.43
1 757 -283.7 -283.7
3 757 -337.91 -337.91
1 758 -283.7 -283.7
3 758 -337.91 -337.91
1 759 262.11 262.11
2 759 340.38 340.38
4 759 382.65 382.65
1 760 -189.59 -189.59
3 760 -214.84 -214.84
1 761 -281.34 -281.34
5 761 -244.98 -244.98
1 762 -225.22 -225.22
3 762 -260.85 -260.85
36 762 304.27 304.27
42 762 349.22 349.22
1 763 -285.97 -285.97
3 763 -340.26 -340.26
1 764 193.16 193.16
3 764 212.3 212.3
5 764 174.55 174.55
1 765 201.7 201.7
2 765 279.51 279.51
1 766 -282.43 -282.43
3 766 -336.38 -336.38
26 766 64.03 64.03
28 766 120.65 120.65
36 766 230.42 230.42
42 766 279.63 279.63
1 767 230.93 230.93
2 767 331.43 331.43
3 767 256.32 256.32
4 767 396.43 396.43
1 768 -28.9 -28.9
2 768 -64.96 -64.96
6 768 -100.82 -100.82
1 769 -123.37 -123.37
3 769 -145.36 -145.36
1 770 233.04 233.04
5 770 208.25 208.25
1 771 -215.8 -215.8
3 771 -263.96 -263.96
5 771 -183.77 -183.77
36 771 301.31 301.31
42 771 362.73 362.73
1 772 -254.19 -254.19
5 772 -211.5 -211.5
36 772 246.66 246.66
1 773 111.48 111.48
5 773 98.22 98.22
1 774 -20.38 -20.38
2 774 -28.57 -28.57
1 775 -121.32 -121.32
5 775 -106.39 -106.39
7 775 -91.69 -91.69
11 775 -81.6 -81.6
1 776 -116.12 -116.12
5 776 -103.24 -103.24
7 776 -89.79 -89.79
1 777 -120.4 -120.4
5 777 -106.31 -106.31
1 778 -160.22 -160.22
5 778 -141.32 -141.32
7 778 -123.99 -123.99
11 778 -111.31 -111.31
1 779 263.71 263.71
5 779 241.13 241.13
13 779 183.77 183.77
1 780 185.17 185.17
3 780 194.16 194.16
1 781 -100.7 -100.7
3 781 -114.67 -114.67
1 782 -77.79 -77.79
2 782 -119.04 -119.04
3 782 -89.95 -89.95
4 782 -135.89 -135.89
5 782 -72.45 -72.45
6 782 -153.99 -153.99
7 782 -66.28 -66.28
8 782 -175.58 -175.58
11 782 -61.48 -61.48
12 782 -263.95 -263.95
14 782 -229.67 -229.67
1 783 218.51 218.51
2 783 266.33 266.33
1 784 -288.56 -288.56
5 784 -250.67 -250.67
1 785 -2.35001 -2.35001
3 785 -6.89999 -6.89999
4 785 -18.52 -18.52
5 785 -2.45001 -2.45001
14 785 -31.46 -31.46
1 786 -377.2 -377.2
5 786 -316.86 -316.86
18 786 -327.05 -327.05
21 786 -107.32 -107.32
23 786 -177.45 -177.45
24 786 -404.92 -404.92
26 786 -40.91 -40.91
28 786 23.04 23.04
42 786 200.06 200.06
1 787 -387.14 -387.14
5 787 -324.02 -324.02
7 787 -276.5 -276.5
21 787 -116.92 -116.92
23 787 -187.69 -187.69
26 787 -49.86 -49.86
28 787 14.8 14.8
29 787 77.79 77.79
36 787 137.26 137.26
42 787 193.07 193.07
1 788 -374.69 -374.69
5 788 -315.25 -315.25
18 788 -323.73 -323.73
21 788 -104.7 -104.7
23 788 -174.7 -174.7
24 788 -401.31 -401.31
26 788 -38.33 -38.33
42 788 201.82 201.82
1 789 -254.72 -254.72
3 789 -318.34 -318.34
11 789 -158.73 -158.73
36 789 246.53 246.53
42 789 311.74 311.74
1 790 -381.34 -381.34
5 790 -319.76 -319.76
21 790 -111.58 -111.58
26 790 -44.82 -44.82
28 790 19.57 19.57
36 790 141.47 141.47
1 791 -385.25 -385.25
5 791 -322.8 -322.8
36 791 138.95 138.95
1 792 316.57 316.57
5 792 290.04 290.04
7 792 268.1 268.1
10 792 231.4 231.4
11 792 248.66 248.66
1 793 217.02 217.02
2 793 242.29 242.29
3 793 225.57 225.57
4 793 254.53 254.53
6 793 269.38 269.38
8 793 286.3 286.3
9 793 305.24 305.24
12 793 352.32 352.32
14 793 328.02 328.02
15 793 379.91 379.91
1 794 269.46 269.46
2 794 321.76 321.76
3 794 285.49 285.49
5 794 250.42 250.42
1 795 269.46 269.46
2 795 321.76 321.76
3 795 285.49 285.49
4 795 343.92 343.92
5 795 250.42 250.42
1 796 249.56 249.56
3 796 262.67 262.67
5 796 232.85 232.85
7 796 218.72 218.72
10 796 194.47 194.47
11 796 206.29 206.29
1 797 290.18 290.18
3 797 310.55 310.55
5 797 267.64 267.64
11 797 232.55 232.55
1 798 -196.77 -196.77
3 798 -226.25 -226.25
5 798 -176.87 -176.87
7 798 -159.88 -159.88
1 799 -142.64 -142.64
2 799 -210.85 -210.85
3 799 -161.33 -161.33
4 799 -240.9 -240.9
6 799 -275.79 -275.79
8 799 -319.2 -319.2
18 799 159.42 159.42
21 799 288 288
23 799 245.61 245.61
24 799 115.8 115.8
25 799 23.59 23.59
26 799 328.68 328.68
27 799 72.32 72.32
31 799 -27.13 -27.13
32 799 -129.26 -129.26
37 799 -77.19 -77.19
40 799 -310.63 -310.63
41 799 -248.48 -248.48
44 799 -187.77 -187.77
1 800 -136.73 -136.73
3 800 -153.14 -153.14
4 800 -223.49 -223.49
5 800 -126.33 -126.33
9 800 -333.35 -333.35
18 800 192.92 192.92
25 800 65.43 65.43
27 800 110.66 110.66
32 800 -73.39 -73.39
37 800 -26.5 -26.5
40 800 -239.31 -239.31
41 800 -182.68 -182.68
44 800 -127.01 -127.01
46 800 -292.47 -292.47
48 800 -345.86 -345.86
1 801 -50.78 -50.78
2 801 -72.89 -72.89
4 801 -79.82 -79.82
1 802 -315.58 -315.58
3 802 -377.02 -377.02
5 802 -274.38 -274.38
7 802 -241.45 -241.45
18 802 -190.43 -190.43
19 802 -129.94 -129.94
21 802 -13.42 -13.42
23 802 -70.35 -70.35
26 802 41.26 41.26
28 802 94.98 94.98
29 802 148.55 148.55
36 802 200.14 200.14
42 802 247.87 247.87
1 803 -316.8 -316.8
3 803 -378.88 -378.88
5 803 -275.56 -275.56
28 803 93.5 93.5
29 803 147.64 147.64
36 803 199.47 199.47
42 803 247.06 247.06
1 804 -313.75 -313.75
3 804 -375.08 -375.08
5 804 -272.88 -272.88
21 804 -9.44 -9.44
23 804 -65.65 -65.65
26 804 45.25 45.25
28 804 98.51 98.51
29 804 150.21 150.21
42 804 249.7 249.7
1 805 -291.64 -291.64
3 805 -347.29 -347.29
5 805 -254.21 -254.21
36 805 222.18 222.18
1 806 -181.11 -181.11
3 806 -204.05 -204.05
4 806 -309.85 -309.85
6 806 -359.35 -359.35
18 806 85.82 85.82
19 806 128.37 128.37
21 806 212.59 212.59
23 806 171.09 171.09
24 806 43.24 43.24
25 806 -47.67 -47.67
26 806 253.47 253.47
27 806 -0.0400085 -0.0400085
31 806 -97.16 -97.16
32 806 -197.15 -197.15
37 806 -146.13 -146.13
40 806 -371.67 -371.67
41 806 -312.5 -312.5
44 806 -253.61 -253.61
1 807 -181.11 -181.11
3 807 -204.05 -204.05
4 807 -309.85 -309.85
5 807 -165.47 -165.47
6 807 -359.35 -359.35
18 807 85.82 85.82
19 807 128.37 128.37
21 807 212.59 212.59
23 807 171.09 171.09
24 807 43.24 43.24
25 807 -47.67 -47.67
26 807 253.47 253.47
27 807 -0.0400085 -0.0400085
31 807 -97.16 -97.16
32 807 -197.15 -197.15
37 807 -146.13 -146.13
40 807 -371.67 -371.67
41 807 -312.5 -312.5
44 807 -253.61 -253.61
1 808 -137.71 -137.71
3 808 -155.38 -155.38
5 808 -126.74 -126.74
1 809 -137.71 -137.71
3 809 -155.38 -155.38
1 810 -286.02 -286.02
3 810 -341.51 -341.51
7 810 -218.7 -218.7
36 810 226.51 226.51
42 810 276.3 276.3
1 811 -195.07 -195.07
3 811 -237.69 -237.69
1 812 -282.66 -282.66
5 812 -244.9 -244.9
7 812 -216.01 -216.01
11 812 -191.41 -191.41
13 812 -154.44 -154.44
36 812 230.18 230.18
1 813 239.45 239.45
5 813 214.83 214.83
1 814 239.45 239.45
5 814 214.83 214.83
7 814 195.06 195.06
1 815 -201.78 -201.78
3 815 -247.33 -247.33
5 815 -171.63 -171.63
1 816 -201.78 -201.78
5 816 -171.63 -171.63
1 817 -192.97 -192.97
3 817 -233.89 -233.89
5 817 -165.01 -165.01
29 817 270.32 270.32
36 817 337.58 337.58
1 818 354.13 354.13
5 818 310.72 310.72
1 819 76.91 76.91
3 819 82.93 82.93
1 820 84.46 84.46
3 820 92.74 92.74
5 820 75.12 75.12
1 821 -46.32 -46.32
5 821 -35.5 -35.5
1 822 -46.32 -46.32
5 822 -35.5 -35.5
26 822 333.76 333.76
1 823 86.36 86.36
5 823 77.02 77.02
1 824 -171.35 -171.35
3 824 -213.59 -213.59
1 825 291.51 291.51
3 825 348.08 348.08
1 826 370.62 370.62
5 826 315.27 315.27
1 827 -123.72 -123.72
5 827 -109.46 -109.46
1 828 -212.82 -212.82
5 828 -188.6 -188.6
1 829 -207.68 -207.68
5 829 -184.03 -184.03
1 830 -112.3 -112.3
5 830 -99.99 -99.99
7 830 -86.59 -86.59
1 831 182.25 182.25
3 831 191.13 191.13
5 831 167.22 167.22
10 831 137.62 137.62
11 831 148.08 148.08
1 832 186.44 186.44
3 832 195.73 195.73
5 832 171.87 171.87
7 832 161.94 161.94
10 832 142.32 142.32
11 832 151.94 151.94
13 832 135.5 135.5
1 833 -240.07 -240.07
3 833 -301.91 -301.91
5 833 -201.94 -201.94
7 833 -171.9 -171.9
13 833 -115.59 -115.59
22 833 -104.05 -104.05
30 833 -90.5 -90.5
36 833 262.84 262.84
42 833 330.33 330.33
1 834 134.36 134.36
2 834 138.26 138.26
4 834 141.36 141.36
6 834 145.07 145.07
8 834 149.77 149.77
9 834 154.74 154.74
10 834 112.59 112.59
13 834 109.2 109.2
16 834 100.16 100.16
22 834 104.63 104.63
30 834 93.06 93.06
34 834 85.39 85.39
43 834 82.36 82.36
45 834 90.45 90.45
1 835 -253.91 -253.91
3 835 -319.37 -319.37
7 835 -182.07 -182.07
11 835 -159.01 -159.01
13 835 -123.26 -123.26
16 835 -102.43 -102.43
1 836 -48.35 -48.35
2 836 -71.99 -71.99
3 836 -55.82 -55.82
4 836 -79.44 -79.44
5 836 -46.43 -46.43
6 836 -86.37 -86.37
7 836 -43.27 -43.27
9 836 -103.71 -103.71
10 836 -39.72 -39.72
11 836 -41.27 -41.27
13 836 -37.63 -37.63
16 836 -36.61 -36.61
22 836 -37.05 -37.05
1 837 -373.12 -373.12
5 837 -313.55 -313.55
7 837 -268.77 -268.77
18 837 -321.8 -321.8
21 837 -102.98 -102.98
24 837 -399.23 -399.23
26 837 -36.95 -36.95
28 837 26.44 26.44
29 837 89.03 89.03
36 837 147.59 147.59
42 837 203.09 203.09
1 838 -149.05 -149.05
3 838 -176.49 -176.49
1 839 -123.43 -123.43
3 839 -136.79 -136.79
4 839 -191.82 -191.82
7 839 -107.66 -107.66
8 839 -236.97 -236.97
9 839 -265.89 -265.89
12 839 -334.47 -334.47
14 839 -297.17 -297.17
15 839 -378.42 -378.42
18 839 264.99 264.99
19 839 297.94 297.94
21 839 366.81 366.81
23 839 332.53 332.53
24 839 231.93 231.93
25 839 161.19 161.19
27 839 198.8 198.8
31 839 123.42 123.42
1 840 235.9 235.9
3 840 251.2 251.2
4 840 316.59 316.59
1 841 260.39 260.39
2 841 307.91 307.91
3 841 274.87 274.87
7 841 227.15 227.15
10 841 201.08 201.08
11 841 213.66 213.66
1 842 -206.97 -206.97
3 842 -239.09 -239.09
1 843 -146.28 -146.28
2 843 -216.24 -216.24
3 843 -164.69 -164.69
4 843 -247.79 -247.79
6 843 -283.63 -283.63
8 843 -329.45 -329.45
19 843 194.35 194.35
21 843 279.32 279.32
23 843 237 237
24 843 108.64 108.64
26 843 319.68 319.68
1 844 288.52 288.52
3 844 308.23 308.23
5 844 266.18 266.18
7 844 247.69 247.69
10 844 216.75 216.75
11 844 231.45 231.45
1 845 -163.36 -163.36
2 845 -285.8 -285.8
28 845 277.51 277.51
1 846 108.04 108.04
2 846 113.83 113.83
3 846 111.25 111.25
5 846 102.4 102.4
7 846 97.19 97.19
11 846 92.89 92.89
1 847 -288.14 -288.14
3 847 -342.7 -342.7
5 847 -250.95 -250.95
7 847 -220.98 -220.98
10 847 -176.68 -176.68
11 847 -196.52 -196.52
36 847 225.58 225.58
42 847 274.54 274.54
1 848 -100.6 -100.6
3 848 -117.2 -117.2
5 848 -89.25 -89.25
1 849 -100.6 -100.6
3 849 -117.2 -117.2
5 849 -89.25 -89.25
11 849 -73.04 -73.04
1 850 241.28 241.28
3 850 268.06 268.06
5 850 216.24 216.24
7 850 196.11 196.11
10 850 165.87 165.87
11 850 179.69 179.69
13 850 154.51 154.51
16 850 134.2 134.2
22 850 143.7 143.7
34 850 112 112
39 850 107.94 107.94
1 851 -218.6 -218.6
3 851 -267.34 -267.34
36 851 296.98 296.98
1 852 -216.26 -216.26
5 852 -179.66 -179.66
1 853 -228.32 -228.32
3 853 -326.58 -326.58
5 853 -175.03 -175.03
1 854 -366.91 -366.91
5 854 -244.48 -244.48
1 855 -219.81 -219.81
5 855 -194.11 -194.11
1 856 247.98 247.98
5 856 227.65 227.65
1 857 -45.7 -45.7
4 857 -88.81 -88.81
5 857 -42.7 -42.7
6 857 -101.92 -101.92
12 857 -175.31 -175.31
1 858 -247.93 -247.93
3 858 -310.71 -310.71
7 858 -176.94 -176.94
10 858 -135.01 -135.01
11 858 -153.36 -153.36
16 858 -98.29 -98.29
22 858 -107.57 -107.57
28 858 105.18 105.18
30 858 -93.57 -93.57
34 858 -91.11 -91.11
36 858 253.95 253.95
1 859 -376.12 -376.12
5 859 -316.28 -316.28
18 859 -325.43 -325.43
21 859 -106.1 -106.1
23 859 -176.11 -176.11
28 859 24.06 24.06
29 859 86.23 86.23
36 859 145.17 145.17
42 859 200.76 200.76
1 860 -376.12 -376.12
5 860 -316.28 -316.28
7 860 -270.59 -270.59
11 860 -235.65 -235.65
18 860 -325.43 -325.43
21 860 -106.1 -106.1
23 860 -176.11 -176.11
24 860 -403.15 -403.15
28 860 24.06 24.06
29 860 86.23 86.23
36 860 145.17 145.17
42 860 200.76 200.76
1 861 -268.17 -268.17
3 861 -334.93 -334.93
28 861 92.15 92.15
29 861 164.75 164.75
36 861 232.61 232.61
1 862 -381.79 -381.79
5 862 -320.56 -320.56
7 862 -273.68 -273.68
11 862 -238.01 -238.01
23 862 -181.28 -181.28
26 862 -44.33 -44.33
28 862 19.89 19.89
42 862 197.41 197.41
1 863 300.26 300.26
2 863 374.21 374.21
11 863 238.51 238.51
13 863 209.23 209.23
1 864 -199.91 -199.91
5 864 -179.63 -179.63
1 865 335.05 335.05
3 865 371.04 371.04
1 866 -194.65 -194.65
5 866 -175.12 -175.12
1 867 192.75 192.75
2 867 209.76 209.76
4 867 218.01 218.01
6 867 227.08 227.08
12 867 277.94 277.94
17 867 328.05 328.05
1 868 -91.75 -91.75
2 868 -128.46 -128.46
3 868 -101.59 -101.59
7 868 -81.37 -81.37
13 868 -68.09 -68.09
16 868 -63.32 -63.32
22 868 -65.47 -65.47
30 868 -64.22 -64.22
1 869 184.81 184.81
2 869 233.16 233.16
1 870 -197.8 -197.8
5 870 -177.06 -177.06
1 871 -322.25 -322.25
3 871 -385.3 -385.3
7 871 -245.96 -245.96
21 871 -20.58 -20.58
28 871 88.47 88.47
29 871 142.54 142.54
36 871 194.11 194.11
42 871 242.44 242.44
1 872 -186.06 -186.06
3 872 -210.1 -210.1
1 873 -316.05 -316.05
5 873 -275.16 -275.16
7 873 -242.32 -242.32
10 873 -193.32 -193.32
13 873 -174.88 -174.88
22 873 -159.94 -159.94
28 873 95.13 95.13
29 873 148.84 148.84
36 873 200.42 200.42
42 873 247.69 247.69
1 874 196.16 196.16
2 874 271.42 271.42
1 875 -82.84 -82.84
2 875 -146.1 -146.1
3 875 -98.38 -98.38
11 875 -57.73 -57.73
1 876 371.04 371.04
5 876 323.8 323.8
1 877 352.42 352.42
5 877 308.76 308.76
7 877 274.64 274.64
1 878 358.84 358.84
5 878 314.08 314.08
7 878 278.77 278.77
1 879 -250.68 -250.68
3 879 -313.88 -313.88
5 879 -210.77 -210.77
1 880 166.76 166.76
5 880 143.93 143.93
7 880 127.06 127.06
11 880 114.6 114.6
1 881 -329.87 -329.87
5 881 -259.16 -259.16
7 881 -212.81 -212.81
11 881 -176.99 -176.99
36 881 156.26 156.26
42 881 236.65 236.65
1 882 -214.69 -214.69
3 882 -305.29 -305.29
1 883 -117.78 -117.78
5 883 -103.74 -103.74
1 884 206.47 206.47
3 884 218.16 218.16
5 884 189.03 189.03
7 884 177.25 177.25
10 884 154.37 154.37
11 884 165.49 165.49
13 884 146.55 146.55
16 884 129.27 129.27
30 884 119.55 119.55
34 884 110.22 110.22
39 884 107.9 107.9
43 884 105.79 105.79
45 884 111.25 111.25
1 885 189.51 189.51
5 885 174.53 174.53
1 886 -103.1 -103.1
3 886 -117.28 -117.28
5 886 -96.21 -96.21
7 886 -88.13 -88.13
10 886 -76.79 -76.79
11 886 -82.06 -82.06
13 886 -70.44 -70.44
1 887 -100.44 -100.44
3 887 -114.58 -114.58
5 887 -93.96 -93.96
7 887 -85.57 -85.57
10 887 -74.08 -74.08
11 887 -79.28 -79.28
13 887 -68.73 -68.73
22 887 -65.23 -65.23
1 888 -100.44 -100.44
3 888 -114.58 -114.58
5 888 -93.96 -93.96
10 888 -74.08 -74.08
11 888 -79.28 -79.28
13 888 -68.73 -68.73
16 888 -62.76 -62.76
22 888 -65.23 -65.23
1 889 -75.44 -75.44
3 889 -87.46 -87.46
5 889 -70.4 -70.4
7 889 -64.48 -64.48
1 890 -87.15 -87.15
3 890 -99.83 -99.83
5 890 -81.41 -81.41
7 890 -74.73 -74.73
10 890 -65 -65
11 890 -69.32 -69.32
1 891 -238.4 -238.4
3 891 -299.49 -299.49
7 891 -170.44 -170.44
10 891 -129.96 -129.96
11 891 -147.82 -147.82
34 891 -87.78 -87.78
43 891 -81.83 -81.83
1 892 -268.6 -268.6
3 892 -335.59 -335.59
42 892 296.86 296.86
1 893 -268.6 -268.6
3 893 -335.59 -335.59
36 893 233.21 233.21
42 893 296.86 296.86
1 894 -163.38 -163.38
3 894 -192.54 -192.54
1 895 280.27 280.27
3 895 298.69 298.69
5 895 259.08 259.08
7 895 241.27 241.27
10 895 211.67 211.67
1 896 280.27 280.27
3 896 298.69 298.69
5 896 259.08 259.08
7 896 241.27 241.27
10 896 211.67 211.67
13 896 199.77 199.77
22 896 188.19 188.19
30 896 165.5 165.5
1 897 -277.78 -277.78
5 897 -240.96 -240.96
7 897 -212.06 -212.06
11 897 -188 -188
1 898 -139.52 -139.52
3 898 -156.07 -156.07
4 898 -229.34 -229.34
32 898 -79.82 -79.82
40 898 -236.66 -236.66
41 898 -179.93 -179.93
1 899 -95.79 -95.79
3 899 -106.22 -106.22
5 899 -90.17 -90.17
10 899 -75.09 -75.09
11 899 -79.15 -79.15
1 900 -218.29 -218.29
3 900 -252.45 -252.45
21 900 113.84 113.84
1 901 -201.91 -201.91
5 901 -181.02 -181.02
1 902 -169.48 -169.48
5 902 -153.05 -153.05
1 903 -128.08 -128.08
2 903 -183.04 -183.04
3 903 -143.09 -143.09
4 903 -206.53 -206.53
6 903 -230.36 -230.36
8 903 -262.04 -262.04
18 903 222.9 222.9
19 903 262.23 262.23
21 903 336.88 336.88
23 903 301.21 301.21
24 903 182.12 182.12
25 903 99.14 99.14
27 903 141.93 141.93
31 903 52.47 52.47
32 903 -39.07 -39.07
37 903 7.92999 7.92999
40 903 -198.22 -198.22
41 903 -143.23 -143.23
44 903 -87.25 -87.25
1 904 -27.39 -27.39
3 904 -35.95 -35.95
4 904 -78.63 -78.63
5 904 -23.48 -23.48
6 904 -99.13 -99.13
10 904 -13.9 -13.9
11 904 -16.48 -16.48
22 904 -10.33 -10.33
1 905 -314.79 -314.79
3 905 -374.35 -374.35
5 905 -273.8 -273.8
7 905 -241.22 -241.22
28 905 96.29 96.29
29 905 149.98 149.98
36 905 201.5 201.5
42 905 248.92 248.92
1 906 -314.79 -314.79
5 906 -273.8 -273.8
7 906 -241.22 -241.22
28 906 96.29 96.29
29 906 149.98 149.98
42 906 248.92 248.92
1 907 -190.61 -190.61
5 907 -162.77 -162.77
7 907 -140.8 -140.8
10 907 -108.67 -108.67
11 907 -122.34 -122.34
16 907 -80.98 -80.98
22 907 -87.65 -87.65
30 907 -77.59 -77.59
34 907 -76.99 -76.99
1 908 -139.04 -139.04
5 908 -122.61 -122.61
7 908 -106.24 -106.24
10 908 -86.94 -86.94
11 908 -95.6 -95.6
1 909 -139.04 -139.04
5 909 -122.61 -122.61
7 909 -106.24 -106.24
10 909 -86.94 -86.94
11 909 -95.6 -95.6
43 909 -58.09 -58.09
1 910 -188.27 -188.27
5 910 -164.53 -164.53
1 911 -119.88 -119.88
5 911 -106.11 -106.11
1 912 212.7 212.7
3 912 225.08 225.08
5 912 194.15 194.15
11 912 169.66 169.66
1 913 197.83 197.83
3 913 208.64 208.64
5 913 181.06 181.06
11 913 159.6 159.6
13 913 141.8 141.8
16 913 124.97 124.97
22 913 132.87 132.87
30 913 115.47 115.47
1 914 -93.28 -93.28
3 914 -106.75 -106.75
5 914 -87.42 -87.42
1 915 199.79 199.79
3 915 211.17 211.17
1 916 -244.46 -244.46
3 916 -307.5 -307.5
5 916 -205.35 -205.35
7 916 -174.66 -174.66
10 916 -133.52 -133.52
11 916 -151.56 -151.56
13 916 -117.73 -117.73
16 916 -97.22 -97.22
22 916 -106.27 -106.27
26 916 26.95 26.95
28 916 108.43 108.43
29 916 185.46 185.46
36 916 257.1 257.1
39 916 -72.86 -72.86
42 916 324.61 324.61
43 916 -83.92 -83.92
45 916 -61.16 -61.16
1 917 -244.46 -244.46
3 917 -307.5 -307.5
5 917 -205.35 -205.35
7 917 -174.66 -174.66
10 917 -133.52 -133.52
11 917 -151.56 -151.56
13 917 -117.73 -117.73
16 917 -97.22 -97.22
22 917 -106.27 -106.27
26 917 26.95 26.95
28 917 108.43 108.43
29 917 185.46 185.46
30 917 -92.59 -92.59
34 917 -90.04 -90.04
36 917 257.1 257.1
39 917 -72.86 -72.86
42 917 324.61 324.61
43 917 -83.92 -83.92
45 917 -61.16 -61.16
1 918 -368.04 -368.04
5 918 -310.47 -310.47
7 918 -266.28 -266.28
10 918 -205.94 -205.94
11 918 -233.45 -233.45
13 918 -183.45 -183.45
16 918 -151.43 -151.43
22 918 -165.43 -165.43
30 918 -143.41 -143.41
1 919 -233.81 -233.81
3 919 -292.48 -292.48
5 919 -196.43 -196.43
7 919 -166.81 -166.81
11 919 -144.83 -144.83
16 919 -92.92 -92.92
22 919 -101.31 -101.31
30 919 -88.9 -88.9
34 919 -86.22 -86.22
39 919 -69.67 -69.67
43 919 -80.78 -80.78
1 920 -257.91 -257.91
3 920 -321.29 -321.29
5 920 -216.43 -216.43
7 920 -184.33 -184.33
11 920 -161.69 -161.69
39 920 -78.3 -78.3
43 920 -89.43 -89.43
1 921 -270.48 -270.48
5 921 -227.84 -227.84
10 921 -149.78 -149.78
13 921 -132.64 -132.64
16 921 -109.92 -109.92
22 921 -119.7 -119.7
1 922 321.69 321.69
5 922 293.22 293.22
7 922 270.7 270.7
10 922 233.43 233.43
11 922 250.97 250.97
1 923 -147.78 -147.78
3 923 -175.13 -175.13
1 924 -193.88 -193.88
2 924 -308.8 -308.8
36 924 351.13 351.13
1 925 265.89 265.89
2 925 317.55 317.55
3 925 281.83 281.83
4 925 342.97 342.97
5 925 246.91 246.91
1 926 265.89 265.89
2 926 317.55 317.55
3 926 281.83 281.83
4 926 342.97 342.97
5 926 246.91 246.91
7 926 230.91 230.91
11 926 216.88 216.88
1 927 259.21 259.21
2 927 306.28 306.28
3 927 274.03 274.03
5 927 241.31 241.31
7 927 226.15 226.15
10 927 200.34 200.34
11 927 212.75 212.75
13 927 190.09 190.09
16 927 169.97 169.97
30 927 158.68 158.68
34 927 146.9 146.9
1 928 -328.12 -328.12
5 928 -284.06 -284.06
42 928 237.74 237.74
1 929 -328.12 -328.12
5 929 -284.06 -284.06
7 929 -248.38 -248.38
42 929 237.74 237.74
1 930 -294.51 -294.51
3 930 -350.6 -350.6
5 930 -256.95 -256.95
7 930 -226.45 -226.45
11 930 -201.54 -201.54
36 930 219.5 219.5
42 930 268.11 268.11
1 931 -294.51 -294.51
3 931 -350.6 -350.6
5 931 -256.95 -256.95
7 931 -226.45 -226.45
36 931 219.5 219.5
1 932 -114.01 -114.01
3 932 -127.08 -127.08
5 932 -105.88 -105.88
7 932 -98.59 -98.59
1 933 -114.01 -114.01
2 933 -163.16 -163.16
3 933 -127.08 -127.08
4 933 -183.22 -183.22
1 934 -221.81 -221.81
3 934 -256.31 -256.31
28 934 210.27 210.27
29 934 260.59 260.59
1 935 -221.81 -221.81
3 935 -256.31 -256.31
28 935 210.27 210.27
29 935 260.59 260.59
1 936 -87.94 -87.94
3 936 -100.9 -100.9
5 936 -80.46 -80.46
10 936 -61.19 -61.19
11 936 -66.11 -66.11
22 936 -52.6 -52.6
1 937 222.85 222.85
3 937 246.13 246.13
5 937 199.47 199.47
7 937 181.1 181.1
10 937 152.89 152.89
11 937 165.8 165.8
13 937 142.59 142.59
16 937 123.92 123.92
30 937 113.45 113.45
34 937 102.94 102.94
39 937 99.95 99.95
43 937 97.99 97.99
45 937 102.71 102.71
1 938 142.49 142.49
2 938 163.7 163.7
3 938 149.69 149.69
5 938 132.99 132.99
7 938 124.85 124.85
10 938 110.92 110.92
11 938 117.75 117.75
13 938 106.29 106.29
1 939 -314.93 -314.93
3 939 -375.2 -375.2
5 939 -273.75 -273.75
7 939 -241.19 -241.19
13 939 -173.96 -173.96
36 939 201.32 201.32
42 939 248.98 248.98
1 940 265.48 265.48
5 940 240.5 240.5
7 940 219.93 219.93
10 940 188.39 188.39
11 940 202.92 202.92
13 940 175.28 175.28
22 940 163.69 163.69
30 940 141.19 141.19
34 940 128.94 128.94
39 940 123.87 123.87
43 940 122.88 122.88
1 941 265.48 265.48
3 941 291.6 291.6
5 941 240.5 240.5
13 941 175.28 175.28
16 941 152.74 152.74
30 941 141.19 141.19
34 941 128.94 128.94
39 941 123.87 123.87
43 941 122.88 122.88
1 942 -248.42 -248.42
3 942 -310.08 -310.08
5 942 -208.49 -208.49
7 942 -178.33 -178.33
10 942 -135.71 -135.71
11 942 -154.42 -154.42
13 942 -119.93 -119.93
22 942 -108.39 -108.39
28 942 104.94 104.94
29 942 181.87 181.87
36 942 254.09 254.09
42 942 318.92 318.92
1 943 201.51 201.51
3 943 270.1 270.1
1 944 -110.46 -110.46
5 944 -98.51 -98.51
1 945 189.8 189.8
3 945 199 199
1 946 196.44 196.44
3 946 206.41 206.41
1 947 -376.46 -376.46
5 947 -317.22 -317.22
7 947 -271.86 -271.86
10 947 -209.71 -209.71
11 947 -237.1 -237.1
13 947 -186.27 -186.27
16 947 -155.14 -155.14
21 947 -100.13 -100.13
22 947 -168.9 -168.9
24 947 -390.48 -390.48
26 947 -35.4 -35.4
28 947 27.11 27.11
29 947 88.88 88.88
36 947 146.87 146.87
42 947 201.64 201.64
1 948 322.62 322.62
5 948 294.66 294.66
7 948 271.9 271.9
11 948 252.12 252.12
1 949 -344.9 -344.9
5 949 -296.16 -296.16
1 950 301.53 301.53
5 950 274.7 274.7
7 950 250.78 250.78
1 951 -89.98 -89.98
3 951 -104.61 -104.61
5 951 -80.36 -80.36
7 951 -71.52 -71.52
10 951 -58.67 -58.67
11 951 -64.5 -64.5
13 951 -53.34 -53.34
16 951 -46.44 -46.44
22 951 -49.51 -49.51
30 951 -46.06 -46.06
34 951 -48.61 -48.61
43 951 -45.43 -45.43
1 952 -89.98 -89.98
3 952 -104.61 -104.61
5 952 -80.36 -80.36
7 952 -71.52 -71.52
10 952 -58.67 -58.67
11 952 -64.5 -64.5
13 952 -53.34 -53.34
16 952 -46.44 -46.44
22 952 -49.51 -49.51
30 952 -46.06 -46.06
34 952 -48.61 -48.61
43 952 -45.43 -45.43
1 953 -379.52 -379.52
5 953 -319.28 -319.28
7 953 -273.25 -273.25
10 953 -209.95 -209.95
11 953 -237.56 -237.56
21 953 -109.71 -109.71
26 953 -43.29 -43.29
28 953 20.3 20.3
29 953 83.15 83.15
36 953 142.47 142.47
42 953 197.71 197.71
1 954 340.05 340.05
3 954 369.39 369.39
5 954 310.06 310.06
1 955 -98.22 -98.22
3 955 -111.93 -111.93
5 955 -92.62 -92.62
7 955 -85.8 -85.8
11 955 -80.79 -80.79
1 956 -116.25 -116.25
3 956 -136.4 -136.4
5 956 -103.06 -103.06
7 956 -92.07 -92.07
10 956 -74.76 -74.76
11 956 -82.56 -82.56
13 956 -67.67 -67.67
16 956 -58.63 -58.63
22 956 -62.77 -62.77
30 956 -57.91 -57.91
34 956 -59.08 -59.08
39 956 -47.56 -47.56
43 956 -56.19 -56.19
45 956 -38.39 -38.39
1 957 -199.05 -199.05
3 957 -243.08 -243.08
1 958 -129.21 -129.21
5 958 -113.38 -113.38
1 959 -266.43 -266.43
5 959 -224.39 -224.39
11 959 -166.65 -166.65
1 960 -269.08 -269.08
3 960 -335.81 -335.81
36 960 232.36 232.36
1 961 307.68 307.68
3 961 332.84 332.84
1 962 307.68 307.68
3 962 332.84 332.84
1 963 315.54 315.54
3 963 347.84 347.84
5 963 285 285
7 963 259.36 259.36
10 963 220.11 220.11
11 963 238.22 238.22
13 963 205.07 205.07
16 963 177.96 177.96
22 963 190.69 190.69
30 963 164.49 164.49
34 963 150.84 150.84
43 963 143.4 143.4
1 964 -131.57 -131.57
3 964 -152.89 -152.89
7 964 -103.31 -103.31
1 965 -337.23 -337.23
5 965 -290.9 -290.9
29 965 128.89 128.89
36 965 180.92 180.92
42 965 230.06 230.06
1 966 333.83 333.83
5 966 292.98 292.98
7 966 260.55 260.55
10 966 213.51 213.51
11 966 234.7 234.7
13 966 195.95 195.95
16 966 168.45 168.45
22 966 180.38 180.38
1 967 -238.58 -238.58
3 967 -304.29 -304.29
1 968 323.95 323.95
5 968 294.37 294.37
1 969 -270.08 -270.08
3 969 -328.56 -328.56
36 969 237.83 237.83
42 969 294.5 294.5
1 970 -26.4 -26.4
2 970 -59.88 -59.88
3 970 -33.57 -33.57
5 970 -22.82 -22.82
7 970 -20.08 -20.08
1 971 -167.33 -167.33
5 971 -150.27 -150.27
1 972 -158.72 -158.72
5 972 -137.48 -137.48
7 972 -121.2 -121.2
1 973 -166.25 -166.25
5 973 -146.49 -146.49
10 973 -104.57 -104.57
11 973 -115.03 -115.03
13 973 -94.11 -94.11
16 973 -80.12 -80.12
22 973 -86.75 -86.75
30 973 -78.01 -78.01
1 974 -129.74 -129.74
3 974 -153.41 -153.41
2 975 215.52 215.52
4 975 234.86 234.86
6 975 259.08 259.08
8 975 289.83 289.83
9 975 328.1 328.1
2 976 206.79 206.79
4 976 225.13 225.13
8 976 275.7 275.7
2 977 -132.32 -132.32
4 977 -151.03 -151.03
2 978 -138.81 -138.81
4 978 -158.12 -158.12
2 979 -76.13 -76.13
4 979 -89.55 -89.55
2 980 -135.87 -135.87
4 980 -155.14 -155.14
2 981 -107.13 -107.13
4 981 -122.88 -122.88
2 982 -107.13 -107.13
4 982 -122.88 -122.88
2 983 -153.05 -153.05
4 983 -173.55 -173.55
8 983 -222.91 -222.91
2 984 130.68 130.68
5 984 121.48 121.48
2 985 -174.37 -174.37
4 985 -193.82 -193.82
6 985 -215.19 -215.19
8 985 -239.68 -239.68
9 985 -268.88 -268.88
12 985 -337.83 -337.83
14 985 -300.4 -300.4
15 985 -382.36 -382.36
18 985 262.62 262.62
19 985 295.2 295.2
21 985 363.49 363.49
23 985 329.72 329.72
24 985 229.74 229.74
25 985 159.86 159.86
27 985 196.61 196.61
31 985 122.49 122.49
2 986 112.22 112.22
4 986 162.72 162.72
2 987 -173.31 -173.31
4 987 -192.65 -192.65
6 987 -213.82 -213.82
8 987 -238.34 -238.34
9 987 -267.17 -267.17
12 987 -336.05 -336.05
14 987 -298.75 -298.75
15 987 -380.47 -380.47
19 987 296.68 296.68
21 987 365.06 365.06
23 987 331.3 331.3
2 988 -167.04 -167.04
4 988 -186.04 -186.04
12 988 -325.57 -325.57
14 988 -289.08 -289.08
23 988 342.14 342.14
2 989 280.34 280.34
4 989 306.72 306.72
2 990 -146.96 -146.96
3 990 -115.64 -115.64
4 990 -163.93 -163.93
2 991 -168.98 -168.98
4 991 -188.59 -188.59
2 992 -154.98 -154.98
4 992 -172.45 -172.45
6 992 -191.48 -191.48
8 992 -213.48 -213.48
9 992 -239.02 -239.02
12 992 -299.8 -299.8
15 992 -338.75 -338.75
18 992 296.67 296.67
23 992 366.36 366.36
24 992 263.23 263.23
25 992 190.55 190.55
27 992 229.14 229.14
2 993 333.65 333.65
4 993 362.65 362.65
6 993 398.42 398.42
2 994 282.06 282.06
4 994 314.83 314.83
2 995 -226.63 -226.63
4 995 -258.65 -258.65
2 996 -194.02 -194.02
3 996 -150.66 -150.66
6 996 -246.22 -246.22
2 997 -309.09 -309.09
4 997 -366.14 -366.14
18 997 12.02 12.02
23 997 111.53 111.53
26 997 207.05 207.05
28 997 254.29 254.29
2 998 -254.03 -254.03
4 998 -290.83 -290.83
6 998 -334.76 -334.76
21 998 231.75 231.75
25 998 -20.88 -20.88
26 998 271.38 271.38
27 998 25.32 25.32
28 998 311.33 311.33
31 998 -68.79 -68.79
32 998 -165.03 -165.03
37 998 -116.07 -116.07
40 998 -333.05 -333.05
46 998 -385.3 -385.3
2 999 -256.65 -256.65
4 999 -294.04 -294.04
6 999 -338.77 -338.77
18 999 105.06 105.06
21 999 228.54 228.54
23 999 188.12 188.12
26 999 268.44 268.44
28 999 308.57 308.57
31 999 -72.43 -72.43
37 999 -119.83 -119.83
40 999 -337.5 -337.5
44 999 -223.66 -223.66
2 1000 -188.37 -188.37
4 1000 -212.61 -212.61
6 1000 -240.01 -240.01
8 1000 -272.93 -272.93
9 1000 -313.67 -313.67
14 1000 -361.49 -361.49
18 1000 211.46 211.46
19 1000 250.37 250.37
21 1000 329.12 329.12
23 1000 290.71 290.71
25 1000 88.44 88.44
27 1000 131.83 131.83
31 1000 42.16 42.16
2 1001 -166.78 -166.78
4 1001 -186.78 -186.78
2 1002 -51.56 -51.56
4 1002 -65.67 -65.67
6 1002 -82.45 -82.45
8 1002 -104.84 -104.84
9 1002 -135.73 -135.73
2 1003 190.96 190.96
3 1003 166.8 166.8
2 1004 188.1 188.1
4 1004 207.57 207.57
2 1005 -131.44 -131.44
4 1005 -160.06 -160.06
6 1005 -197.63 -197.63
8 1005 -249.96 -249.96
9 1005 -329.29 -329.29
18 1005 152.38 152.38
19 1005 238.08 238.08
2 1006 262.11 262.11
4 1006 306.23 306.23
6 1006 372.69 372.69
2 1007 277.52 277.52
4 1007 326.49 326.49
2 1008 286.4 286.4
4 1008 338.05 338.05
2 1009 264.11 264.11
4 1009 309.06 309.06
6 1009 377.03 377.03
2 1010 329.16 329.16
4 1010 394.07 394.07
2 1011 331.99 331.99
4 1011 397.33 397.33
2 1012 227.63 227.63
4 1012 246.35 246.35
2 1013 -145.65 -145.65
3 1013 -112.04 -112.04
4 1013 -165.57 -165.57
5 1013 -91.1 -91.1
6 1013 -188.26 -188.26
8 1013 -214.72 -214.72
9 1013 -247.65 -247.65
14 1013 -283.38 -283.38
2 1014 282.08 282.08
4 1014 308.87 308.87
6 1014 343.62 343.62
2 1015 -77.55 -77.55
3 1015 -60.24 -60.24
4 1015 -85.48 -85.48
6 1015 -93.25 -93.25
12 1015 -131.47 -131.47
14 1015 -121.3 -121.3
17 1015 -168.59 -168.59
20 1015 -154.61 -154.61
35 1015 -183.06 -183.06
2 1016 -41.16 -41.16
3 1016 -27.69 -27.69
2 1017 -33.16 -33.16
3 1017 -23.12 -23.12
4 1017 -36.43 -36.43
5 1017 -18.01 -18.01
8 1017 -44.71 -44.71
9 1017 -49.14 -49.14
11 1017 -15.54 -15.54
12 1017 -56.23 -56.23
14 1017 -52.99 -52.99
15 1017 -58.64 -58.64
17 1017 -68.07 -68.07
33 1017 -78.79 -78.79
35 1017 -73.01 -73.01
47 1017 -89.87 -89.87
2 1018 -22.08 -22.08
4 1018 -26.45 -26.45
5 1018 -8.48001 -8.48001
6 1018 -29.41 -29.41
12 1018 -42.93 -42.93
2 1019 -150.94 -150.94
3 1019 -119.02 -119.02
4 1019 -169.19 -169.19
12 1019 -296.8 -296.8
14 1019 -263.36 -263.36
15 1019 -336.86 -336.86
2 1020 -169.41 -169.41
4 1020 -188.24 -188.24
6 1020 -209.04 -209.04
9 1020 -261.12 -261.12
12 1020 -328.99 -328.99
14 1020 -292.45 -292.45
15 1020 -372.82 -372.82
18 1020 271.09 271.09
19 1020 304.11 304.11
21 1020 372.44 372.44
23 1020 338.51 338.51
24 1020 237.72 237.72
25 1020 166.89 166.89
27 1020 204.13 204.13
31 1020 128.66 128.66
2 1021 306.96 306.96
3 1021 273.88 273.88
4 1021 330.26 330.26
6 1021 359.15 359.15
2 1022 317.06 317.06
3 1022 281.77 281.77
4 1022 343.7 343.7
5 1022 246.53 246.53
6 1022 373.46 373.46
2 1023 384.98 384.98
3 1023 303.84 303.84
2 1024 -183.66 -183.66
4 1024 -207.12 -207.12
6 1024 -233.64 -233.64
8 1024 -264.18 -264.18
9 1024 -303.21 -303.21
14 1024 -348.18 -348.18
18 1024 221.97 221.97
19 1024 260.69 260.69
21 1024 337.91 337.91
25 1024 100.03 100.03
26 1024 375.79 375.79
27 1024 142.85 142.85
31 1024 55.44 55.44
40 1024 -190.85 -190.85
44 1024 -84.85 -84.85
2 1025 299.45 299.45
3 1025 268.63 268.63
2 1026 251.93 251.93
3 1026 232.85 232.85
4 1026 265.71 265.71
6 1026 282.38 282.38
8 1026 301.58 301.58
9 1026 323.54 323.54
12 1026 378.57 378.57
14 1026 349.78 349.78
2 1027 -316.96 -316.96
4 1027 -378.52 -378.52
2 1028 -267.48 -267.48
4 1028 -333.68 -333.68
28 1028 297.58 297.58
29 1028 360.43 360.43
2 1029 -179.22 -179.22
4 1029 -202.96 -202.96
2 1030 236.47 236.47
3 1030 202.51 202.51
2 1031 -97.46 -97.46
4 1031 -113.83 -113.83
6 1031 -133.37 -133.37
2 1032 99.35 99.35
4 1032 131.49 131.49
2 1033 -200.65 -200.65
4 1033 -227.02 -227.02
2 1034 -87.93 -87.93
4 1034 -106.76 -106.76
2 1035 203.35 203.35
3 1035 175.4 175.4
4 1035 225.06 225.06
6 1035 254.89 254.89
2 1036 203.35 203.35
3 1036 175.4 175.4
4 1036 225.06 225.06
6 1036 254.89 254.89
2 1037 276.74 276.74
4 1037 324.41 324.41
2 1038 276.74 276.74
4 1038 324.41 324.41
2 1039 -255.07 -255.07
4 1039 -293.09 -293.09
6 1039 -336.76 -336.76
18 1039 107.51 107.51
21 1039 229.83 229.83
23 1039 190.12 190.12
24 1039 65.89 65.89
27 1039 23.77 23.77
28 1039 310.06 310.06
31 1039 -70.14 -70.14
32 1039 -167.34 -167.34
40 1039 -335.94 -335.94
2 1040 225.29 225.29
4 1040 252.45 252.45
6 1040 289.09 289.09
8 1040 339.58 339.58
2 1041 261.35 261.35
4 1041 304.92 304.92
6 1041 370.06 370.06
2 1042 -45.96 -45.96
4 1042 -59.63 -59.63
2 1043 301.26 301.26
4 1043 356.87 356.87
2 1044 256.53 256.53
4 1044 299.27 299.27
6 1044 362.98 362.98
2 1045 69.93 69.93
4 1045 74.01 74.01
2 1046 -118.8 -118.8
4 1046 -135.83 -135.83
2 1047 -23.38 -23.38
4 1047 -27.11 -27.11
5 1047 -9.36999 -9.36999
6 1047 -30.31 -30.31
7 1047 -8.32001 -8.32001
8 1047 -34.03 -34.03
9 1047 -38.37 -38.37
14 1047 -40.95 -40.95
15 1047 -46.9 -46.9
2 1048 -35.67 -35.67
4 1048 -39.35 -39.35
5 1048 -19.79 -19.79
7 1048 -18.66 -18.66
8 1048 -46.97 -46.97
9 1048 -51.97 -51.97
14 1048 -54.94 -54.94
15 1048 -61.36 -61.36
17 1048 -71.1 -71.1
33 1048 -81.21 -81.21
38 1048 -86.94 -86.94
47 1048 -92.19 -92.19
2 1049 380.13 380.13
5 1049 288.82 288.82
7 1049 267.42 267.42
2 1050 -169.9 -169.9
4 1050 -188.61 -188.61
6 1050 -209.73 -209.73
8 1050 -233.72 -233.72
9 1050 -261.93 -261.93
12 1050 -329.52 -329.52
14 1050 -293.12 -293.12
15 1050 -373.34 -373.34
18 1050 269.63 269.63
19 1050 302.42 302.42
21 1050 371.35 371.35
23 1050 337.32 337.32
24 1050 236.11 236.11
25 1050 165.53 165.53
27 1050 202.7 202.7
31 1050 127.8 127.8
2 1051 -205.07 -205.07
3 1051 -158.28 -158.28
6 1051 -264.5 -264.5
8 1051 -303.41 -303.41
9 1051 -352.17 -352.17
18 1051 177.55 177.55
19 1051 218.41 218.41
21 1051 299.95 299.95
23 1051 259.9 259.9
25 1051 46.26 46.26
27 1051 94.63 94.63
32 1051 -95.46 -95.46
37 1051 -46.37 -46.37
44 1051 -150.57 -150.57
2 1052 -205.07 -205.07
3 1052 -158.28 -158.28
6 1052 -264.5 -264.5
8 1052 -303.41 -303.41
9 1052 -352.17 -352.17
18 1052 177.55 177.55
19 1052 218.41 218.41
21 1052 299.95 299.95
23 1052 259.9 259.9
25 1052 46.26 46.26
27 1052 94.63 94.63
32 1052 -95.46 -95.46
37 1052 -46.37 -46.37
44 1052 -150.57 -150.57
2 1053 325.33 325.33
4 1053 352.27 352.27
2 1054 -305.26 -305.26
5 1054 -172.13 -172.13
18 1054 6.20999 6.20999
19 1054 59.07 59.07
23 1054 111.26 111.26
24 1054 -46.93 -46.93
25 1054 -162.13 -162.13
27 1054 -101.39 -101.39
28 1054 258.17 258.17
29 1054 307.59 307.59
31 1054 -226.41 -226.41
2 1055 -66.61 -66.61
5 1055 -43.77 -43.77
2 1056 -321.55 -321.55
4 1056 -385.2 -385.2
28 1056 243.16 243.16
2 1057 -253.36 -253.36
4 1057 -290.09 -290.09
6 1057 -333.91 -333.91
21 1057 232.85 232.85
2 1058 272.92 272.92
3 1058 219.38 219.38
4 1058 318.02 318.02
2 1059 266.5 266.5
4 1059 311.86 311.86
6 1059 379.27 379.27
2 1060 210.85 210.85
4 1060 232.28 232.28
2 1061 222.75 222.75
4 1061 241.88 241.88
6 1061 265.34 265.34
8 1061 294.09 294.09
2 1062 -141.81 -141.81
4 1062 -161.5 -161.5
6 1062 -183.34 -183.34
8 1062 -208.79 -208.79
9 1062 -239.02 -239.02
2 1063 -141.81 -141.81
4 1063 -161.5 -161.5
6 1063 -183.34 -183.34
8 1063 -208.79 -208.79
9 1063 -239.02 -239.02
2 1064 263.95 263.95
4 1064 288.96 288.96
6 1064 320.14 320.14
8 1064 359.96 359.96
2 1065 -40.74 -40.74
3 1065 -27.27 -27.27
4 1065 -46.11 -46.11
6 1065 -52.12 -52.12
8 1065 -58.82 -58.82
9 1065 -66.99 -66.99
12 1065 -80.87 -80.87
14 1065 -73.8 -73.8
15 1065 -87.91 -87.91
17 1065 -106.95 -106.95
20 1065 -97.28 -97.28
33 1065 -131.87 -131.87
35 1065 -117.41 -117.41
2 1066 276.11 276.11
4 1066 302.37 302.37
6 1066 335.04 335.04
8 1066 377.12 377.12
2 1067 186.71 186.71
4 1067 192.24 192.24
5 1067 168.03 168.03
6 1067 199.88 199.88
7 1067 161.38 161.38
9 1067 216.61 216.61
10 1067 148.28 148.28
11 1067 154.47 154.47
33 1067 304.62 304.62
2 1068 -20.61 -20.61
3 1068 -7.35001 -7.35001
4 1068 -25.79 -25.79
5 1068 -2.54999 -2.54999
2 1069 328.86 328.86
4 1069 369.16 369.16
2 1070 -147.6 -147.6
4 1070 -179.55 -179.55
8 1070 -277.23 -277.23
9 1070 -362.24 -362.24
19 1070 211.95 211.95
21 1070 356.99 356.99
23 1070 288.8 288.8
2 1071 -131.34 -131.34
4 1071 -148.61 -148.61
6 1071 -166.98 -166.98
8 1071 -190 -190
9 1071 -219.47 -219.47
2 1072 -237.56 -237.56
4 1072 -274.15 -274.15
6 1072 -318.58 -318.58
26 1072 289.54 289.54
28 1072 332.69 332.69
44 1072 -267.63 -267.63
2 1073 222.09 222.09
4 1073 245.24 245.24
2 1074 -215.38 -215.38
4 1074 -245.47 -245.47
6 1074 -278.73 -278.73
8 1074 -321.06 -321.06
9 1074 -373.66 -373.66
18 1074 161.11 161.11
19 1074 200.94 200.94
21 1074 284 284
23 1074 244.98 244.98
24 1074 118.42 118.42
26 1074 323.2 323.2
27 1074 76.37 76.37
28 1074 364.06 364.06
2 1075 -203.37 -203.37
4 1075 -230.07 -230.07
19 1075 223.2 223.2
2 1076 -203.37 -203.37
4 1076 -230.07 -230.07
19 1076 223.2 223.2
25 1076 55.91 55.91
2 1077 -110.71 -110.71
4 1077 -127.79 -127.79
2 1078 -144.34 -144.34
4 1078 -163.59 -163.59
6 1078 -185.15 -185.15
8 1078 -210.64 -210.64
9 1078 -239.43 -239.43
2 1079 286.71 286.71
3 1079 249.63 249.63
5 1079 215.76 215.76
7 1079 200.73 200.73
2 1080 286.71 286.71
3 1080 249.63 249.63
5 1080 215.76 215.76
7 1080 200.73 200.73
2 1081 -163.16 -163.16
4 1081 -183.22 -183.22
2 1082 -194.71 -194.71
4 1082 -220.16 -220.16
6 1082 -249.48 -249.48
8 1082 -284.16 -284.16
21 1082 317.74 317.74
26 1082 356.4 356.4
2 1083 -29.8 -29.8
3 1083 -12.43 -12.43
4 1083 -38.33 -38.33
5 1083 -5.17999 -5.17999
6 1083 -48.13 -48.13
8 1083 -59.71 -59.71
2 1084 -150.19 -150.19
5 1084 -74.96 -74.96
13 1084 -48.26 -48.26
21 1084 347.27 347.27
22 1084 -44.4 -44.4
23 1084 276.08 276.08
30 1084 -41.29 -41.29
34 1084 -43.41 -43.41
39 1084 -33.35 -33.35
43 1084 -40.77 -40.77
2 1085 -140.59 -140.59
4 1085 -158.22 -158.22
2 1086 342.11 342.11
3 1086 299.38 299.38
4 1086 373.12 373.12
5 1086 259.49 259.49
7 1086 242.05 242.05
10 1086 212.2 212.2
11 1086 226.44 226.44
13 1086 200.42 200.42
16 1086 178.03 178.03
22 1086 188.83 188.83
30 1086 166.13 166.13
2 1087 342.11 342.11
3 1087 299.38 299.38
4 1087 373.12 373.12
7 1087 242.05 242.05
10 1087 212.2 212.2
11 1087 226.44 226.44
13 1087 200.42 200.42
22 1087 188.83 188.83
30 1087 166.13 166.13
2 1088 328.73 328.73
4 1088 355.9 355.9
2 1089 161.28 161.28
3 1089 157.2 157.2
4 1089 167.75 167.75
5 1089 146.54 146.54
6 1089 172.09 172.09
7 1089 141.19 141.19
8 1089 178.47 178.47
9 1089 183.91 183.91
12 1089 196.73 196.73
14 1089 190.83 190.83
15 1089 204.23 204.23
17 1089 220.48 220.48
20 1089 211.92 211.92
22 1089 120.73 120.73
30 1089 108.17 108.17
34 1089 100.16 100.16
39 1089 99.81 99.81
43 1089 96.55 96.55
45 1089 104.26 104.26
2 1090 -183.04 -183.04
4 1090 -206.53 -206.53
6 1090 -230.36 -230.36
8 1090 -262.04 -262.04
9 1090 -298.07 -298.07
18 1090 222.9 222.9
19 1090 262.23 262.23
21 1090 336.88 336.88
23 1090 301.21 301.21
24 1090 182.12 182.12
25 1090 99.14 99.14
27 1090 141.93 141.93
41 1090 -143.23 -143.23
44 1090 -87.25 -87.25
2 1091 -228.43 -228.43
4 1091 -259.55 -259.55
6 1091 -296.2 -296.2
18 1091 145.91 145.91
19 1091 186.25 186.25
21 1091 266.58 266.58
23 1091 226.87 226.87
24 1091 105.67 105.67
25 1091 18.78 18.78
26 1091 305.23 305.23
27 1091 64.16 64.16
31 1091 -28.21 -28.21
32 1091 -123.57 -123.57
37 1091 -74.8 -74.8
2 1092 231.21 231.21
4 1092 252.16 252.16
6 1092 277.69 277.69
8 1092 309.42 309.42
2 1093 -159.79 -159.79
4 1093 -177.33 -177.33
6 1093 -197.67 -197.67
8 1093 -220.53 -220.53
9 1093 -246.37 -246.37
12 1093 -310.12 -310.12
14 1093 -274.57 -274.57
2 1094 208.08 208.08
4 1094 223.75 223.75
2 1095 -217.45 -217.45
4 1095 -247.04 -247.04
6 1095 -281.22 -281.22
8 1095 -323.06 -323.06
18 1095 163.98 163.98
19 1095 203.41 203.41
21 1095 282.66 282.66
23 1095 243.46 243.46
24 1095 124 124
25 1095 38.92 38.92
26 1095 321.69 321.69
27 1095 83.01 83.01
31 1095 -7.14002 -7.14002
32 1095 -99.99 -99.99
37 1095 -52.94 -52.94
40 1095 -262.42 -262.42
41 1095 -206.98 -206.98
44 1095 -152.45 -152.45
2 1096 198.36 198.36
4 1096 214.23 214.23
3 1097 -27.57 -27.57
4 1097 -46.88 -46.88
3 1098 330.62 330.62
4 1098 352.05 352.05
3 1099 369.23 369.23
5 1099 308.59 308.59
11 1099 262.2 262.2
3 1100 -122.24 -122.24
5 1100 -102.33 -102.33
3 1101 -130.73 -130.73
5 1101 -109.57 -109.57
3 1102 185.48 185.48
4 1102 198.65 198.65
6 1102 205.96 205.96
35 1102 297.83 297.83
38 1102 336.74 336.74
3 1103 193.48 193.48
4 1103 208.99 208.99
3 1104 -18.35 -18.35
4 1104 -46.43 -46.43
3 1105 -71.35 -71.35
5 1105 -56.96 -56.96
7 1105 -51.8 -51.8
3 1106 -284.93 -284.93
5 1106 -189.44 -189.44
3 1107 -113.41 -113.41
5 1107 -94.4 -94.4
3 1108 307.18 307.18
5 1108 265.4 265.4
3 1109 -193.22 -193.22
4 1109 -358.48 -358.48
26 1109 214.13 214.13
3 1110 219.38 219.38
4 1110 318.02 318.02
6 1110 384.4 384.4
3 1111 -115.7 -115.7
5 1111 -87.18 -87.18
3 1112 -262.95 -262.95
5 1112 -174.4 -174.4
3 1113 254.92 254.92
5 1113 219.83 219.83
3 1114 -52.01 -52.01
4 1114 -75.27 -75.27
5 1114 -43.04 -43.04
6 1114 -82.37 -82.37
7 1114 -40.14 -40.14
8 1114 -90.18 -90.18
9 1114 -99.19 -99.19
10 1114 -36.9 -36.9
11 1114 -38.04 -38.04
12 1114 -116.7 -116.7
13 1114 -34.44 -34.44
14 1114 -107.77 -107.77
15 1114 -126 -126
16 1114 -33.7 -33.7
17 1114 -150.74 -150.74
20 1114 -138.09 -138.09
22 1114 -33.83 -33.83
33 1114 -180.29 -180.29
3 1115 251.2 251.2
4 1115 316.59 316.59
3 1116 202.88 202.88
4 1116 222.28 222.28
6 1116 232.1 232.1
7 1116 177.97 177.97
8 1116 244.49 244.49
9 1116 256.77 256.77
10 1116 161.8 161.8
12 1116 287.68 287.68
14 1116 272.03 272.03
15 1116 304.33 304.33
17 1116 345.55 345.55
20 1116 323.36 323.36
35 1116 370.42 370.42
3 1117 -149.02 -149.02
5 1117 -122.8 -122.8
3 1118 -347.29 -347.29
5 1118 -254.21 -254.21
11 1118 -199.5 -199.5
42 1118 270.45 270.45
3 1119 235.85 235.85
4 1119 298.24 298.24
5 1119 203.98 203.98
7 1119 190.98 190.98
3 1120 -331.6 -331.6
5 1120 -223.47 -223.47
7 1120 -190.93 -190.93
42 1120 299.78 299.78
3 1121 -35.6 -35.6
4 1121 -78.57 -78.57
5 1121 -23.34 -23.34
10 1121 -13.9 -13.9
11 1121 -17.06 -17.06
3 1122 -188.43 -188.43
5 1122 -139.79 -139.79
7 1122 -121.93 -121.93
11 1122 -107.18 -107.18
13 1122 -83.57 -83.57
3 1123 -256.71 -256.71
5 1123 -178.3 -178.3
3 1124 215.66 215.66
4 1124 243.55 243.55
6 1124 255.91 255.91
7 1124 186.27 186.27
8 1124 271.19 271.19
9 1124 288.55 288.55
15 1124 355 355
20 1124 384.3 384.3
3 1125 -52.26 -52.26
5 1125 -37.49 -37.49
7 1125 -32.95 -32.95
11 1125 -28.67 -28.67
3 1126 18.21 18.21
5 1126 24.47 24.47
3 1127 246.74 246.74
4 1127 310.08 310.08
5 1127 213.56 213.56
7 1127 199.57 199.57
11 1127 186.33 186.33
4 1128 -87.98 -87.98
5 1128 -51.92 -51.92
7 1128 -48.44 -48.44
4 1129 -179.1 -179.1
5 1129 -103 -103
14 1129 -289.26 -289.26
19 1129 310.57 310.57
0 1130 -204.55 -204.55
2 1130 -246.07 -246.07
0 1131 263.97 263.97
2 1131 288.78 288.78
0 1132 299.23 299.23
2 1132 326.67 326.67
3 1132 274.24 274.24
0 1133 306.22 306.22
2 1133 335.15 335.15
0 1134 306.22 306.22
2 1134 335.15 335.15
0 1135 150.66 150.66
3 1135 148.4 148.4
6 1135 160.61 160.61
8 1135 166 166
9 1135 172.17 172.17
12 1135 188.52 188.52
14 1135 179.95 179.95
0 1136 -50 -50
3 1136 -42.87 -42.87
7 1136 -32.06 -32.06
9 1136 -86.92 -86.92
0 1137 145.09 145.09
6 1137 154.69 154.69
0 1138 -34.1 -34.1
3 1138 -29.02 -29.02
6 1138 -47.48 -47.48
7 1138 -22.09 -22.09
8 1138 -51.92 -51.92
9 1138 -56.81 -56.81
11 1138 -21.47 -21.47
12 1138 -63.71 -63.71
14 1138 -60.08 -60.08
17 1138 -77.13 -77.13
20 1138 -72.04 -72.04
35 1138 -81.96 -81.96
38 1138 -93.87 -93.87
47 1138 -99.41 -99.41
0 1139 -155.71 -155.71
6 1139 -215.06 -215.06
8 1139 -240.28 -240.28
9 1139 -268.89 -268.89
12 1139 -338.51 -338.51
15 1139 -383.35 -383.35
23 1139 330.1 330.1
0 1140 96.18 96.18
2 1140 94.1 94.1
3 1140 98.4 98.4
4 1140 93.67 93.67
5 1140 96.13 96.13
6 1140 94.53 94.53
7 1140 93.37 93.37
8 1140 95.17 95.17
9 1140 95.25 95.25
10 1140 87.26 87.26
12 1140 97.62 97.62
13 1140 85.42 85.42
14 1140 96.51 96.51
15 1140 98.71 98.71
17 1140 99.5 99.5
20 1140 99.08 99.08
33 1140 101.06 101.06
35 1140 100.17 100.17
38 1140 101.39 101.39
0 1141 -148.06 -148.06
8 1141 -229.41 -229.41
18 1141 274.92 274.92
19 1141 308.22 308.22
24 1141 241.42 241.42
27 1141 207.32 207.32
0 1142 203.48 203.48
4 1142 216.51 216.51
8 1142 236.27 236.27
15 1142 291.31 291.31
0 1143 195.97 195.97
8 1143 224.55 224.55
9 1143 236.08 236.08
12 1143 260.6 260.6
14 1143 247.06 247.06
15 1143 271.94 271.94
0 1144 210.13 210.13
3 1144 204.52 204.52
6 1144 235.03 235.03
8 1144 247.32 247.32
9 1144 260.87 260.87
12 1144 292.54 292.54
14 1144 276.41 276.41
15 1144 311.06 311.06
0 1145 -96.09 -96.09
6 1145 -144.04 -144.04
0 1146 186.45 186.45
8 1146 211.11 211.11
12 1146 241.08 241.08
15 1146 252.2 252.2
0 1147 152.57 152.57
4 1147 158.05 158.05
6 1147 163.01 163.01
8 1147 168.78 168.78
9 1147 174.95 174.95
12 1147 190.56 190.56
14 1147 182.86 182.86
0 1148 -19.82 -19.82
2 1148 -27.98 -27.98
4 1148 -35.32 -35.32
6 1148 -42.67 -42.67
0 1149 -25.36 -25.36
2 1149 -34.33 -34.33
6 1149 -50.32 -50.32
8 1149 -60.37 -60.37
0 1150 -6.5 -6.5
2 1150 -14.63 -14.63
4 1150 -21.47 -21.47
6 1150 -28.62 -28.62
8 1150 -36.51 -36.51
9 1150 -47.49 -47.49
0 1151 -48.89 -48.89
2 1151 -61.31 -61.31
8 1151 -106.74 -106.74
0 1152 118.84 118.84
2 1152 120.18 120.18
8 1152 139.54 139.54
9 1152 147.31 147.31
12 1152 167 167
15 1152 180.4 180.4
20 1152 196.01 196.01
33 1152 269.08 269.08
38 1152 312.86 312.86
47 1152 380.02 380.02
0 1153 -34.27 -34.27
2 1153 -45.16 -45.16
6 1153 -68.01 -68.01
8 1153 -82.13 -82.13
9 1153 -100.54 -100.54
12 1153 -152.17 -152.17
15 1153 -192.59 -192.59
20 1153 -259.16 -259.16
37 1153 91.49 91.49
0 1154 116.37 116.37
2 1154 117.38 117.38
6 1154 126.85 126.85
12 1154 158.13 158.13
0 1155 -28.33 -28.33
2 1155 -38.47 -38.47
6 1155 -60.26 -60.26
9 1155 -88.93 -88.93
14 1155 -109.23 -109.23
0 1156 -133.67 -133.67
6 1156 -246.67 -246.67
0 1157 -286.05 -286.05
3 1157 -240.26 -240.26
0 1158 -66.9 -66.9
2 1158 -75.6 -75.6
6 1158 -90.16 -90.16
8 1158 -98.19 -98.19
9 1158 -107.98 -107.98
12 1158 -126.32 -126.32
14 1158 -116.9 -116.9
15 1158 -136.11 -136.11
17 1158 -161.95 -161.95
20 1158 -148.45 -148.45
33 1158 -192.87 -192.87
0 1159 -10.29 -10.29
3 1159 -6.07001 -6.07001
5 1159 -2.04999 -2.04999
7 1159 -1.03 -1.03
11 1159 -0.779999 -0.779999
13 1159 -1.06 -1.06
22 1159 -2.75 -2.75
0 1160 356.97 356.97
2 1160 375.78 375.78
0 1161 98.16 98.16
2 1161 96.41 96.41
4 1161 96.71 96.71
8 1161 98.96 98.96
12 1161 102.91 102.91
14 1161 101.56 101.56
15 1161 104.5 104.5
17 1161 106.37 106.37
20 1161 105.25 105.25
33 1161 109.97 109.97
35 1161 108.4 108.4
0 1162 98.16 98.16
2 1162 96.41 96.41
4 1162 96.71 96.71
8 1162 98.96 98.96
12 1162 102.91 102.91
15 1162 104.5 104.5
17 1162 106.37 106.37
20 1162 105.25 105.25
33 1162 109.97 109.97
35 1162 108.4 108.4
0 1163 -137.32 -137.32
7 1163 -95.47 -95.47
0 1164 148.81 148.81
7 1164 132.3 132.3
0 1165 148.81 148.81
7 1165 132.3 132.3
0 1166 -25 -25
2 1166 -30.93 -30.93
3 1166 -20.64 -20.64
4 1166 -34.63 -34.63
6 1166 -39.12 -39.12
0 1167 -1.23999 -1.23999
2 1167 -7.25 -7.25
6 1167 -16.39 -16.39
0 1168 -1.23999 -1.23999
6 1168 -16.39 -16.39
8 1168 -21.77 -21.77
9 1168 -27.87 -27.87
14 1168 -36.87 -36.87
0 1169 -2.88001 -2.88001
4 1169 -16.26 -16.26
6 1169 -22.64 -22.64
8 1169 -29.45 -29.45
9 1169 -37.97 -37.97
12 1169 -65.34 -65.34
0 1170 -170.98 -170.98
7 1170 -95.24 -95.24
0 1171 -165.59 -165.59
3 1171 -138 -138
0 1172 -231.73 -231.73
2 1172 -283.66 -283.66
0 1173 -231.73 -231.73
2 1173 -283.66 -283.66
0 1174 -17.55 -17.55
2 1174 -22.58 -22.58
4 1174 -26 -26
8 1174 -31.86 -31.86
0 1175 240.78 240.78
8 1175 299.99 299.99
0 1176 113.1 113.1
8 1176 121.14 121.14
0 1177 -173.1 -173.1
3 1177 -143.55 -143.55
0 1178 99.43 99.43
2 1178 97.91 97.91
3 1178 100.64 100.64
4 1178 98.17 98.17
5 1178 97.86 97.86
6 1178 98.96 98.96
7 1178 94.79 94.79
8 1178 100.01 100.01
9 1178 100.72 100.72
10 1178 87.61 87.61
11 1178 91.6 91.6
0 1179 242.08 242.08
2 1179 338.19 338.19
0 1180 -166.01 -166.01
3 1180 -137.28 -137.28
0 1181 -293.9 -293.9
3 1181 -244.73 -244.73
0 1182 -200.56 -200.56
2 1182 -241.5 -241.5
0 1183 292.74 292.74
2 1183 319.12 319.12
4 1183 354.6 354.6
0 1184 255.9 255.9
7 1184 193.8 193.8
0 1185 -119.12 -119.12
2 1185 -134.29 -134.29
0 1186 -229.19 -229.19
3 1186 -190.96 -190.96
0 1187 -212.51 -212.51
2 1187 -255.54 -255.54
0 1188 -329.12 -329.12
7 1188 -140.01 -140.01
36 1188 316.24 316.24
0 1189 -351 -351
7 1189 -194.73 -194.73
18 1189 -116.87 -116.87
19 1189 -56.72 -56.72
21 1189 59.21 59.21
23 1189 2.07001 2.07001
26 1189 113.15 113.15
28 1189 166.41 166.41
29 1189 219.21 219.21
31 1189 -386.83 -386.83
0 1190 265.83 265.83
2 1190 282.53 282.53
0 1191 -68.37 -68.37
8 1191 -98.42 -98.42
9 1191 -106.16 -106.16
12 1191 -121.39 -121.39
14 1191 -113.45 -113.45
15 1191 -129.92 -129.92
17 1191 -152.46 -152.46
20 1191 -140.65 -140.65
35 1191 -164.71 -164.71
0 1192 -106.42 -106.42
2 1192 -121.55 -121.55
0 1193 -106.42 -106.42
2 1193 -121.55 -121.55
0 1194 0.589996 0.589996
2 1194 -6.45999 -6.45999
4 1194 -12.39 -12.39
6 1194 -17.99 -17.99
0 1195 -280.67 -280.67
3 1195 -233.13 -233.13
0 1196 -297.8 -297.8
3 1196 -248.84 -248.84
0 1197 -281.9 -281.9
3 1197 -236.61 -236.61
0 1198 -281.9 -281.9
3 1198 -236.61 -236.61
0 1199 -270.48 -270.48
3 1199 -225.86 -225.86
0 1200 243.37 243.37
2 1200 264.18 264.18
0 1201 93.17 93.17
2 1201 91.06 91.06
3 1201 95.23 95.23
4 1201 90.82 90.82
6 1201 91.71 91.71
8 1201 92.44 92.44
9 1201 92.39 92.39
12 1201 95.75 95.75
14 1201 94.13 94.13
15 1201 96.94 96.94
17 1201 101.22 101.22
0 1202 275.15 275.15
2 1202 291.94 291.94
0 1203 -11.14 -11.14
2 1203 -16.08 -16.08
4 1203 -19.74 -19.74
6 1203 -22.31 -22.31
8 1203 -25.05 -25.05
9 1203 -28.27 -28.27
0 1204 -162.57 -162.57
3 1204 -136.36 -136.36
0 1205 211.23 211.23
2 1205 226.32 226.32
4 1205 247.93 247.93
0 1206 -210.88 -210.88
2 1206 -254.28 -254.28
3 1206 -178.68 -178.68
0 1207 -5.82999 -5.82999
2 1207 -10.42 -10.42
3 1207 -1.62 -1.62
4 1207 -13.26 -13.26
6 1207 -15.56 -15.56
7 1207 1.03 1.03
8 1207 -18.04 -18.04
9 1207 -20.7 -20.7
11 1207 0.769989 0.769989
12 1207 -24.28 -24.28
14 1207 -22.17 -22.17
15 1207 -26 -26
17 1207 -31.55 -31.55
20 1207 -28.8 -28.8
33 1207 -36.51 -36.51
35 1207 -33.72 -33.72
38 1207 -38.95 -38.95
47 1207 -41 -41
0 1208 -116.66 -116.66
2 1208 -130.19 -130.19
7 1208 -76.35 -76.35
1 1209 -201.11 -201.11
5 1209 -175.3 -175.3
1 1210 -125.8 -125.8
3 1210 -155.95 -155.95
1 1211 -225.66 -225.66
3 1211 -269.52 -269.52
1 1212 -174.34 -174.34
3 1212 -209.32 -209.32
5 1212 -154.48 -154.48
1 1213 -174.34 -174.34
3 1213 -209.32 -209.32
5 1213 -154.48 -154.48
7 1213 -136.38 -136.38
10 1213 -112.06 -112.06
11 1213 -122.59 -122.59
13 1213 -101.04 -101.04
16 1213 -86.18 -86.18
22 1213 -92.69 -92.69
1 1214 -177.39 -177.39
3 1214 -213.17 -213.17
1 1215 -179.86 -179.86
3 1215 -216.65 -216.65
1 1216 -63.02 -63.02
5 1216 -58.92 -58.92
7 1216 -52.84 -52.84
11 1216 -48.46 -48.46
1 1217 123.51 123.51
2 1217 121.71 121.71
4 1217 123.2 123.2
1 1218 -117.05 -117.05
6 1218 -202.73 -202.73
9 1218 -253.12 -253.12
12 1218 -318.79 -318.79
14 1218 -282.73 -282.73
19 1218 312.64 312.64
23 1218 348.33 348.33
1 1219 245.37 245.37
8 1219 303.84 303.84
1 1220 224.56 224.56
7 1220 192.44 192.44
1 1221 -131.2 -131.2
3 1221 -162.25 -162.25
5 1221 -115.48 -115.48
10 1221 -81.18 -81.18
1 1222 -128.35 -128.35
3 1222 -158.89 -158.89
5 1222 -112.24 -112.24
7 1222 -97.1 -97.1
1 1223 -212.88 -212.88
3 1223 -253.53 -253.53
1 1224 -241.51 -241.51
7 1224 -172.63 -172.63
1 1225 149.48 149.48
5 1225 141.63 141.63
7 1225 136.24 136.24
10 1225 124.99 124.99
11 1225 130.74 130.74
13 1225 121.15 121.15
22 1225 116.13 116.13
1 1226 -317.85 -317.85
7 1226 -237.38 -237.38
29 1226 137.76 137.76
36 1226 193.99 193.99
42 1226 246.84 246.84
1 1227 253.22 253.22
5 1227 236.02 236.02
7 1227 221.58 221.58
1 1228 178.13 178.13
7 1228 150.95 150.95
1 1229 -48.65 -48.65
5 1229 -42.66 -42.66
7 1229 -37.72 -37.72
1 1230 346.01 346.01
7 1230 270.12 270.12
1 1231 -201.15 -201.15
5 1231 -174.99 -174.99
1 1232 -177.82 -177.82
5 1232 -155.24 -155.24
1 1233 -177.82 -177.82
5 1233 -155.24 -155.24
1 1234 -153.82 -153.82
3 1234 -184.97 -184.97
1 1235 198.98 198.98
5 1235 183.34 183.34
1 1236 -33.53 -33.53
7 1236 -29.41 -29.41
11 1236 -27.79 -27.79
1 1237 -33.53 -33.53
7 1237 -29.41 -29.41
11 1237 -27.79 -27.79
1 1238 255.84 255.84
7 1238 222.8 222.8
10 1238 196.93 196.93
16 1238 167.3 167.3
1 1239 -185.45 -185.45
5 1239 -169.49 -169.49
7 1239 -155.25 -155.25
1 1240 -94.26 -94.26
5 1240 -88.37 -88.37
7 1240 -83.27 -83.27
1 1241 222.74 222.74
6 1241 274.81 274.81
1 1242 134.23 134.23
3 1242 140.48 140.48
5 1242 125.97 125.97
1 1243 159.6 159.6
5 1243 147.45 147.45
7 1243 137.83 137.83
22 1243 105.56 105.56
1 1244 167.99 167.99
5 1244 154.74 154.74
7 1244 143.38 143.38
1 1245 269.99 269.99
3 1245 364.15 364.15
1 1246 286.84 286.84
7 1246 227.33 227.33
1 1247 243 243
5 1247 227.14 227.14
7 1247 213.85 213.85
10 1247 190.78 190.78
11 1247 201.95 201.95
13 1247 181.39 181.39
22 1247 171.85 171.85
1 1248 -91.75 -91.75
3 1248 -101.59 -101.59
5 1248 -86.34 -86.34
7 1248 -81.37 -81.37
10 1248 -72.47 -72.47
11 1248 -76.49 -76.49
13 1248 -68.09 -68.09
16 1248 -63.32 -63.32
22 1248 -65.47 -65.47
30 1248 -64.22 -64.22
1 1249 -176.62 -176.62
5 1249 -161.61 -161.61
7 1249 -148.53 -148.53
1 1250 357.04 357.04
7 1250 277.89 277.89
11 1250 250.32 250.32
1 1251 -255.22 -255.22
7 1251 -182.54 -182.54
1 1252 213.35 213.35
7 1252 141.83 141.83
1 1253 -196.32 -196.32
5 1253 -171.04 -171.04
1 1254 -173.41 -173.41
5 1254 -151.46 -151.46
7 1254 -131.72 -131.72
1 1255 -124.76 -124.76
3 1255 -154.83 -154.83
5 1255 -109.36 -109.36
7 1255 -94.55 -94.55
10 1255 -76.38 -76.38
13 1255 -67.71 -67.71
16 1255 -57.01 -57.01
22 1255 -61.86 -61.86
34 1255 -55.57 -55.57
45 1255 -33.17 -33.17
1 1256 -112.69 -112.69
3 1256 -138.87 -138.87
1 1257 -381.07 -381.07
7 1257 -272.66 -272.66
10 1257 -209.28 -209.28
11 1257 -235.84 -235.84
13 1257 -185.84 -185.84
22 1257 -167.94 -167.94
1 1258 118.21 118.21
2 1258 115.05 115.05
3 1258 117.98 117.98
4 1258 116.4 116.4
5 1258 114.11 114.11
6 1258 117.64 117.64
7 1258 110.71 110.71
8 1258 119.55 119.55
9 1258 121.25 121.25
10 1258 103.29 103.29
11 1258 107.21 107.21
12 1258 126.76 126.76
14 1258 124.14 124.14
15 1258 129.07 129.07
17 1258 133.21 133.21
20 1258 130.71 130.71
22 1258 96.9 96.9
30 1258 87.22 87.22
33 1258 139.12 139.12
34 1258 80.03 80.03
35 1258 136.58 136.58
39 1258 81.52 81.52
43 1258 77.43 77.43
45 1258 86.92 86.92
47 1258 146.28 146.28
1 1259 242.37 242.37
5 1259 226.55 226.55
7 1259 213.23 213.23
11 1259 201.35 201.35
1 1260 249.1 249.1
5 1260 232.5 232.5
7 1260 218.49 218.49
10 1260 194.45 194.45
11 1260 206.16 206.16
13 1260 184.88 184.88
22 1260 174.84 174.84
30 1260 154.87 154.87
1 1261 249.1 249.1
5 1261 232.5 232.5
7 1261 218.49 218.49
10 1261 194.45 194.45
11 1261 206.16 206.16
13 1261 184.88 184.88
22 1261 174.84 174.84
30 1261 154.87 154.87
1 1262 251.87 251.87
5 1262 235.15 235.15
7 1262 220.94 220.94
10 1262 196.48 196.48
11 1262 208.52 208.52
13 1262 186.55 186.55
16 1262 167.21 167.21
22 1262 176.24 176.24
1 1263 -181.89 -181.89
5 1263 -165.87 -165.87
7 1263 -152.58 -152.58
1 1264 -91.85 -91.85
3 1264 -101.77 -101.77
5 1264 -86.46 -86.46
7 1264 -81.54 -81.54
10 1264 -72.62 -72.62
11 1264 -76.68 -76.68
1 1265 265.89 265.89
5 1265 246.91 246.91
7 1265 230.91 230.91
10 1265 204 204
11 1265 216.88 216.88
13 1265 192.94 192.94
16 1265 172.43 172.43
22 1265 182.1 182.1
30 1265 160.74 160.74
43 1265 142.74 142.74
1 1266 283.22 283.22
7 1266 243.91 243.91
10 1266 214.02 214.02
11 1266 228.26 228.26
1 1267 283.22 283.22
5 1267 261.79 261.79
7 1267 243.91 243.91
10 1267 214.02 214.02
11 1267 228.26 228.26
13 1267 202.01 202.01
1 1268 -126.24 -126.24
5 1268 -111.88 -111.88
7 1268 -99.08 -99.08
11 1268 -89.08 -89.08
1 1269 -202.84 -202.84
5 1269 -177.08 -177.08
7 1269 -154.15 -154.15
10 1269 -124.54 -124.54
11 1269 -137.79 -137.79
1 1270 -117.11 -117.11
3 1270 -142.97 -142.97
1 1271 -201.27 -201.27
7 1271 -148.2 -148.2
10 1271 -114.73 -114.73
13 1271 -101.66 -101.66
16 1271 -85.37 -85.37
22 1271 -92.7 -92.7
30 1271 -81.49 -81.49
1 1272 -154.84 -154.84
5 1272 -136.23 -136.23
7 1272 -118.79 -118.79
10 1272 -96.99 -96.99
11 1272 -106.7 -106.7
1 1273 -85.23 -85.23
7 1273 -72.74 -72.74
11 1273 -68.19 -68.19
1 1274 -129.78 -129.78
5 1274 -120.93 -120.93
7 1274 -110.65 -110.65
1 1275 -101.06 -101.06
5 1275 -94.39 -94.39
7 1275 -88.23 -88.23
10 1275 -77.39 -77.39
11 1275 -82.37 -82.37
13 1275 -72.97 -72.97
1 1276 -112.2 -112.2
3 1276 -139.3 -139.3
1 1277 -152.28 -152.28
5 1277 -138.65 -138.65
7 1277 -127.27 -127.27
1 1278 -129.14 -129.14
7 1278 -98.32 -98.32
2 1279 264.92 264.92
4 1279 293.26 293.26
2 1280 316.07 316.07
4 1280 351.65 351.65
2 1281 248.63 248.63
4 1281 273.11 273.11
2 1282 326.47 326.47
4 1282 364.06 364.06
2 1283 326.47 326.47
4 1283 364.06 364.06
2 1284 319.41 319.41
4 1284 355.53 355.53
2 1285 -38.24 -38.24
6 1285 -49.25 -49.25
2 1286 -35.43 -35.43
8 1286 -47.32 -47.32
12 1286 -58.72 -58.72
14 1286 -55.37 -55.37
15 1286 -61.52 -61.52
2 1287 -18.6 -18.6
6 1287 -24.84 -24.84
8 1287 -28.52 -28.52
9 1287 -32.63 -32.63
12 1287 -37.97 -37.97
14 1287 -35.37 -35.37
15 1287 -40.72 -40.72
17 1287 -48.99 -48.99
20 1287 -44.76 -44.76
33 1287 -58.08 -58.08
35 1287 -53.05 -53.05
2 1288 -43.44 -43.44
8 1288 -55.97 -55.97
14 1288 -63.98 -63.98
2 1289 -15.08 -15.08
8 1289 -24.45 -24.45
15 1289 -35.48 -35.48
17 1289 -43.23 -43.23
2 1290 -164.45 -164.45
6 1290 -203.03 -203.03
8 1290 -227.08 -227.08
9 1290 -254.58 -254.58
14 1290 -284.21 -284.21
15 1290 -361.59 -361.59
18 1290 278.44 278.44
21 1290 381.44 381.44
24 1290 244.95 244.95
2 1291 -164.14 -164.14
8 1291 -226.62 -226.62
19 1291 311.78 311.78
2 1292 -164.14 -164.14
8 1292 -226.62 -226.62
19 1292 311.78 311.78
21 1292 381.17 381.17
2 1293 247.37 247.37
4 1293 260.63 260.63
6 1293 276.41 276.41
8 1293 294.63 294.63
12 1293 366.98 366.98
14 1293 340.03 340.03
2 1294 203.64 203.64
4 1294 210.79 210.79
6 1294 219.99 219.99
8 1294 230.6 230.6
9 1294 241.42 241.42
12 1294 268.53 268.53
14 1294 254.9 254.9
15 1294 283.13 283.13
17 1294 317.94 317.94
20 1294 299.21 299.21
33 1294 362.09 362.09
35 1294 338.65 338.65
38 1294 392.22 392.22
2 1295 -134.5 -134.5
4 1295 -149.38 -149.38
6 1295 -165.34 -165.34
2 1296 155.84 155.84
3 1296 153.15 153.15
4 1296 159.12 159.12
7 1296 138.76 138.76
2 1297 218.41 218.41
8 1297 251.35 251.35
9 1297 265.08 265.08
15 1297 317.26 317.26
2 1298 -168.1 -168.1
6 1298 -210.51 -210.51
8 1298 -236.5 -236.5
9 1298 -267.61 -267.61
12 1298 -345.01 -345.01
14 1298 -302.42 -302.42
18 1298 260.48 260.48
19 1298 296.47 296.47
21 1298 370.23 370.23
23 1298 333.93 333.93
24 1298 224.1 224.1
25 1298 146.63 146.63
27 1298 187.28 187.28
31 1298 104.7 104.7
32 1298 21.05 21.05
37 1298 63.39 63.39
40 1298 -124.14 -124.14
46 1298 -170.96 -170.96
48 1298 -218.04 -218.04
2 1299 241.2 241.2
4 1299 254.06 254.06
8 1299 285.58 285.58
2 1300 247.8 247.8
8 1300 296.54 296.54
14 1300 345.74 345.74
2 1301 -93.47 -93.47
8 1301 -120.49 -120.49
14 1301 -140.66 -140.66
2 1302 -93.47 -93.47
8 1302 -120.49 -120.49
9 1302 -130.54 -130.54
14 1302 -140.66 -140.66
2 1303 -133.59 -133.59
6 1303 -162.65 -162.65
2 1304 -42.32 -42.32
8 1304 -77.54 -77.54
2 1305 -48.68 -48.68
6 1305 -72.42 -72.42
2 1306 131.35 131.35
8 1306 156.68 156.68
12 1306 202.12 202.12
15 1306 224.04 224.04
35 1306 343.36 343.36
2 1307 69.06 69.06
4 1307 68.76 68.76
6 1307 72 72
8 1307 80.77 80.77
2 1308 -64.96 -64.96
6 1308 -100.82 -100.82
2 1309 189.88 189.88
4 1309 270.63 270.63
2 1310 320.86 320.86
4 1310 357.7 357.7
2 1311 241.29 241.29
4 1311 265.26 265.26
2 1312 334.23 334.23
4 1312 373.44 373.44
2 1313 325.06 325.06
4 1313 362.42 362.42
2 1314 224.64 224.64
4 1314 245.38 245.38
2 1315 -15.18 -15.18
4 1315 -18.52 -18.52
6 1315 -21.43 -21.43
7 1315 -1.17999 -1.17999
8 1315 -24.98 -24.98
9 1315 -28.79 -28.79
11 1315 -0.959991 -0.959991
12 1315 -33.76 -33.76
14 1315 -31.46 -31.46
15 1315 -36.28 -36.28
20 1315 -39.55 -39.55
22 1315 -2.72 -2.72
33 1315 -51.85 -51.85
38 1315 -55.97 -55.97
47 1315 -60.07 -60.07
2 1316 81.77 81.77
5 1316 85.68 85.68
7 1316 83.78 83.78
8 1316 81.27 81.27
10 1316 78.33 78.33
12 1316 82.4 82.4
15 1316 82.54 82.54
17 1316 81.91 81.91
20 1316 82.11 82.11
33 1316 82.31 82.31
34 1316 59.51 59.51
35 1316 82.35 82.35
38 1316 82.64 82.64
47 1316 83.15 83.15
2 1317 97.81 97.81
4 1317 97.99 97.99
6 1317 98.1 98.1
7 1317 96.34 96.34
8 1317 98.92 98.92
9 1317 99.72 99.72
12 1317 101.95 101.95
14 1317 100.65 100.65
15 1317 103.61 103.61
20 1317 103.78 103.78
33 1317 105.99 105.99
35 1317 105.26 105.26
38 1317 107.01 107.01
47 1317 108.32 108.32
2 1318 268.43 268.43
6 1318 304.6 304.6
9 1318 354.38 354.38
14 1318 386.89 386.89
2 1319 248.98 248.98
4 1319 262.53 262.53
6 1319 277.83 277.83
8 1319 295.59 295.59
9 1319 316.24 316.24
12 1319 368.35 368.35
14 1319 341.48 341.48
15 1319 399.06 399.06
2 1320 -188.95 -188.95
6 1320 -239.91 -239.91
8 1320 -273.87 -273.87
9 1320 -314.37 -314.37
14 1320 -362.66 -362.66
25 1320 89.24 89.24
26 1320 367.83 367.83
31 1320 43.33 43.33
40 1320 -208.68 -208.68
2 1321 -136.9 -136.9
4 1321 -151.37 -151.37
6 1321 -167.31 -167.31
2 1322 191.18 191.18
8 1322 328.71 328.71
2 1323 -176.21 -176.21
6 1323 -219.4 -219.4
2 1324 -31.44 -31.44
4 1324 -39.17 -39.17
6 1324 -47.38 -47.38
2 1325 178.8 178.8
4 1325 193.29 193.29
9 1325 265.81 265.81
2 1326 178.8 178.8
4 1326 193.29 193.29
9 1326 265.81 265.81
2 1327 -140.36 -140.36
8 1327 -266.62 -266.62
19 1327 219.43 219.43
23 1327 299.59 299.59
2 1328 217.46 217.46
4 1328 314.07 314.07
2 1329 230.61 230.61
4 1329 341.83 341.83
2 1330 239.34 239.34
7 1330 209.2 209.2
2 1331 298.43 298.43
4 1331 331.75 331.75
2 1332 248.07 248.07
4 1332 272.83 272.83
2 1333 248.07 248.07
4 1333 272.83 272.83
2 1334 -85.36 -85.36
6 1334 -102.12 -102.12
2 1335 168.77 168.77
4 1335 172.95 172.95
6 1335 178.65 178.65
8 1335 185.38 185.38
2 1336 -20.59 -20.59
4 1336 -23.73 -23.73
6 1336 -27.24 -27.24
8 1336 -30.7 -30.7
14 1336 -37.68 -37.68
2 1337 -23.38 -23.38
4 1337 -27.11 -27.11
6 1337 -30.31 -30.31
8 1337 -34.03 -34.03
9 1337 -38.37 -38.37
14 1337 -40.95 -40.95
15 1337 -46.9 -46.9
17 1337 -55.55 -55.55
20 1337 -51.06 -51.06
33 1337 -64.51 -64.51
35 1337 -59.6 -59.6
38 1337 -69.83 -69.83
47 1337 -74.4 -74.4
2 1338 -135.21 -135.21
4 1338 -149.94 -149.94
6 1338 -166.23 -166.23
2 1339 -97.39 -97.39
6 1339 -117.07 -117.07
8 1339 -127.1 -127.1
14 1339 -147.37 -147.37
15 1339 -172.02 -172.02
20 1339 -187.02 -187.02
37 1339 353.89 353.89
2 1340 313.54 313.54
4 1340 348.58 348.58
2 1341 -53.55 -53.55
4 1341 -59.48 -59.48
6 1341 -66.01 -66.01
8 1341 -73.14 -73.14
9 1341 -81.81 -81.81
12 1341 -97.45 -97.45
14 1341 -89.31 -89.31
15 1341 -105.52 -105.52
20 1341 -115.72 -115.72
2 1342 -40.74 -40.74
6 1342 -52.12 -52.12
8 1342 -58.82 -58.82
9 1342 -66.99 -66.99
12 1342 -80.87 -80.87
14 1342 -73.8 -73.8
17 1342 -106.95 -106.95
20 1342 -97.28 -97.28
33 1342 -131.87 -131.87
35 1342 -117.41 -117.41
2 1343 -113.86 -113.86
6 1343 -147.14 -147.14
2 1344 264.51 264.51
4 1344 280.32 280.32
6 1344 299.43 299.43
8 1344 321.65 321.65
9 1344 347.27 347.27
14 1344 378.41 378.41
2 1345 255.39 255.39
4 1345 269.45 269.45
6 1345 286.9 286.9
8 1345 306.22 306.22
9 1345 328.5 328.5
12 1345 385.03 385.03
14 1345 355.5 355.5
2 1346 244.35 244.35
8 1346 289.19 289.19
9 1346 308.37 308.37
12 1346 356.96 356.96
14 1346 331.15 331.15
15 1346 384.39 384.39
2 1347 244.35 244.35
8 1347 289.19 289.19
9 1347 308.37 308.37
12 1347 356.96 356.96
14 1347 331.15 331.15
15 1347 384.39 384.39
2 1348 -227.38 -227.38
6 1348 -294.45 -294.45
21 1348 268.13 268.13
28 1348 345.28 345.28
2 1349 -82.51 -82.51
4 1349 -90.8 -90.8
6 1349 -98.55 -98.55
2 1350 -41.62 -41.62
4 1350 -47.12 -47.12
6 1350 -52.41 -52.41
8 1350 -58.79 -58.79
9 1350 -65.88 -65.88
12 1350 -79.08 -79.08
14 1350 -72.56 -72.56
15 1350 -85.85 -85.85
17 1350 -103.66 -103.66
33 1350 -127.56 -127.56
35 1350 -114.59 -114.59
38 1350 -144.82 -144.82
2 1351 -179.54 -179.54
6 1351 -221.04 -221.04
18 1351 255.27 255.27
21 1351 353.63 353.63
23 1351 320.98 320.98
25 1351 154.22 154.22
27 1351 191.08 191.08
2 1352 -64.94 -64.94
4 1352 -76.21 -76.21
6 1352 -89.66 -89.66
2 1353 227.82 227.82
4 1353 248.37 248.37
2 1354 -19.68 -19.68
3 1354 -4 -4
2 1355 320.67 320.67
4 1355 354.79 354.79
5 1355 234.39 234.39
7 1355 218.3 218.3
10 1355 189.6 189.6
11 1355 203.29 203.29
13 1355 179.55 179.55
16 1355 158.44 158.44
22 1355 168.37 168.37
30 1355 146.99 146.99
34 1355 135.96 135.96
39 1355 131.79 131.79
43 1355 130.4 130.4
45 1355 134.04 134.04
2 1356 198.59 198.59
8 1356 223.44 223.44
2 1357 198.59 198.59
8 1357 223.44 223.44
2 1358 238.17 238.17
6 1358 268.43 268.43
12 1358 356.76 356.76
2 1359 222.59 222.59
4 1359 323.79 323.79
2 1360 222.59 222.59
4 1360 323.79 323.79
2 1361 -87.23 -87.23
4 1361 -97.03 -97.03
6 1361 -106.37 -106.37
2 1362 -39.46 -39.46
4 1362 -44.38 -44.38
6 1362 -49.37 -49.37
8 1362 -54.35 -54.35
3 1363 193.52 193.52
6 1363 217.56 217.56
8 1363 227.7 227.7
12 1363 264.09 264.09
35 1363 329.77 329.77
3 1364 -100.14 -100.14
5 1364 -85.09 -85.09
3 1365 210.02 210.02
8 1365 268.58 268.58
3 1366 -300.54 -300.54
7 1366 -161.3 -161.3
28 1366 87.12 87.12
36 1366 264.45 264.45
3 1367 -152.43 -152.43
5 1367 -107.59 -107.59
3 1368 359.97 359.97
7 1368 277.24 277.24
3 1369 -61.95 -61.95
7 1369 -38.49 -38.49
3 1370 259.78 259.78
7 1370 188.97 188.97
3 1371 141.31 141.31
7 1371 127.27 127.27
3 1372 -56.88 -56.88
7 1372 -36.01 -36.01
10 1372 -31.87 -31.87
11 1372 -31.27 -31.27
13 1372 -28.6 -28.6
16 1372 -20.47 -20.47
22 1372 -21.55 -21.55
34 1372 -28.97 -28.97
3 1373 180.37 180.37
8 1373 207.37 207.37
9 1373 216.61 216.61
17 1373 271.84 271.84
33 1373 304.62 304.62
35 1373 285.84 285.84
38 1373 323.33 323.33
47 1373 348.37 348.37
3 1374 180.37 180.37
8 1374 207.37 207.37
9 1374 216.61 216.61
33 1374 304.62 304.62
3 1375 -1.62 -1.62
5 1375 1.10001 1.10001
6 1375 -15.56 -15.56
7 1375 1.03 1.03
8 1375 -18.04 -18.04
9 1375 -20.7 -20.7
10 1375 0.019989 0.019989
11 1375 0.769989 0.769989
13 1375 0.0700073 0.0700073
14 1375 -22.17 -22.17
15 1375 -26 -26
16 1375 -2.67001 -2.67001
17 1375 -31.55 -31.55
20 1375 -28.8 -28.8
22 1375 -1.16 -1.16
30 1375 -6.64999 -6.64999
33 1375 -36.51 -36.51
34 1375 -11.77 -11.77
35 1375 -33.72 -33.72
38 1375 -38.95 -38.95
39 1375 -6.81 -6.81
43 1375 -12.35 -12.35
45 1375 -0.0400085 -0.0400085
47 1375 -41 -41
3 1376 248.89 248.89
7 1376 200.28 200.28
4 1377 146.53 146.53
6 1377 150.19 150.19
8 1377 155.24 155.24
9 1377 160.2 160.2
12 1377 174.72 174.72
14 1377 167.3 167.3
15 1377 181.42 181.42
17 1377 195.46 195.46
20 1377 188.1 188.1
33 1377 212.41 212.41
35 1377 204.21 204.21
4 1378 174.98 174.98
8 1378 187 187
4 1379 -178.85 -178.85
6 1379 -198.74 -198.74
15 1379 -355.6 -355.6
4 1380 -178.85 -178.85
8 1380 -221.96 -221.96
9 1380 -249.15 -249.15
4 1381 -188.25 -188.25
8 1381 -233.18 -233.18
9 1381 -261.49 -261.49
12 1381 -329 -329
15 1381 -372.41 -372.41
18 1381 270.58 270.58
19 1381 303.31 303.31
4 1382 -188.25 -188.25
8 1382 -233.18 -233.18
9 1382 -261.49 -261.49
15 1382 -372.41 -372.41
21 1382 373.17 373.17
4 1383 -190.05 -190.05
8 1383 -235.21 -235.21
9 1383 -263.84 -263.84
12 1383 -331.96 -331.96
14 1383 -295.02 -295.02
15 1383 -375.64 -375.64
18 1383 268.08 268.08
19 1383 301.07 301.07
21 1383 369.64 369.64
23 1383 335.87 335.87
24 1383 234.72 234.72
27 1383 201.44 201.44
31 1383 126.46 126.46
4 1384 -195.36 -195.36
6 1384 -216.57 -216.57
9 1384 -270.35 -270.35
12 1384 -339.91 -339.91
14 1384 -301.98 -301.98
18 1384 261.02 261.02
19 1384 293.57 293.57
21 1384 361.45 361.45
23 1384 327.91 327.91
24 1384 228.03 228.03
27 1384 195.12 195.12
4 1385 -167.15 -167.15
8 1385 -207.99 -207.99
18 1385 301.81 301.81
19 1385 337.19 337.19
23 1385 373.62 373.62
24 1385 265.97 265.97
4 1386 -160.52 -160.52
6 1386 -178.84 -178.84
8 1386 -200.01 -200.01
9 1386 -224.96 -224.96
12 1386 -284.27 -284.27
14 1386 -252.38 -252.38
15 1386 -322.61 -322.61
19 1386 349.55 349.55
20 1386 -374.9 -374.9
4 1387 -173.76 -173.76
6 1387 -192.75 -192.75
9 1387 -241.65 -241.65
18 1387 292.8 292.8
19 1387 326.74 326.74
23 1387 362.41 362.41
4 1388 283.43 283.43
6 1388 303.01 303.01
9 1388 352.36 352.36
14 1388 384.55 384.55
4 1389 -176.17 -176.17
6 1389 -195.47 -195.47
8 1389 -217.88 -217.88
9 1389 -244.51 -244.51
12 1389 -307.58 -307.58
14 1389 -273.47 -273.47
15 1389 -348.03 -348.03
18 1389 290.06 290.06
19 1389 323.72 323.72
23 1389 359.16 359.16
24 1389 255.92 255.92
25 1389 183.46 183.46
27 1389 221.73 221.73
4 1390 -176.17 -176.17
6 1390 -195.47 -195.47
8 1390 -217.88 -217.88
12 1390 -307.58 -307.58
14 1390 -273.47 -273.47
15 1390 -348.03 -348.03
18 1390 290.06 290.06
19 1390 323.72 323.72
23 1390 359.16 359.16
4 1391 277.42 277.42
6 1391 295.89 295.89
8 1391 317.54 317.54
9 1391 342.42 342.42
4 1392 277.42 277.42
6 1392 295.89 295.89
8 1392 317.54 317.54
9 1392 342.42 342.42
14 1392 372.09 372.09
4 1393 -172.45 -172.45
8 1393 -213.48 -213.48
9 1393 -239.02 -239.02
12 1393 -299.8 -299.8
15 1393 -338.75 -338.75
18 1393 296.67 296.67
24 1393 263.23 263.23
25 1393 190.55 190.55
27 1393 229.14 229.14
4 1394 226.99 226.99
6 1394 236.98 236.98
8 1394 249.65 249.65
17 1394 360.76 360.76
35 1394 389.12 389.12
4 1395 -227.78 -227.78
6 1395 -259.06 -259.06
8 1395 -297.01 -297.01
9 1395 -344.46 -344.46
18 1395 184.08 184.08
19 1395 224.34 224.34
21 1395 306.03 306.03
24 1395 143.14 143.14
25 1395 55.65 55.65
26 1395 345.24 345.24
27 1395 101.7 101.7
31 1395 8.26999 8.26999
32 1395 -87.28 -87.28
37 1395 -38.67 -38.67
40 1395 -255.8 -255.8
41 1395 -198.42 -198.42
44 1395 -141.91 -141.91
46 1395 -309.63 -309.63
48 1395 -363.43 -363.43
4 1396 248.51 248.51
8 1396 278.82 278.82
9 1396 296.72 296.72
12 1396 340.28 340.28
14 1396 317.54 317.54
15 1396 366.62 366.62
4 1397 257.87 257.87
6 1397 273.22 273.22
8 1397 291.28 291.28
9 1397 311.31 311.31
12 1397 361.81 361.81
14 1397 335.39 335.39
15 1397 391.73 391.73
4 1398 -182.48 -182.48
6 1398 -204.22 -204.22
4 1399 -182.48 -182.48
6 1399 -204.22 -204.22
8 1399 -229.77 -229.77
9 1399 -259.11 -259.11
12 1399 -332.53 -332.53
14 1399 -292.73 -292.73
15 1399 -380.85 -380.85
18 1399 270.73 270.73
19 1399 306.25 306.25
23 1399 343.54 343.54
24 1399 234.9 234.9
25 1399 157.67 157.67
27 1399 197.86 197.86
31 1399 116.43 116.43
37 1399 75.81 75.81
40 1399 -108.74 -108.74
41 1399 -60.23 -60.23
46 1399 -154.77 -154.77
48 1399 -201.05 -201.05
4 1400 -199.94 -199.94
6 1400 -224.69 -224.69
8 1400 -253.97 -253.97
12 1400 -381.01 -381.01
14 1400 -330.53 -330.53
19 1400 272.99 272.99
21 1400 349.46 349.46
23 1400 311.83 311.83
24 1400 197.7 197.7
25 1400 117.01 117.01
27 1400 159.46 159.46
31 1400 73.34 73.34
32 1400 -13.99 -13.99
37 1400 30.2 30.2
41 1400 -114.9 -114.9
44 1400 -63.59 -63.59
48 1400 -265 -265
4 1401 -199.58 -199.58
8 1401 -253.48 -253.48
12 1401 -378.44 -378.44
14 1401 -328.88 -328.88
19 1401 274.56 274.56
21 1401 350.49 350.49
23 1401 312.92 312.92
24 1401 199.47 199.47
25 1401 118.93 118.93
27 1401 161.27 161.27
31 1401 75.37 75.37
32 1401 -11.72 -11.72
37 1401 32.5 32.5
41 1401 -111.94 -111.94
44 1401 -60.81 -60.81
48 1401 -261.59 -261.59
4 1402 -199.58 -199.58
6 1402 -224 -224
32 1402 -11.72 -11.72
37 1402 32.5 32.5
4 1403 -121 -121
6 1403 -130.62 -130.62
8 1403 -149.86 -149.86
4 1404 200.82 200.82
8 1404 217.68 217.68
9 1404 226.77 226.77
4 1405 200.82 200.82
8 1405 217.68 217.68
4 1406 263.39 263.39
6 1406 280.49 280.49
8 1406 297.57 297.57
12 1406 373.49 373.49
4 1407 -117.03 -117.03
6 1407 -127.21 -127.21
8 1407 -139.2 -139.2
9 1407 -152.17 -152.17
14 1407 -165.87 -165.87
15 1407 -196.23 -196.23
17 1407 -236.79 -236.79
20 1407 -215.48 -215.48
25 1407 362.83 362.83
31 1407 330.14 330.14
32 1407 269.42 269.42
37 1407 300.34 300.34
41 1407 203.55 203.55
48 1407 112.58 112.58
4 1408 -117.03 -117.03
6 1408 -127.21 -127.21
8 1408 -139.2 -139.2
9 1408 -152.17 -152.17
14 1408 -165.87 -165.87
15 1408 -196.23 -196.23
17 1408 -236.79 -236.79
20 1408 -215.48 -215.48
25 1408 362.83 362.83
31 1408 330.14 330.14
32 1408 269.42 269.42
37 1408 300.34 300.34
40 1408 167.25 167.25
41 1408 203.55 203.55
44 1408 233.67 233.67
48 1408 112.58 112.58
4 1409 -112.53 -112.53
8 1409 -134.5 -134.5
9 1409 -146.68 -146.68
12 1409 -172.26 -172.26
14 1409 -158.41 -158.41
15 1409 -187.71 -187.71
4 1410 283.53 283.53
6 1410 304.53 304.53
9 1410 362.71 362.71
4 1411 140.9 140.9
6 1411 148.26 148.26
8 1411 157.07 157.07
9 1411 167.22 167.22
14 1411 179.84 179.84
4 1412 140.9 140.9
6 1412 148.26 148.26
8 1412 157.07 157.07
4 1413 177.58 177.58
6 1413 200.3 200.3
4 1414 135.75 135.75
6 1414 143 143
8 1414 151.33 151.33
12 1414 185.74 185.74
14 1414 172.94 172.94
17 1414 242.19 242.19
20 1414 219.48 219.48
33 1414 309.94 309.94
35 1414 271 271
38 1414 365.42 365.42
4 1415 149.77 149.77
6 1415 159.66 159.66
8 1415 171.87 171.87
9 1415 186.41 186.41
12 1415 226.61 226.61
14 1415 205.2 205.2
15 1415 253.67 253.67
17 1415 339.69 339.69
20 1415 289.47 289.47
4 1416 -177.6 -177.6
6 1416 -198.7 -198.7
8 1416 -223.04 -223.04
9 1416 -252.68 -252.68
14 1416 -286.43 -286.43
4 1417 -177.6 -177.6
6 1417 -198.7 -198.7
8 1417 -223.04 -223.04
9 1417 -252.68 -252.68
14 1417 -286.43 -286.43
18 1417 276.55 276.55
4 1418 146.11 146.11
6 1418 156.3 156.3
8 1418 167.97 167.97
9 1418 181.76 181.76
12 1418 220.87 220.87
15 1418 245.56 245.56
20 1418 279.67 279.67
4 1419 -53.76 -53.76
6 1419 -65.46 -65.46
8 1419 -79.85 -79.85
9 1419 -98.3 -98.3
14 1419 -119.93 -119.93
32 1419 -39.01 -39.01
37 1419 94.15 94.15
44 1419 -206.24 -206.24
4 1420 208.85 208.85
6 1420 234.75 234.75
4 1421 61.62 61.62
6 1421 63.63 63.63
8 1421 66.03 66.03
9 1421 69.23 69.23
12 1421 79.07 79.07
14 1421 73.91 73.91
17 1421 109.7 109.7
4 1422 -287.85 -287.85
6 1422 -330.87 -330.87
18 1422 111.87 111.87
21 1422 234.84 234.84
23 1422 194.54 194.54
24 1422 70.55 70.55
25 1422 -17.21 -17.21
27 1422 28.68 28.68
31 1422 -64.85 -64.85
37 1422 -111.84 -111.84
40 1422 -328.68 -328.68
41 1422 -271.85 -271.85
4 1423 -166.91 -166.91
6 1423 -206.28 -206.28
4 1424 -166.91 -166.91
6 1424 -206.28 -206.28
4 1425 -75.27 -75.27
6 1425 -94.82 -94.82
4 1426 79.93 79.93
6 1426 86.84 86.84
4 1427 -106.81 -106.81
6 1427 -121.94 -121.94
8 1427 -138.88 -138.88
9 1427 -159.3 -159.3
4 1428 -109.07 -109.07
6 1428 -124.39 -124.39
4 1429 175.5 175.5
6 1429 181.23 181.23
8 1429 188.77 188.77
9 1429 196.16 196.16
14 1429 205.78 205.78
4 1430 175.98 175.98
6 1430 181.94 181.94
8 1430 188.25 188.25
9 1430 195.02 195.02
12 1430 213.64 213.64
14 1430 204.3 204.3
15 1430 223.17 223.17
4 1431 175.98 175.98
6 1431 181.94 181.94
8 1431 188.25 188.25
9 1431 195.02 195.02
12 1431 213.64 213.64
15 1431 223.17 223.17
17 1431 244.14 244.14
20 1431 233.46 233.46
35 1431 256.14 256.14
4 1432 292.66 292.66
6 1432 313.62 313.62
4 1433 -68.2 -68.2
8 1433 -82.08 -82.08
9 1433 -90.16 -90.16
12 1433 -106.21 -106.21
15 1433 -115.47 -115.47
4 1434 -149.67 -149.67
6 1434 -171.64 -171.64
4 1435 -150.4 -150.4
6 1435 -185.66 -185.66
4 1436 -217.27 -217.27
6 1436 -266.02 -266.02
4 1437 72.93 72.93
6 1437 77.68 77.68
4 1438 270.22 270.22
6 1438 308.15 308.15
4 1439 -46.78 -46.78
8 1439 -58.41 -58.41
9 1439 -65.84 -65.84
12 1439 -78.6 -78.6
14 1439 -71.8 -71.8
15 1439 -85.23 -85.23
17 1439 -101.53 -101.53
20 1439 -93.97 -93.97
33 1439 -122.05 -122.05
35 1439 -109.92 -109.92
38 1439 -136.33 -136.33
47 1439 -153.35 -153.35
4 1440 -113.87 -113.87
6 1440 -125.76 -125.76
8 1440 -136.39 -136.39
9 1440 -149.59 -149.59
14 1440 -162.41 -162.41
17 1440 -233.67 -233.67
20 1440 -211.74 -211.74
25 1440 367.98 367.98
31 1440 336.88 336.88
32 1440 277.4 277.4
33 1440 -285.68 -285.68
35 1440 -257.6 -257.6
37 1440 307.48 307.48
38 1440 -320.65 -320.65
40 1440 178.21 178.21
44 1440 245.19 245.19
46 1440 148.09 148.09
47 1440 -363.18 -363.18
48 1440 118.17 118.17
4 1441 -69.84 -69.84
6 1441 -85.7 -85.7
4 1442 -7.22 -7.22
8 1442 -17.45 -17.45
9 1442 -24.58 -24.58
4 1443 172.52 172.52
6 1443 178.16 178.16
8 1443 184.86 184.86
9 1443 191.78 191.78
4 1444 -240.61 -240.61
6 1444 -276.29 -276.29
9 1444 -374.59 -374.59
21 1444 287.63 287.63
25 1444 27.76 27.76
26 1444 327.91 327.91
28 1444 367.9 367.9
37 1444 -70.72 -70.72
40 1444 -299.12 -299.12
41 1444 -238.51 -238.51
44 1444 -178.84 -178.84
46 1444 -354.86 -354.86
4 1445 335 335
7 1445 227.99 227.99
4 1446 -211.93 -211.93
6 1446 -239.07 -239.07
8 1446 -271.64 -271.64
21 1446 330.14 330.14
26 1446 367.32 367.32
4 1447 -238.48 -238.48
6 1447 -272.59 -272.59
9 1447 -368.35 -368.35
18 1447 165.16 165.16
19 1447 207.41 207.41
21 1447 290.51 290.51
23 1447 249.36 249.36
25 1447 33.53 33.53
26 1447 330.94 330.94
27 1447 81.05 81.05
28 1447 371.35 371.35
31 1447 -15.67 -15.67
32 1447 -114.48 -114.48
37 1447 -64.34 -64.34
40 1447 -289.32 -289.32
41 1447 -229.54 -229.54
46 1447 -344.9 -344.9
4 1448 -247.79 -247.79
6 1448 -283.63 -283.63
8 1448 -329.45 -329.45
19 1448 194.35 194.35
21 1448 279.32 279.32
23 1448 237 237
24 1448 108.64 108.64
25 1448 15.92 15.92
26 1448 319.68 319.68
27 1448 64.81 64.81
31 1448 -34.26 -34.26
32 1448 -134.37 -134.37
37 1448 -83.8 -83.8
40 1448 -314.96 -314.96
41 1448 -253.75 -253.75
44 1448 -193.41 -193.41
46 1448 -372.12 -372.12
4 1449 -150.3 -150.3
6 1449 -166.24 -166.24
4 1450 -295.76 -295.76
6 1450 -340.6 -340.6
18 1450 103.5 103.5
19 1450 144.81 144.81
21 1450 226.73 226.73
23 1450 186.59 186.59
24 1450 61.73 61.73
25 1450 -26 -26
26 1450 266.73 266.73
27 1450 20.08 20.08
31 1450 -74.21 -74.21
32 1450 -170.89 -170.89
37 1450 -121.83 -121.83
40 1450 -339.37 -339.37
41 1450 -282.01 -282.01
44 1450 -225.63 -225.63
46 1450 -392.33 -392.33
4 1451 -295.76 -295.76
6 1451 -340.6 -340.6
18 1451 103.5 103.5
19 1451 144.81 144.81
21 1451 226.73 226.73
23 1451 186.59 186.59
24 1451 61.73 61.73
25 1451 -26 -26
27 1451 20.08 20.08
31 1451 -74.21 -74.21
32 1451 -170.89 -170.89
37 1451 -121.83 -121.83
40 1451 -339.37 -339.37
41 1451 -282.01 -282.01
44 1451 -225.63 -225.63
46 1451 -392.33 -392.33
4 1452 182.9 182.9
6 1452 195.8 195.8
8 1452 211.32 211.32
9 1452 229.97 229.97
12 1452 280.38 280.38
14 1452 253.41 253.41
15 1452 314.3 314.3
4 1453 -178.86 -178.86
7 1453 -99.66 -99.66
15 1453 -352.43 -352.43
24 1453 252 252
27 1453 218.15 218.15
4 1454 279.16 279.16
6 1454 297.79 297.79
8 1454 320.02 320.02
9 1454 345.15 345.15
14 1454 376.02 376.02
4 1455 -148.34 -148.34
6 1455 -163.95 -163.95
8 1455 -183.19 -183.19
4 1456 -90.51 -90.51
6 1456 -113.29 -113.29
4 1457 -90.51 -90.51
6 1457 -113.29 -113.29
4 1458 -223.44 -223.44
6 1458 -254.58 -254.58
8 1458 -289.55 -289.55
9 1458 -334.12 -334.12
19 1458 231.49 231.49
21 1458 311.54 311.54
27 1458 108.69 108.69
4 1459 -49.92 -49.92
8 1459 -62.42 -62.42
9 1459 -69.95 -69.95
12 1459 -84.79 -84.79
14 1459 -77.31 -77.31
15 1459 -92.61 -92.61
20 1459 -102.96 -102.96
4 1460 277.18 277.18
6 1460 295.05 295.05
8 1460 316.79 316.79
9 1460 341.5 341.5
14 1460 371.44 371.44
4 1461 -74.61 -74.61
6 1461 -81.13 -81.13
8 1461 -87.96 -87.96
9 1461 -95.94 -95.94
12 1461 -111.14 -111.14
14 1461 -102.95 -102.95
4 1462 -116.2 -116.2
6 1462 -135.74 -135.74
8 1462 -160.22 -160.22
9 1462 -192.48 -192.48
4 1463 -158.36 -158.36
6 1463 -176.97 -176.97
8 1463 -197.07 -197.07
9 1463 -220.82 -220.82
14 1463 -247.18 -247.18
18 1463 321.07 321.07
24 1463 284.36 284.36
4 1464 -117.97 -117.97
8 1464 -153.81 -153.81
14 1464 -204.54 -204.54
4 1465 -123.59 -123.59
6 1465 -151.32 -151.32
8 1465 -188.3 -188.3
19 1465 326.94 326.94
4 1466 -241.3 -241.3
6 1466 -298.48 -298.48
4 1467 -68.62 -68.62
6 1467 -75.62 -75.62
8 1467 -83.51 -83.51
9 1467 -92.64 -92.64
12 1467 -109.37 -109.37
14 1467 -100.66 -100.66
5 1468 219.73 219.73
7 1468 204.9 204.9
5 1469 231.93 231.93
7 1469 216.83 216.83
5 1470 231.93 231.93
7 1470 216.83 216.83
5 1471 359.66 359.66
7 1471 313.73 313.73
5 1472 381.9 381.9
7 1472 331.85 331.85
5 1473 -19.89 -19.89
6 1473 -42.85 -42.85
9 1473 -51.5 -51.5
5 1474 -367.8 -367.8
7 1474 -309.11 -309.11
23 1474 -246.42 -246.42
5 1475 -235.09 -235.09
7 1475 -207.14 -207.14
11 1475 -184.56 -184.56
5 1476 -322.44 -322.44
7 1476 -257.97 -257.97
11 1476 -213.99 -213.99
5 1477 -212.09 -212.09
7 1477 -181.42 -181.42
5 1478 -245.01 -245.01
7 1478 -214.96 -214.96
10 1478 -171.16 -171.16
5 1479 -238.18 -238.18
7 1479 -191.06 -191.06
42 1479 256.05 256.05
5 1480 -140.77 -140.77
7 1480 -121.84 -121.84
5 1481 -109.46 -109.46
7 1481 -95.07 -95.07
5 1482 237.89 237.89
7 1482 220.92 220.92
5 1483 -69.24 -69.24
7 1483 -63.18 -63.18
5 1484 176.14 176.14
7 1484 165.93 165.93
5 1485 -89.34 -89.34
7 1485 -81.71 -81.71
10 1485 -70.62 -70.62
11 1485 -75.63 -75.63
13 1485 -65.01 -65.01
16 1485 -59.67 -59.67
22 1485 -61.93 -61.93
30 1485 -60.19 -60.19
34 1485 -61.83 -61.83
43 1485 -59.35 -59.35
5 1486 384.59 384.59
7 1486 334.32 334.32
11 1486 295.54 295.54
5 1487 -356.02 -356.02
7 1487 -300.22 -300.22
19 1487 -309.84 -309.84
21 1487 -156.69 -156.69
23 1487 -231.04 -231.04
26 1487 -86.4 -86.4
28 1487 -19.22 -19.22
29 1487 46.18 46.18
36 1487 107.97 107.97
42 1487 165.74 165.74
5 1488 -329.56 -329.56
7 1488 -280.62 -280.62
21 1488 -124.31 -124.31
23 1488 -195.89 -195.89
26 1488 -56.79 -56.79
28 1488 8.47 8.47
29 1488 71.86 71.86
36 1488 132.26 132.26
42 1488 188.27 188.27
5 1489 -361.94 -361.94
7 1489 -304.62 -304.62
21 1489 -164.01 -164.01
23 1489 -238.93 -238.93
26 1489 -93.1 -93.1
28 1489 -25.12 -25.12
29 1489 40.73 40.73
36 1489 102.95 102.95
42 1489 161.01 161.01
5 1490 -361.94 -361.94
7 1490 -304.62 -304.62
5 1491 -361.94 -361.94
7 1491 -304.62 -304.62
19 1491 -318.45 -318.45
21 1491 -164.01 -164.01
23 1491 -238.93 -238.93
26 1491 -93.1 -93.1
28 1491 -25.12 -25.12
29 1491 40.73 40.73
36 1491 102.95 102.95
42 1491 161.01 161.01
5 1492 -330.05 -330.05
7 1492 -280.91 -280.91
21 1492 -124.82 -124.82
26 1492 -57.14 -57.14
28 1492 8.23001 8.23001
29 1492 71.72 71.72
36 1492 131.68 131.68
42 1492 188.05 188.05
5 1493 -330.05 -330.05
7 1493 -280.91 -280.91
23 1493 -194.34 -194.34
36 1493 131.68 131.68
42 1493 188.05 188.05
5 1494 -356.34 -356.34
7 1494 -300.38 -300.38
21 1494 -157.41 -157.41
23 1494 -231.64 -231.64
26 1494 -87.03 -87.03
28 1494 -19.69 -19.69
29 1494 45.81 45.81
36 1494 107.59 107.59
42 1494 165.44 165.44
5 1495 -366.75 -366.75
7 1495 -307.67 -307.67
11 1495 -264.87 -264.87
19 1495 -326.56 -326.56
28 1495 -30.21 -30.21
29 1495 35.34 35.34
36 1495 98.22 98.22
42 1495 156.94 156.94
5 1496 -328.28 -328.28
7 1496 -279.73 -279.73
21 1496 -122.45 -122.45
23 1496 -194 -194
26 1496 -54.97 -54.97
28 1496 9.94 9.94
29 1496 73.35 73.35
36 1496 133.42 133.42
42 1496 189.42 189.42
5 1497 -328.28 -328.28
7 1497 -279.73 -279.73
21 1497 -122.45 -122.45
23 1497 -194 -194
26 1497 -54.97 -54.97
28 1497 9.94 9.94
29 1497 73.35 73.35
36 1497 133.42 133.42
42 1497 189.42 189.42
5 1498 -366.04 -366.04
7 1498 -307.5 -307.5
18 1498 -405.66 -405.66
19 1498 -323.98 -323.98
21 1498 -168.54 -168.54
23 1498 -244.02 -244.02
26 1498 -97.45 -97.45
28 1498 -29.16 -29.16
29 1498 37.03 37.03
36 1498 99.66 99.66
42 1498 157.83 157.83
5 1499 -330.17 -330.17
7 1499 -280.92 -280.92
11 1499 -243.77 -243.77
21 1499 -124.8 -124.8
23 1499 -195.9 -195.9
26 1499 -57.09 -57.09
28 1499 8.11999 8.11999
29 1499 71.59 71.59
36 1499 131.73 131.73
42 1499 187.9 187.9
5 1500 -346.75 -346.75
7 1500 -293.28 -293.28
19 1500 -297.23 -297.23
21 1500 -145.93 -145.93
23 1500 -219.27 -219.27
26 1500 -76.57 -76.57
28 1500 -9.82001 -9.82001
29 1500 55.08 55.08
36 1500 116.16 116.16
5 1501 -366.88 -366.88
7 1501 -307.82 -307.82
11 1501 -264.12 -264.12
18 1501 -407.22 -407.22
19 1501 -325.33 -325.33
21 1501 -169.61 -169.61
26 1501 -98.13 -98.13
28 1501 -29.82 -29.82
29 1501 36.28 36.28
36 1501 98.93 98.93
42 1501 157.39 157.39
5 1502 -336.11 -336.11
7 1502 -285.27 -285.27
19 1502 -281.27 -281.27
21 1502 -132.48 -132.48
23 1502 -204.62 -204.62
26 1502 -64.3 -64.3
28 1502 1.48999 1.48999
29 1502 65.32 65.32
36 1502 125.93 125.93
42 1502 182.46 182.46
5 1503 -350.46 -350.46
7 1503 -296.11 -296.11
11 1503 -255.02 -255.02
19 1503 -302.79 -302.79
21 1503 -150.79 -150.79
23 1503 -224.56 -224.56
26 1503 -80.71 -80.71
28 1503 -13.71 -13.71
29 1503 51.56 51.56
36 1503 112.83 112.83
42 1503 170.38 170.38
5 1504 -317.15 -317.15
7 1504 -271.1 -271.1
11 1504 -235.12 -235.12
21 1504 -107.76 -107.76
23 1504 -178.09 -178.09
29 1504 88.46 88.46
5 1505 -328.89 -328.89
7 1505 -279.97 -279.97
29 1505 72.79 72.79
42 1505 188.84 188.84
5 1506 -332.68 -332.68
7 1506 -282.83 -282.83
19 1506 -276.28 -276.28
23 1506 -200.11 -200.11
26 1506 -60.13 -60.13
28 1506 5.47 5.47
29 1506 69.08 69.08
36 1506 129.25 129.25
42 1506 185.8 185.8
5 1507 -332.68 -332.68
7 1507 -282.83 -282.83
28 1507 5.47 5.47
42 1507 185.8 185.8
5 1508 -351.24 -351.24
7 1508 -296.81 -296.81
18 1508 -383.78 -383.78
19 1508 -303.67 -303.67
21 1508 -151.4 -151.4
23 1508 -225.38 -225.38
26 1508 -81.8 -81.8
28 1508 -14.5 -14.5
29 1508 50.74 50.74
36 1508 112.07 112.07
42 1508 169.64 169.64
5 1509 -355.51 -355.51
7 1509 -299.8 -299.8
18 1509 -390.35 -390.35
19 1509 -309.89 -309.89
21 1509 -156.53 -156.53
23 1509 -230.97 -230.97
26 1509 -86.38 -86.38
28 1509 -18.8 -18.8
29 1509 46.59 46.59
36 1509 108.44 108.44
42 1509 166.23 166.23
5 1510 -355.51 -355.51
7 1510 -299.8 -299.8
18 1510 -390.35 -390.35
19 1510 -309.89 -309.89
21 1510 -156.53 -156.53
23 1510 -230.97 -230.97
26 1510 -86.38 -86.38
29 1510 46.59 46.59
36 1510 108.44 108.44
5 1511 -363.84 -363.84
7 1511 -306.27 -306.27
11 1511 -262.38 -262.38
29 1511 39.26 39.26
36 1511 101.44 101.44
42 1511 159.69 159.69
5 1512 -328.85 -328.85
7 1512 -280.17 -280.17
21 1512 -123.66 -123.66
5 1513 -328.85 -328.85
7 1513 -280.17 -280.17
21 1513 -123.66 -123.66
23 1513 -194.96 -194.96
26 1513 -55.72 -55.72
28 1513 9.39999 9.39999
29 1513 72.47 72.47
36 1513 132.53 132.53
42 1513 188.94 188.94
5 1514 -236.9 -236.9
7 1514 -208.96 -208.96
21 1514 20.91 20.91
28 1514 133.61 133.61
5 1515 290.04 290.04
7 1515 268.1 268.1
10 1515 231.4 231.4
11 1515 248.66 248.66
5 1516 -170.47 -170.47
7 1516 -155.57 -155.57
5 1517 4.42999 4.42999
6 1517 -30.37 -30.37
5 1518 -96.41 -96.41
7 1518 -85.55 -85.55
5 1519 -205.94 -205.94
7 1519 -175.61 -175.61
5 1520 -335.62 -335.62
7 1520 -267.75 -267.75
5 1521 -237.93 -237.93
7 1521 -192.69 -192.69
42 1521 258.87 258.87
5 1522 -164.9 -164.9
7 1522 -145.16 -145.16
5 1523 -77.77 -77.77
7 1523 -70.78 -70.78
5 1524 172.79 172.79
7 1524 162.52 162.52
11 1524 152.2 152.2
5 1525 -85.74 -85.74
7 1525 -77.83 -77.83
5 1526 -358.38 -358.38
7 1526 -301.87 -301.87
11 1526 -259.53 -259.53
19 1526 -314.45 -314.45
21 1526 -160.42 -160.42
23 1526 -235.2 -235.2
26 1526 -89.92 -89.92
28 1526 -21.99 -21.99
29 1526 43.58 43.58
36 1526 105.36 105.36
42 1526 163.24 163.24
5 1527 399 399
7 1527 346.23 346.23
11 1527 305.54 305.54
5 1528 -351.82 -351.82
7 1528 -296.93 -296.93
11 1528 -255.56 -255.56
19 1528 -305.05 -305.05
21 1528 -152.52 -152.52
23 1528 -226.45 -226.45
28 1528 -15.41 -15.41
29 1528 49.83 49.83
36 1528 111.43 111.43
42 1528 169.12 169.12
5 1529 -363.68 -363.68
7 1529 -305.78 -305.78
11 1529 -262.41 -262.41
19 1529 -321.45 -321.45
21 1529 -166.46 -166.46
23 1529 -241.66 -241.66
26 1529 -95.14 -95.14
28 1529 -27.09 -27.09
29 1529 38.87 38.87
36 1529 101.21 101.21
42 1529 159.5 159.5
5 1530 382.13 382.13
7 1530 331.59 331.59
5 1531 -348 -348
7 1531 -294.25 -294.25
11 1531 -253.92 -253.92
29 1531 53.79 53.79
36 1531 115.06 115.06
42 1531 172.59 172.59
5 1532 -364.23 -364.23
7 1532 -306.15 -306.15
11 1532 -262.73 -262.73
19 1532 -322.05 -322.05
21 1532 -166.74 -166.74
23 1532 -242.18 -242.18
26 1532 -95.75 -95.75
28 1532 -27.64 -27.64
29 1532 38.41 38.41
36 1532 100.75 100.75
42 1532 159.27 159.27
5 1533 -337.68 -337.68
7 1533 -286.61 -286.61
11 1533 -247.72 -247.72
21 1533 -134.79 -134.79
23 1533 -207.28 -207.28
28 1533 -0.269989 -0.269989
29 1533 63.43 63.43
36 1533 124.43 124.43
42 1533 181.23 181.23
5 1534 -356.93 -356.93
7 1534 -301.02 -301.02
11 1534 -258.86 -258.86
19 1534 -312.28 -312.28
21 1534 -158.9 -158.9
23 1534 -233.4 -233.4
26 1534 -88.37 -88.37
28 1534 -20.53 -20.53
36 1534 107.03 107.03
42 1534 164.63 164.63
5 1535 -337.77 -337.77
7 1535 -286.61 -286.61
19 1535 -283.14 -283.14
21 1535 -133.94 -133.94
26 1535 -66.22 -66.22
28 1535 0.119995 0.119995
29 1535 63.6 63.6
36 1535 124.83 124.83
42 1535 181.32 181.32
5 1536 -325.25 -325.25
7 1536 -277.68 -277.68
11 1536 -240.66 -240.66
21 1536 -119.94 -119.94
23 1536 -191.11 -191.11
26 1536 -52.66 -52.66
29 1536 75.47 75.47
36 1536 135.18 135.18
42 1536 191.37 191.37
5 1537 -325.25 -325.25
7 1537 -277.68 -277.68
11 1537 -240.66 -240.66
21 1537 -119.94 -119.94
23 1537 -191.11 -191.11
26 1537 -52.66 -52.66
29 1537 75.47 75.47
36 1537 135.18 135.18
42 1537 191.37 191.37
5 1538 -333.51 -333.51
7 1538 -283.63 -283.63
21 1538 -129.42 -129.42
23 1538 -201.58 -201.58
26 1538 -61.23 -61.23
29 1538 68.01 68.01
36 1538 128.39 128.39
42 1538 184.91 184.91
5 1539 -333.51 -333.51
7 1539 -283.63 -283.63
21 1539 -129.42 -129.42
23 1539 -201.58 -201.58
28 1539 4.23001 4.23001
29 1539 68.01 68.01
36 1539 128.39 128.39
42 1539 184.91 184.91
5 1540 401.3 401.3
7 1540 348.14 348.14
10 1540 274.42 274.42
11 1540 307.38 307.38
13 1540 249.5 249.5
22 1540 226.96 226.96
5 1541 382.52 382.52
7 1541 332.31 332.31
5 1542 394.39 394.39
7 1542 341.67 341.67
10 1542 269.5 269.5
11 1542 302.12 302.12
5 1543 -253.19 -253.19
7 1543 -222.76 -222.76
42 1543 270.31 270.31
5 1544 -253.19 -253.19
7 1544 -222.76 -222.76
42 1544 270.31 270.31
5 1545 -349.09 -349.09
7 1545 -278.06 -278.06
11 1545 -229.69 -229.69
21 1545 -342.84 -342.84
42 1545 151.98 151.98
5 1546 226.94 226.94
6 1546 320.4 320.4
7 1546 213.07 213.07
8 1546 346.41 346.41
9 1546 376.65 376.65
5 1547 -158.82 -158.82
7 1547 -144.75 -144.75
11 1547 -132.08 -132.08
5 1548 -161.85 -161.85
7 1548 -148.59 -148.59
5 1549 -161.41 -161.41
7 1549 -148.05 -148.05
11 1549 -136.6 -136.6
5 1550 -169.49 -169.49
7 1550 -155.25 -155.25
5 1551 153.11 153.11
7 1551 133.18 133.18
11 1551 118.21 118.21
5 1552 -146.16 -146.16
7 1552 -126.41 -126.41
10 1552 -102.11 -102.11
11 1552 -112.99 -112.99
5 1553 -151.46 -151.46
7 1553 -131.72 -131.72
5 1554 -185.04 -185.04
7 1554 -163.54 -163.54
5 1555 -300.97 -300.97
7 1555 -258.9 -258.9
5 1556 395.33 395.33
7 1556 343.21 343.21
10 1556 270.27 270.27
11 1556 302.88 302.88
13 1556 245.61 245.61
22 1556 223.71 223.71
5 1557 -342.12 -342.12
7 1557 -289.85 -289.85
11 1557 -250.54 -250.54
13 1557 -194.37 -194.37
21 1557 -140.45 -140.45
26 1557 -71.54 -71.54
28 1557 -5.07999 -5.07999
29 1557 59.12 59.12
36 1557 120.1 120.1
42 1557 177.24 177.24
5 1558 -342.65 -342.65
7 1558 -290.47 -290.47
21 1558 -140.74 -140.74
23 1558 -213.77 -213.77
26 1558 -71.77 -71.77
36 1558 119.81 119.81
42 1558 176.92 176.92
5 1559 -224.5 -224.5
7 1559 -192.1 -192.1
10 1559 -147.04 -147.04
11 1559 -166.89 -166.89
13 1559 -130.12 -130.12
16 1559 -108.58 -108.58
22 1559 -118 -118
5 1560 -224.5 -224.5
7 1560 -192.1 -192.1
10 1560 -147.04 -147.04
11 1560 -166.89 -166.89
13 1560 -130.12 -130.12
22 1560 -118 -118
5 1561 -343.04 -343.04
7 1561 -290.4 -290.4
10 1561 -219.83 -219.83
11 1561 -250.77 -250.77
19 1561 -291.39 -291.39
21 1561 -140.95 -140.95
23 1561 -213.96 -213.96
26 1561 -71.87 -71.87
28 1561 -5.64999 -5.64999
29 1561 58.73 58.73
36 1561 119.69 119.69
5 1562 -331.57 -331.57
7 1562 -282.23 -282.23
10 1562 -215.46 -215.46
11 1562 -244.47 -244.47
13 1562 -190.48 -190.48
21 1562 -127.45 -127.45
23 1562 -199.59 -199.59
26 1562 -59.4 -59.4
28 1562 5.73999 5.73999
29 1562 69.51 69.51
36 1562 129.72 129.72
42 1562 185.98 185.98
5 1563 366.97 366.97
7 1563 318.07 318.07
11 1563 281.54 281.54
13 1563 229.46 229.46
16 1563 193.13 193.13
22 1563 208.57 208.57
5 1564 -161.39 -161.39
7 1564 -148.45 -148.45
11 1564 -136.76 -136.76
5 1565 356.55 356.55
7 1565 312.69 312.69
11 1565 279.44 279.44
5 1566 179.21 179.21
7 1566 168.21 168.21
5 1567 -96.21 -96.21
7 1567 -88.13 -88.13
11 1567 -82.06 -82.06
22 1567 -67.23 -67.23
5 1568 381.84 381.84
7 1568 332.36 332.36
10 1568 262.75 262.75
13 1568 238.84 238.84
16 1568 200.09 200.09
22 1568 217.95 217.95
30 1568 182.96 182.96
34 1568 166.82 166.82
39 1568 155.73 155.73
43 1568 157.49 157.49
5 1569 377.77 377.77
7 1569 328.59 328.59
10 1569 259.78 259.78
13 1569 236.76 236.76
22 1569 215.08 215.08
30 1569 180.8 180.8
39 1569 153.81 153.81
43 1569 155.39 155.39
45 1569 154.11 154.11
5 1570 -361.63 -361.63
7 1570 -304.17 -304.17
10 1570 -228.47 -228.47
11 1570 -261.54 -261.54
13 1570 -201.35 -201.35
19 1570 -318.02 -318.02
21 1570 -163.43 -163.43
23 1570 -238.55 -238.55
26 1570 -92.52 -92.52
28 1570 -24.79 -24.79
29 1570 41.23 41.23
36 1570 103.12 103.12
42 1570 161.42 161.42
5 1571 -323 -323
7 1571 -275.78 -275.78
5 1572 -323 -323
7 1572 -275.78 -275.78
5 1573 -350.53 -350.53
7 1573 -296.09 -296.09
10 1573 -223.73 -223.73
11 1573 -255.07 -255.07
19 1573 -303.06 -303.06
21 1573 -150.73 -150.73
23 1573 -224.67 -224.67
26 1573 -80.99 -80.99
28 1573 -14.1 -14.1
29 1573 51.34 51.34
36 1573 112.64 112.64
42 1573 169.97 169.97
5 1574 381.92 381.92
7 1574 331.36 331.36
10 1574 262.39 262.39
13 1574 238.21 238.21
16 1574 200.12 200.12
22 1574 217.42 217.42
5 1575 381.92 381.92
7 1575 331.36 331.36
10 1575 262.39 262.39
13 1575 238.21 238.21
16 1575 200.12 200.12
22 1575 217.42 217.42
5 1576 288.3 288.3
7 1576 265.29 265.29
11 1576 246.73 246.73
5 1577 301.65 301.65
7 1577 267.32 267.32
10 1577 220.52 220.52
5 1578 -177.08 -177.08
7 1578 -154.15 -154.15
10 1578 -124.54 -124.54
11 1578 -137.79 -137.79
16 1578 -95.05 -95.05
5 1579 -163.17 -163.17
7 1579 -144.94 -144.94
5 1580 198.89 198.89
7 1580 186.09 186.09
11 1580 174.09 174.09
5 1581 175.82 175.82
7 1581 165.03 165.03
10 1581 144.77 144.77
11 1581 154.5 154.5
13 1581 137.74 137.74
16 1581 122.26 122.26
22 1581 129.88 129.88
30 1581 112.95 112.95
34 1581 103.61 103.61
39 1581 101.91 101.91
43 1581 99.59 99.59
45 1581 105.55 105.55
5 1582 387.89 387.89
7 1582 337.24 337.24
10 1582 265.99 265.99
11 1582 297.81 297.81
13 1582 241.88 241.88
16 1582 202.84 202.84
22 1582 220.52 220.52
30 1582 185.2 185.2
34 1582 169 169
39 1582 158.01 158.01
43 1582 159.6 159.6
45 1582 157.78 157.78
5 1583 387.89 387.89
7 1583 337.24 337.24
10 1583 265.99 265.99
11 1583 297.81 297.81
13 1583 241.88 241.88
16 1583 202.84 202.84
22 1583 220.52 220.52
30 1583 185.2 185.2
34 1583 169 169
39 1583 158.01 158.01
43 1583 159.6 159.6
45 1583 157.78 157.78
5 1584 370.22 370.22
7 1584 321.27 321.27
13 1584 232.14 232.14
30 1584 177.11 177.11
34 1584 162.68 162.68
43 1584 152.78 152.78
5 1585 379.18 379.18
7 1585 329.54 329.54
11 1585 291.11 291.11
5 1586 397.18 397.18
7 1586 344.64 344.64
10 1586 271.73 271.73
16 1586 206.71 206.71
22 1586 225.05 225.05
34 1586 172.69 172.69
5 1587 379.95 379.95
7 1587 329.94 329.94
10 1587 261.14 261.14
13 1587 237.13 237.13
22 1587 215.9 215.9
5 1588 361.55 361.55
7 1588 314.23 314.23
10 1588 249.06 249.06
11 1588 278.06 278.06
5 1589 391.03 391.03
7 1589 339.46 339.46
10 1589 267.87 267.87
11 1589 299.72 299.72
13 1589 243.39 243.39
16 1589 204.1 204.1
22 1589 222.13 222.13
34 1589 169.83 169.83
5 1590 354.44 354.44
7 1590 310.62 310.62
10 1590 250.29 250.29
11 1590 277.22 277.22
5 1591 -239.34 -239.34
7 1591 -194.83 -194.83
11 1591 -163.53 -163.53
5 1592 -319.84 -319.84
7 1592 -258.24 -258.24
10 1592 -180.62 -180.62
11 1592 -213.29 -213.29
29 1592 2.64999 2.64999
36 1592 92.61 92.61
5 1593 -341.2 -341.2
7 1593 -271.77 -271.77
11 1593 -223.36 -223.36
42 1593 156.03 156.03
5 1594 -167.64 -167.64
7 1594 -148.05 -148.05
10 1594 -121.46 -121.46
11 1594 -133.51 -133.51
13 1594 -109.14 -109.14
16 1594 -93.14 -93.14
22 1594 -100.43 -100.43
30 1594 -89.48 -89.48
34 1594 -87.84 -87.84
5 1595 181.42 181.42
7 1595 170.45 170.45
5 1596 360.86 360.86
7 1596 314.52 314.52
16 1596 189.96 189.96
22 1596 206.41 206.41
30 1596 173.11 173.11
34 1596 158.24 158.24
43 1596 149.26 149.26
45 1596 148.54 148.54
5 1597 361.01 361.01
7 1597 314.01 314.01
10 1597 248.39 248.39
11 1597 277.87 277.87
13 1597 226.28 226.28
16 1597 190.05 190.05
22 1597 206.36 206.36
30 1597 173.41 173.41
34 1597 158.1 158.1
39 1597 148.2 148.2
43 1597 149.43 149.43
45 1597 148.36 148.36
5 1598 -365.36 -365.36
7 1598 -306.74 -306.74
10 1598 -229.57 -229.57
11 1598 -262.38 -262.38
13 1598 -201.5 -201.5
22 1598 -180.82 -180.82
42 1598 159.7 159.7
5 1599 -365.36 -365.36
7 1599 -306.74 -306.74
26 1599 -98.03 -98.03
5 1600 -365.36 -365.36
7 1600 -306.74 -306.74
13 1600 -201.5 -201.5
5 1601 -342.6 -342.6
7 1601 -290.31 -290.31
21 1601 -140.78 -140.78
23 1601 -213.92 -213.92
26 1601 -71.82 -71.82
28 1601 -5.51001 -5.51001
29 1601 59.11 59.11
36 1601 120.03 120.03
42 1601 176.97 176.97
5 1602 -158.67 -158.67
7 1602 -136.9 -136.9
10 1602 -109.36 -109.36
11 1602 -121.47 -121.47
16 1602 -82.28 -82.28
22 1602 -89.18 -89.18
30 1602 -78.97 -78.97
5 1603 -98.75 -98.75
7 1603 -84.98 -84.98
5 1604 -353.02 -353.02
7 1604 -299.55 -299.55
10 1604 -226.08 -226.08
11 1604 -258.25 -258.25
13 1604 -199.7 -199.7
21 1604 -153.15 -153.15
23 1604 -226.32 -226.32
28 1604 -17.85 -17.85
29 1604 47.22 47.22
36 1604 109.32 109.32
42 1604 166.36 166.36
5 1605 359.06 359.06
7 1605 312.92 312.92
11 1605 276.65 276.65
5 1606 -151.62 -151.62
7 1606 -139.74 -139.74
5 1607 -177.83 -177.83
7 1607 -157.13 -157.13
10 1607 -129.56 -129.56
11 1607 -142.03 -142.03
13 1607 -116.87 -116.87
16 1607 -100.44 -100.44
22 1607 -107.86 -107.86
30 1607 -96.73 -96.73
34 1607 -94.6 -94.6
39 1607 -78.57 -78.57
43 1607 -88.98 -88.98
45 1607 -67.02 -67.02
5 1608 222.46 222.46
7 1608 209.27 209.27
11 1608 194.63 194.63
5 1609 -240.73 -240.73
7 1609 -206.68 -206.68
5 1610 360.54 360.54
7 1610 315.71 315.71
5 1611 -141.07 -141.07
7 1611 -124.35 -124.35
10 1611 -103.04 -103.04
13 1611 -92.62 -92.62
16 1611 -79.69 -79.69
22 1611 -85.45 -85.45
30 1611 -77.14 -77.14
34 1611 -76.07 -76.07
39 1611 -62 -62
43 1611 -71.19 -71.19
45 1611 -51.25 -51.25
5 1612 -141.07 -141.07
7 1612 -124.35 -124.35
10 1612 -103.04 -103.04
13 1612 -92.62 -92.62
16 1612 -79.69 -79.69
22 1612 -85.45 -85.45
30 1612 -77.14 -77.14
34 1612 -76.07 -76.07
39 1612 -62 -62
43 1612 -71.19 -71.19
45 1612 -51.25 -51.25
5 1613 241.12 241.12
7 1613 223.21 223.21
10 1613 192.9 192.9
11 1613 208.13 208.13
13 1613 182.27 182.27
16 1613 159.91 159.91
22 1613 170.63 170.63
30 1613 148.62 148.62
34 1613 137.57 137.57
39 1613 132.69 132.69
43 1613 131.31 131.31
45 1613 135.19 135.19
5 1614 -231.12 -231.12
7 1614 -201.79 -201.79
10 1614 -161.85 -161.85
11 1614 -176.55 -176.55
13 1614 -145.68 -145.68
5 1615 -120.16 -120.16
7 1615 -104.22 -104.22
5 1616 -294.16 -294.16
7 1616 -254.42 -254.42
10 1616 -199.77 -199.77
11 1616 -224.3 -224.3
22 1616 -161.96 -161.96
42 1616 223.3 223.3
5 1617 341.17 341.17
7 1617 298.98 298.98
11 1617 267.36 267.36
5 1618 -260.97 -260.97
7 1618 -223.35 -223.35
10 1618 -172.3 -172.3
11 1618 -192.68 -192.68
6 1619 -176.94 -176.94
8 1619 -197.87 -197.87
9 1619 -222.88 -222.88
14 1619 -249.6 -249.6
6 1620 -184.44 -184.44
8 1620 -206.69 -206.69
9 1620 -231.71 -231.71
12 1620 -292.8 -292.8
15 1620 -332.1 -332.1
18 1620 305.06 305.06
19 1620 339.71 339.71
20 1620 -385.73 -385.73
23 1620 377.02 377.02
24 1620 271.13 271.13
27 1620 234.19 234.19
6 1621 -183.48 -183.48
8 1621 -205.19 -205.19
9 1621 -230.68 -230.68
12 1621 -291.18 -291.18
14 1621 -258.29 -258.29
15 1621 -330.16 -330.16
19 1621 342.25 342.25
20 1621 -383.28 -383.28
23 1621 377.95 377.95
6 1622 -195.97 -195.97
8 1622 -219 -219
9 1622 -245.55 -245.55
12 1622 -309.5 -309.5
14 1622 -274.96 -274.96
15 1622 -351.02 -351.02
18 1622 288.04 288.04
19 1622 322.08 322.08
23 1622 358.48 358.48
24 1622 254.24 254.24
25 1622 180.78 180.78
27 1622 219.7 219.7
6 1623 -188.35 -188.35
8 1623 -209.93 -209.93
9 1623 -235.71 -235.71
12 1623 -295.89 -295.89
14 1623 -263.48 -263.48
15 1623 -334.68 -334.68
18 1623 301.52 301.52
19 1623 335.32 335.32
23 1623 371.04 371.04
24 1623 267.19 267.19
6 1624 -201.65 -201.65
8 1624 -224.55 -224.55
9 1624 -251.26 -251.26
14 1624 -281.77 -281.77
15 1624 -359.22 -359.22
18 1624 281.95 281.95
19 1624 315.04 315.04
23 1624 350.43 350.43
24 1624 248.03 248.03
25 1624 176.34 176.34
27 1624 214.1 214.1
6 1625 -212.4 -212.4
8 1625 -236.45 -236.45
9 1625 -265.26 -265.26
18 1625 266.19 266.19
19 1625 298.76 298.76
21 1625 367.17 367.17
23 1625 333.48 333.48
24 1625 233.1 233.1
25 1625 163.05 163.05
27 1625 199.95 199.95
31 1625 125.43 125.43
37 1625 89.01 89.01
6 1626 -205.7 -205.7
8 1626 -229.02 -229.02
9 1626 -256.55 -256.55
12 1626 -322.17 -322.17
14 1626 -286.46 -286.46
15 1626 -363.96 -363.96
18 1626 276.07 276.07
19 1626 308.84 308.84
21 1626 377.34 377.34
23 1626 343.39 343.39
24 1626 242.95 242.95
25 1626 172.31 172.31
27 1626 209.46 209.46
6 1627 -206.12 -206.12
8 1627 -229.61 -229.61
19 1627 308.27 308.27
21 1627 376.68 376.68
23 1627 343.1 343.1
27 1627 208.17 208.17
6 1628 -191.44 -191.44
8 1628 -213.53 -213.53
9 1628 -239.17 -239.17
12 1628 -301.51 -301.51
14 1628 -267.79 -267.79
18 1628 296.15 296.15
19 1628 330.37 330.37
23 1628 365.9 365.9
24 1628 261.65 261.65
25 1628 188.07 188.07
27 1628 226.9 226.9
40 1628 -65.14 -65.14
44 1628 26.12 26.12
46 1628 -108.5 -108.5
48 1628 -152.41 -152.41
6 1629 -232.37 -232.37
8 1629 -262.82 -262.82
9 1629 -300.51 -300.51
14 1629 -344.68 -344.68
18 1629 224.54 224.54
19 1629 262.48 262.48
21 1629 340.06 340.06
23 1629 301.96 301.96
24 1629 186.46 186.46
26 1629 377.3 377.3
27 1629 146.95 146.95
31 1629 59.17 59.17
32 1629 -29.51 -29.51
37 1629 14.59 14.59
41 1629 -132.52 -132.52
44 1629 -80.58 -80.58
6 1630 -219.22 -219.22
8 1630 -247.44 -247.44
9 1630 -281.11 -281.11
12 1630 -366.68 -366.68
14 1630 -319.65 -319.65
18 1630 244.56 244.56
19 1630 281.99 281.99
21 1630 357.28 357.28
23 1630 320.05 320.05
24 1630 207.49 207.49
25 1630 127.99 127.99
27 1630 169.97 169.97
31 1630 84.12 84.12
32 1630 -1.20001 -1.20001
37 1630 42.39 42.39
44 1630 -50.61 -50.61
46 1630 -200.48 -200.48
48 1630 -247 -247
6 1631 -188.43 -188.43
8 1631 -207.99 -207.99
9 1631 -229.47 -229.47
18 1631 312.81 312.81
19 1631 343.06 343.06
23 1631 374.74 374.74
24 1631 282.09 282.09
44 1631 78.94 78.94
6 1632 -188.43 -188.43
8 1632 -207.99 -207.99
9 1632 -229.47 -229.47
18 1632 312.81 312.81
19 1632 343.06 343.06
23 1632 374.74 374.74
24 1632 282.09 282.09
6 1633 -206.53 -206.53
8 1633 -232.1 -232.1
21 1633 375.64 375.64
23 1633 339.27 339.27
6 1634 -173.78 -173.78
8 1634 -201.27 -201.27
9 1634 -234.67 -234.67
19 1634 336.73 336.73
6 1635 -98.51 -98.51
8 1635 -124.68 -124.68
9 1635 -161.91 -161.91
6 1636 -98.51 -98.51
8 1636 -124.68 -124.68
9 1636 -161.91 -161.91
12 1636 -306.75 -306.75
14 1636 -217.29 -217.29
18 1636 364.18 364.18
24 1636 260.21 260.21
27 1636 141.66 141.66
6 1637 -201.98 -201.98
8 1637 -224.96 -224.96
9 1637 -251.75 -251.75
12 1637 -316.43 -316.43
14 1637 -281.95 -281.95
15 1637 -358.37 -358.37
18 1637 281.33 281.33
19 1637 314.56 314.56
23 1637 349.79 349.79
25 1637 176.46 176.46
27 1637 213.88 213.88
6 1638 -201.98 -201.98
8 1638 -224.96 -224.96
9 1638 -251.75 -251.75
12 1638 -316.43 -316.43
14 1638 -281.95 -281.95
15 1638 -358.37 -358.37
18 1638 281.33 281.33
19 1638 314.56 314.56
23 1638 349.79 349.79
25 1638 176.46 176.46
27 1638 213.88 213.88
6 1639 110.63 110.63
7 1639 104.95 104.95
6 1640 -261.09 -261.09
8 1640 -299.25 -299.25
9 1640 -347.31 -347.31
18 1640 181.52 181.52
23 1640 264.12 264.12
24 1640 140.36 140.36
25 1640 52.46 52.46
26 1640 342.97 342.97
27 1640 99.02 99.02
40 1640 -259.78 -259.78
41 1640 -202.6 -202.6
48 1640 -365.6 -365.6
6 1641 -226.9 -226.9
8 1641 -256.84 -256.84
21 1641 346.64 346.64
23 1641 308.65 308.65
6 1642 -259.12 -259.12
8 1642 -297.27 -297.27
18 1642 183.84 183.84
19 1642 224.23 224.23
24 1642 142.98 142.98
25 1642 55.43 55.43
26 1642 345.08 345.08
27 1642 101.4 101.4
31 1642 7.94 7.94
37 1642 -39.04 -39.04
41 1642 -198.83 -198.83
44 1642 -142.27 -142.27
6 1643 -262.32 -262.32
8 1643 -300.74 -300.74
6 1644 -220.46 -220.46
8 1644 -248.72 -248.72
9 1644 -282.84 -282.84
12 1644 -369.21 -369.21
14 1644 -322.2 -322.2
18 1644 242.55 242.55
19 1644 280.09 280.09
21 1644 355.28 355.28
23 1644 318.1 318.1
24 1644 205.31 205.31
25 1644 125.45 125.45
27 1644 167.79 167.79
31 1644 82.68 82.68
32 1644 -3.54999 -3.54999
37 1644 40.53 40.53
44 1644 -51.72 -51.72
6 1645 -242.17 -242.17
8 1645 -275.53 -275.53
14 1645 -364.76 -364.76
24 1645 169.63 169.63
25 1645 84.33 84.33
27 1645 129.91 129.91
31 1645 38.84 38.84
6 1646 -165.97 -165.97
8 1646 -191.5 -191.5
6 1647 226.39 226.39
8 1647 250.99 250.99
9 1647 281.34 281.34
12 1647 373.19 373.19
14 1647 321.92 321.92
6 1648 -144.95 -144.95
8 1648 -168.09 -168.09
6 1649 -66.52 -66.52
8 1649 -81.24 -81.24
9 1649 -98.87 -98.87
14 1649 -120.92 -120.92
6 1650 -249.38 -249.38
8 1650 -284.83 -284.83
19 1650 236.99 236.99
32 1650 -63.98 -63.98
41 1650 -174.79 -174.79
44 1650 -120.47 -120.47
6 1651 -206.27 -206.27
8 1651 -230.26 -230.26
9 1651 -258.18 -258.18
12 1651 -324.99 -324.99
14 1651 -288.44 -288.44
19 1651 307.71 307.71
21 1651 376.92 376.92
23 1651 342.61 342.61
24 1651 240.78 240.78
6 1652 -61.59 -61.59
8 1652 -75.21 -75.21
9 1652 -92.43 -92.43
14 1652 -113.11 -113.11
6 1653 -62.38 -62.38
8 1653 -76.81 -76.81
6 1654 -42.8 -42.8
7 1654 -18.59 -18.59
8 1654 -46.92 -46.92
16 1654 -19.22 -19.22
30 1654 -22.6 -22.6
34 1654 -26.78 -26.78
39 1654 -19.96 -19.96
43 1654 -26.38 -26.38
45 1654 -12.97 -12.97
6 1655 -157.33 -157.33
8 1655 -176.02 -176.02
6 1656 -136.29 -136.29
8 1656 -156.18 -156.18
6 1657 -136.29 -136.29
8 1657 -156.18 -156.18
6 1658 -53.97 -53.97
8 1658 -66.05 -66.05
6 1659 -123.05 -123.05
8 1659 -137.69 -137.69
6 1660 -161.91 -161.91
8 1660 -182.38 -182.38
0 1661 200 200
2 1661 214.25 214.25
4 1661 233.68 233.68
6 1661 257.33 257.33
8 1661 288.01 288.01
0 1662 231.94 231.94
10 1662 153.81 153.81
30 1662 119.36 119.36
0 1663 145.1 145.1
4 1663 149.99 149.99
0 1664 233.47 233.47
2 1664 242.15 242.15
9 1664 306.23 306.23
0 1665 -136.84 -136.84
9 1665 -238.89 -238.89
12 1665 -300.8 -300.8
14 1665 -267.35 -267.35
15 1665 -340.22 -340.22
18 1665 297.16 297.16
19 1665 330.94 330.94
23 1665 366.83 366.83
24 1665 262.72 262.72
25 1665 189.48 189.48
27 1665 227.93 227.93
0 1666 133.73 133.73
2 1666 132.79 132.79
3 1666 134.64 134.64
4 1666 133.93 133.93
6 1666 136.04 136.04
8 1666 138.34 138.34
9 1666 140.47 140.47
14 1666 143.76 143.76
0 1667 -55.74 -55.74
3 1667 -48.54 -48.54
5 1667 -41.95 -41.95
11 1667 -39.21 -39.21
0 1668 127.33 127.33
2 1668 124.33 124.33
3 1668 127.46 127.46
4 1668 125.06 125.06
6 1668 127.11 127.11
8 1668 129.14 129.14
9 1668 131.52 131.52
14 1668 134.75 134.75
17 1668 142.22 142.22
38 1668 149.72 149.72
47 1668 154.86 154.86
0 1669 92.82 92.82
4 1669 92.02 92.02
6 1669 93.26 93.26
8 1669 94.85 94.85
9 1669 96.77 96.77
12 1669 102.44 102.44
14 1669 99.7 99.7
0 1670 -244.64 -244.64
6 1670 -353.39 -353.39
0 1671 144.43 144.43
9 1671 200.6 200.6
15 1671 277.38 277.38
20 1671 317.75 317.75
0 1672 -11.66 -11.66
2 1672 -16.78 -16.78
3 1672 -7.64999 -7.64999
4 1672 -19.71 -19.71
9 1672 -27.19 -27.19
14 1672 -29.15 -29.15
17 1672 -38.93 -38.93
20 1672 -36.16 -36.16
35 1672 -40.92 -40.92
38 1672 -46.1 -46.1
47 1672 -48.95 -48.95
0 1673 107.75 107.75
3 1673 109.21 109.21
5 1673 105.68 105.68
8 1673 108.46 108.46
0 1674 271.46 271.46
3 1674 258.51 258.51
6 1674 328.65 328.65
8 1674 356.33 356.33
9 1674 389.07 389.07
0 1675 -247.68 -247.68
6 1675 -387.95 -387.95
21 1675 191.5 191.5
24 1675 16.42 16.42
36 1675 362.52 362.52
0 1676 -268.81 -268.81
6 1676 -327.5 -327.5
0 1677 -13.24 -13.24
5 1677 -5.14002 -5.14002
9 1677 -32.46 -32.46
0 1678 -45.43 -45.43
2 1678 -53.67 -53.67
3 1678 -38.15 -38.15
10 1678 -26.36 -26.36
0 1679 132.1 132.1
2 1679 135.84 135.84
4 1679 142.39 142.39
0 1680 142.2 142.2
2 1680 142.15 142.15
4 1680 144.43 144.43
6 1680 147.96 147.96
8 1680 151.43 151.43
9 1680 155.24 155.24
12 1680 163.53 163.53
14 1680 159.32 159.32
15 1680 167.32 167.32
20 1680 170.74 170.74
33 1680 185.87 185.87
35 1680 179.84 179.84
38 1680 190.59 190.59
47 1680 199.25 199.25
0 1681 119.78 119.78
2 1681 122.78 122.78
3 1681 117.13 117.13
0 1682 96.53 96.53
2 1682 94.14 94.14
3 1682 99.38 99.38
4 1682 93.71 93.71
6 1682 93.95 93.95
8 1682 94.97 94.97
9 1682 95.28 95.28
10 1682 91.09 91.09
12 1682 94.94 94.94
13 1682 88.8 88.8
14 1682 94.83 94.83
15 1682 96.96 96.96
16 1682 81.78 81.78
17 1682 97.76 97.76
20 1682 97.25 97.25
22 1682 85.52 85.52
30 1682 76.07 76.07
33 1682 98.51 98.51
34 1682 69.03 69.03
35 1682 98.09 98.09
38 1682 99.52 99.52
39 1682 71.21 71.21
43 1682 66.94 66.94
45 1682 76.45 76.45
47 1682 101.46 101.46
1 1683 83.87 83.87
5 1683 81.13 81.13
7 1683 79.02 79.02
9 1683 75.67 75.67
10 1683 74 74
11 1683 76.78 76.78
13 1683 72.45 72.45
16 1683 66.87 66.87
17 1683 75.42 75.42
20 1683 75.7 75.7
33 1683 75.5 75.5
35 1683 75.45 75.45
1 1684 93.3 93.3
6 1684 86.64 86.64
8 1684 87 87
9 1684 87.04 87.04
12 1684 88.71 88.71
14 1684 88.05 88.05
15 1684 89.08 89.08
1 1685 152.38 152.38
5 1685 145.67 145.67
7 1685 140.89 140.89
10 1685 129.2 129.2
13 1685 126.21 126.21
1 1686 -78.21 -78.21
3 1686 -89.13 -89.13
10 1686 -58.18 -58.18
11 1686 -62.15 -62.15
1 1687 -186.04 -186.04
5 1687 -169.98 -169.98
1 1688 134.25 134.25
5 1688 125.62 125.62
7 1688 117.9 117.9
10 1688 105.13 105.13
1 1689 -84.69 -84.69
3 1689 -96.77 -96.77
1 1690 215.53 215.53
8 1690 357.85 357.85
1 1691 223.54 223.54
11 1691 179.59 179.59
1 1692 108.77 108.77
2 1692 105.09 105.09
10 1692 94.82 94.82
35 1692 120.45 120.45
1 1693 339.37 339.37
11 1693 262.45 262.45
1 1694 155.8 155.8
3 1694 158.11 158.11
5 1694 149.41 149.41
7 1694 143.8 143.8
10 1694 133.15 133.15
11 1694 138.66 138.66
13 1694 128.96 128.96
22 1694 123.76 123.76
30 1694 111.3 111.3
38 1694 233.64 233.64
43 1694 99.75 99.75
1 1695 267.48 267.48
8 1695 344.39 344.39
1 1696 -13.38 -13.38
3 1696 -19.51 -19.51
10 1696 -6.09 -6.09
1 1697 138.04 138.04
5 1697 129.36 129.36
7 1697 121.63 121.63
11 1697 115.21 115.21
1 1698 -74.15 -74.15
11 1698 -58.39 -58.39
34 1698 -49.36 -49.36
1 1699 164.09 164.09
5 1699 156.08 156.08
11 1699 143.92 143.92
1 1700 295.16 295.16
11 1700 235.53 235.53
1 1701 -52.79 -52.79
5 1701 -50.73 -50.73
10 1701 -45.14 -45.14
11 1701 -46.79 -46.79
1 1702 -176.42 -176.42
5 1702 -161.41 -161.41
11 1702 -136.6 -136.6
1 1703 -31.3 -31.3
11 1703 -21.64 -21.64
1 1704 -50.91 -50.91
5 1704 -45.87 -45.87
7 1704 -41.15 -41.15
10 1704 -33.76 -33.76
11 1704 -37.03 -37.03
13 1704 -30.36 -30.36
1 1705 -167 -167
11 1705 -116.23 -116.23
1 1706 -272.96 -272.96
11 1706 -184.35 -184.35
1 1707 -85.05 -85.05
10 1707 -66.44 -66.44
11 1707 -69.85 -69.85
13 1707 -62.8 -62.8
16 1707 -58.92 -58.92
22 1707 -60.63 -60.63
30 1707 -60.15 -60.15
34 1707 -63.25 -63.25
39 1707 -53.82 -53.82
43 1707 -61.33 -61.33
1 1708 -91.85 -91.85
5 1708 -86.46 -86.46
7 1708 -81.54 -81.54
10 1708 -72.62 -72.62
1 1709 119.58 119.58
5 1709 112.89 112.89
7 1709 106.4 106.4
10 1709 96.34 96.34
11 1709 101.39 101.39
13 1709 92.06 92.06
16 1709 82.87 82.87
22 1709 87.51 87.51
43 1709 65.5 65.5
45 1709 73.89 73.89
1 1710 132 132
5 1710 125.44 125.44
7 1710 120.89 120.89
10 1710 111.41 111.41
11 1710 116.1 116.1
13 1710 108.19 108.19
16 1710 99.18 99.18
22 1710 103.67 103.67
30 1710 92.15 92.15
34 1710 84.39 84.39
39 1710 85.04 85.04
43 1710 81.57 81.57
45 1710 89.72 89.72
1 1711 232.56 232.56
5 1711 215.78 215.78
10 1711 175.85 175.85
1 1712 -35.48 -35.48
7 1712 -28.19 -28.19
10 1712 -22.42 -22.42
11 1712 -25 -25
13 1712 -19.24 -19.24
22 1712 -18.22 -18.22
1 1713 91.81 91.81
2 1713 85.12 85.12
10 1713 79.95 79.95
11 1713 82.79 82.79
1 1714 256.73 256.73
5 1714 237.42 237.42
11 1714 209.84 209.84
13 1714 184.15 184.15
2 1715 310.65 310.65
4 1715 346.41 346.41
6 1715 391.96 391.96
2 1716 -20.35 -20.35
9 1716 -35.01 -35.01
2 1717 74.52 74.52
3 1717 79.86 79.86
4 1717 73.85 73.85
9 1717 73.29 73.29
14 1717 73.74 73.74
15 1717 74.17 74.17
20 1717 73.23 73.23
35 1717 72.94 72.94
2 1718 285.01 285.01
6 1718 346.87 346.87
2 1719 169.66 169.66
4 1719 173.74 173.74
9 1719 190.41 190.41
12 1719 205.09 205.09
14 1719 198.07 198.07
35 1719 237.81 237.81
2 1720 199.32 199.32
9 1720 231.75 231.75
2 1721 130.08 130.08
3 1721 132.04 132.04
4 1721 130.98 130.98
6 1721 132.59 132.59
8 1721 134.93 134.93
2 1722 191.05 191.05
10 1722 148.63 148.63
2 1723 221.52 221.52
4 1723 241.5 241.5
6 1723 266.68 266.68
2 1724 -140.63 -140.63
8 1724 -207.58 -207.58
2 1725 -40.05 -40.05
4 1725 -45.45 -45.45
9 1725 -64.17 -64.17
12 1725 -77.03 -77.03
2 1726 75.16 75.16
4 1726 74.41 74.41
10 1726 72.62 72.62
30 1726 60.65 60.65
2 1727 192.69 192.69
4 1727 198.65 198.65
6 1727 205.96 205.96
2 1728 143.29 143.29
9 1728 163.13 163.13
12 1728 173.02 173.02
14 1728 169.89 169.89
15 1728 184.44 184.44
17 1728 197.7 197.7
2 1729 213.04 213.04
6 1729 254.68 254.68
2 1730 -89.9 -89.9
6 1730 -117.88 -117.88
8 1730 -135.21 -135.21
2 1731 275.2 275.2
6 1731 334.99 334.99
2 1732 233.4 233.4
4 1732 255.65 255.65
8 1732 320.79 320.79
2 1733 135.75 135.75
4 1733 137.02 137.02
6 1733 139.37 139.37
8 1733 142.07 142.07
9 1733 145.37 145.37
12 1733 152 152
14 1733 148.99 148.99
15 1733 155.58 155.58
17 1733 161.31 161.31
20 1733 158.48 158.48
33 1733 167.92 167.92
35 1733 164.44 164.44
3 1734 106.26 106.26
6 1734 103.19 103.19
8 1734 103.88 103.88
9 1734 104.94 104.94
12 1734 107.82 107.82
15 1734 109.06 109.06
17 1734 110.34 110.34
20 1734 109.8 109.8
35 1734 111.31 111.31
38 1734 112.79 112.79
47 1734 114.88 114.88
3 1735 -113.41 -113.41
11 1735 -82.04 -82.04
3 1736 -105.88 -105.88
11 1736 -78.6 -78.6
3 1737 -208.27 -208.27
6 1737 -367.84 -367.84
18 1737 78.88 78.88
19 1737 121.44 121.44
21 1737 206.18 206.18
23 1737 164.52 164.52
25 1737 -55.77 -55.77
36 1737 374.08 374.08
37 1737 -155.03 -155.03
40 1737 -382.29 -382.29
41 1737 -322.85 -322.85
44 1737 -263.47 -263.47
3 1738 231.76 231.76
10 1738 164.46 164.46
16 1738 137.94 137.94
22 1738 146.39 146.39
30 1738 127.73 127.73
34 1738 117.67 117.67
3 1739 231.76 231.76
10 1739 164.46 164.46
13 1739 155.91 155.91
16 1739 137.94 137.94
22 1739 146.39 146.39
34 1739 117.67 117.67
3 1740 261.31 261.31
8 1740 350.11 350.11
3 1741 103.42 103.42
5 1741 96.85 96.85
10 1741 85.2 85.2
13 1741 82.76 82.76
16 1741 74.37 74.37
22 1741 79.11 79.11
30 1741 68.91 68.91
39 1741 63.12 63.12
43 1741 59.21 59.21
45 1741 67.93 67.93
4 1742 241.14 241.14
6 1742 265.33 265.33
4 1743 238.59 238.59
8 1743 294.51 294.51
4 1744 -121.01 -121.01
6 1744 -138.32 -138.32
4 1745 -164.08 -164.08
6 1745 -186.35 -186.35
4 1746 -175.25 -175.25
6 1746 -198.57 -198.57
4 1747 -148.04 -148.04
6 1747 -168.1 -168.1
4 1748 -147.32 -147.32
6 1748 -166.95 -166.95
8 1748 -190.21 -190.21
4 1749 -149.39 -149.39
6 1749 -169.39 -169.39
8 1749 -192.94 -192.94
4 1750 -56.6 -56.6
9 1750 -78.61 -78.61
4 1751 132.08 132.08
9 1751 143.71 143.71
12 1751 156.89 156.89
15 1751 163.35 163.35
20 1751 168.73 168.73
4 1752 169.31 169.31
9 1752 187.18 187.18
17 1752 232.74 232.74
20 1752 223.26 223.26
33 1752 255.7 255.7
35 1752 244.23 244.23
4 1753 -18.55 -18.55
8 1753 -25.03 -25.03
9 1753 -29.06 -29.06
14 1753 -31.35 -31.35
15 1753 -36.81 -36.81
17 1753 -44.09 -44.09
20 1753 -40.37 -40.37
33 1753 -52.49 -52.49
35 1753 -47.85 -47.85
38 1753 -56.89 -56.89
4 1754 -180.91 -180.91
9 1754 -252.1 -252.1
4 1755 -180.91 -180.91
9 1755 -252.1 -252.1
4 1756 241.23 241.23
9 1756 284.97 284.97
12 1756 326.1 326.1
14 1756 304.86 304.86
4 1757 -307.63 -307.63
6 1757 -363.95 -363.95
18 1757 65 65
24 1757 17.09 17.09
27 1757 -33.55 -33.55
4 1758 -322.49 -322.49
8 1758 -351.5 -351.5
4 1759 112.05 112.05
8 1759 121.13 121.13
9 1759 125.54 125.54
12 1759 139.54 139.54
14 1759 133.29 133.29
15 1759 147.08 147.08
17 1759 165.37 165.37
20 1759 155.92 155.92
35 1759 177.3 177.3
4 1760 -302.81 -302.81
6 1760 -379.38 -379.38
21 1760 198.61 198.61
4 1761 174.2 174.2
9 1761 219.77 219.77
12 1761 269.05 269.05
4 1762 -263.15 -263.15
6 1762 -301.1 -301.1
8 1762 -346.6 -346.6
18 1762 141.4 141.4
19 1762 181.58 181.58
21 1762 262.19 262.19
23 1762 222.34 222.34
24 1762 101.07 101.07
26 1762 301.27 301.27
27 1762 60.03 60.03
4 1763 255.43 255.43
6 1763 292.27 292.27
8 1763 342.21 342.21
4 1764 321.58 321.58
6 1764 364.03 364.03
4 1765 255.5 255.5
6 1765 283.33 283.33
8 1765 318.5 318.5
4 1766 240.2 240.2
6 1766 265 265
8 1766 297.24 297.24
4 1767 -109.5 -109.5
6 1767 -125.81 -125.81
8 1767 -145.04 -145.04
4 1768 230.19 230.19
6 1768 253.15 253.15
4 1769 -147.26 -147.26
6 1769 -167.68 -167.68
4 1770 -137.44 -137.44
6 1770 -156.56 -156.56
4 1771 -179.21 -179.21
6 1771 -202.54 -202.54
4 1772 -179.21 -179.21
6 1772 -202.54 -202.54
4 1773 341.44 341.44
6 1773 384.3 384.3
4 1774 311.59 311.59
8 1774 392.9 392.9
4 1775 -172.69 -172.69
6 1775 -195.87 -195.87
4 1776 -136.85 -136.85
6 1776 -154.8 -154.8
8 1776 -176.67 -176.67
9 1776 -202.72 -202.72
4 1777 -45.89 -45.89
9 1777 -64.38 -64.38
14 1777 -70.37 -70.37
4 1778 -314.56 -314.56
6 1778 -365.92 -365.92
18 1778 80.49 80.49
23 1778 165.99 165.99
24 1778 37.91 37.91
25 1778 -54.08 -54.08
29 1778 333.74 333.74
37 1778 -153.69 -153.69
40 1778 -381.63 -381.63
41 1778 -321.6 -321.6
4 1779 -282.43 -282.43
6 1779 -324.07 -324.07
8 1779 -376.19 -376.19
23 1779 200.44 200.44
4 1780 -255.13 -255.13
6 1780 -318.83 -318.83
21 1780 246.52 246.52
26 1780 311.1 311.1
4 1781 -264.26 -264.26
6 1781 -330.92 -330.92
4 1782 236.47 236.47
6 1782 259.94 259.94
4 1783 139.89 139.89
6 1783 144.06 144.06
9 1783 153.39 153.39
12 1783 166.5 166.5
14 1783 159.8 159.8
15 1783 173.22 173.22
17 1783 186.59 186.59
20 1783 179.89 179.89
4 1784 -263.49 -263.49
8 1784 -346.31 -346.31
27 1784 62.83 62.83
4 1785 183.72 183.72
6 1785 198.16 198.16
4 1786 239.86 239.86
6 1786 265.78 265.78
4 1787 260.32 260.32
6 1787 288.77 288.77
4 1788 -152.5 -152.5
6 1788 -174.04 -174.04
4 1789 -171.17 -171.17
6 1789 -193.77 -193.77
8 1789 -220.52 -220.52
4 1790 -236.93 -236.93
9 1790 -362.86 -362.86
18 1790 169.33 169.33
19 1790 210.85 210.85
21 1790 293.67 293.67
23 1790 252.64 252.64
24 1790 127.66 127.66
25 1790 38.16 38.16
27 1790 85.29 85.29
28 1790 373.72 373.72
31 1790 -10.11 -10.11
32 1790 -108.19 -108.19
37 1790 -58.26 -58.26
40 1790 -281.29 -281.29
41 1790 -222.47 -222.47
44 1790 -164.37 -164.37
48 1790 -391.58 -391.58
4 1791 -303.48 -303.48
6 1791 -351.65 -351.65
18 1791 92.84 92.84
19 1791 135.41 135.41
21 1791 219.03 219.03
23 1791 178.13 178.13
24 1791 50.72 50.72
25 1791 -39.54 -39.54
26 1791 259.59 259.59
27 1791 7.47 7.47
31 1791 -88.48 -88.48
32 1791 -187.31 -187.31
37 1791 -136.84 -136.84
40 1791 -360.2 -360.2
41 1791 -301.45 -301.45
44 1791 -243.19 -243.19
4 1792 -314.49 -314.49
6 1792 -365.24 -365.24
18 1792 80.34 80.34
19 1792 123.04 123.04
21 1792 208.12 208.12
23 1792 166.57 166.57
24 1792 37.52 37.52
25 1792 -53.62 -53.62
27 1792 -5.91 -5.91
31 1792 -103.52 -103.52
32 1792 -204.31 -204.31
37 1792 -152.39 -152.39
40 1792 -379.99 -379.99
44 1792 -260.76 -260.76
4 1793 264.02 264.02
6 1793 294.28 294.28
4 1794 -143.87 -143.87
6 1794 -163.06 -163.06
8 1794 -184.88 -184.88
4 1795 -146.49 -146.49
6 1795 -167.32 -167.32
4 1796 299.13 299.13
8 1796 372.72 372.72
4 1797 -316.71 -316.71
6 1797 -367.84 -367.84
18 1797 78.88 78.88
19 1797 121.44 121.44
21 1797 206.18 206.18
23 1797 164.52 164.52
24 1797 36.09 36.09
25 1797 -55.77 -55.77
27 1797 -7.44 -7.44
31 1797 -105.64 -105.64
32 1797 -206.2 -206.2
36 1797 374.08 374.08
37 1797 -155.03 -155.03
40 1797 -382.29 -382.29
41 1797 -322.85 -322.85
44 1797 -263.47 -263.47
4 1798 -309.93 -309.93
6 1798 -359.51 -359.51
18 1798 85.8 85.8
19 1798 128.33 128.33
21 1798 212.59 212.59
23 1798 171.09 171.09
24 1798 43.12 43.12
25 1798 -47.83 -47.83
26 1798 253.39 253.39
27 1798 -0.200012 -0.200012
31 1798 -97.29 -97.29
32 1798 -197.36 -197.36
37 1798 -146.38 -146.38
40 1798 -371.94 -371.94
41 1798 -312.89 -312.89
44 1798 -253.72 -253.72
4 1799 -251.85 -251.85
6 1799 -314.39 -314.39
4 1800 255.65 255.65
6 1800 283.92 283.92
8 1800 320.79 320.79
4 1801 -127.76 -127.76
6 1801 -146 -146
8 1801 -168.22 -168.22
9 1801 -194.86 -194.86
4 1802 -127.76 -127.76
6 1802 -146 -146
4 1803 -98.62 -98.62
6 1803 -114.42 -114.42
8 1803 -131.3 -131.3
9 1803 -152.34 -152.34
14 1803 -174.71 -174.71
4 1804 267.84 267.84
6 1804 296.24 296.24
4 1805 167.43 167.43
6 1805 172.09 172.09
8 1805 177.46 177.46
9 1805 183.19 183.19
14 1805 189.71 189.71
4 1806 -151.92 -151.92
6 1806 -172.71 -172.71
8 1806 -198.28 -198.28
9 1806 -226.49 -226.49
4 1807 -131.59 -131.59
6 1807 -150 -150
4 1808 -146.53 -146.53
6 1808 -164.7 -164.7
8 1808 -185.95 -185.95
4 1809 -133.62 -133.62
6 1809 -153.59 -153.59
8 1809 -174.94 -174.94
9 1809 -203.76 -203.76
4 1810 -174.15 -174.15
6 1810 -196.04 -196.04
8 1810 -225.14 -225.14
9 1810 -256.09 -256.09
5 1811 -33.06 -33.06
11 1811 -28.79 -28.79
5 1812 210.39 210.39
10 1812 162.14 162.14
5 1813 132.55 132.55
9 1813 132.13 132.13
14 1813 132.49 132.49
5 1814 -317.18 -317.18
11 1814 -237.21 -237.21
5 1815 -89.34 -89.34
11 1815 -75.63 -75.63
16 1815 -59.67 -59.67
30 1815 -60.19 -60.19
34 1815 -61.83 -61.83
43 1815 -59.35 -59.35
5 1816 -50.42 -50.42
7 1816 -45.5 -45.5
10 1816 -38.94 -38.94
11 1816 -41.97 -41.97
5 1817 154.28 154.28
7 1817 148.77 148.77
10 1817 136.65 136.65
11 1817 142.16 142.16
13 1817 131.9 131.9
22 1817 126.71 126.71
5 1818 398 398
11 1818 305.15 305.15
5 1819 -344.93 -344.93
11 1819 -251.87 -251.87
5 1820 -325.72 -325.72
11 1820 -241.81 -241.81
21 1820 -119.9 -119.9
23 1820 -191.51 -191.51
26 1820 -52.87 -52.87
28 1820 11.88 11.88
5 1821 209.22 209.22
11 1821 182.3 182.3
5 1822 230.99 230.99
11 1822 204.58 204.58
5 1823 226.16 226.16
7 1823 212.91 212.91
10 1823 190.2 190.2
11 1823 201.15 201.15
13 1823 180.97 180.97
5 1824 -365.25 -365.25
10 1824 -236.88 -236.88
5 1825 182.39 182.39
7 1825 166.29 166.29
11 1825 154.08 154.08
5 1826 245.03 245.03
7 1826 229.39 229.39
10 1826 203.26 203.26
11 1826 216.03 216.03
13 1826 192.52 192.52
5 1827 -64.74 -64.74
7 1827 -57.32 -57.32
10 1827 -45.8 -45.8
11 1827 -50.82 -50.82
13 1827 -40.86 -40.86
16 1827 -35.42 -35.42
22 1827 -37.73 -37.73
30 1827 -35.94 -35.94
34 1827 -38.29 -38.29
5 1828 -37.57 -37.57
7 1828 -34.66 -34.66
11 1828 -32.76 -32.76
13 1828 -29.71 -29.71
30 1828 -31.54 -31.54
34 1828 -35.06 -35.06
39 1828 -27.54 -27.54
43 1828 -34.01 -34.01
45 1828 -19.74 -19.74
5 1829 238.09 238.09
7 1829 223.51 223.51
10 1829 198.18 198.18
11 1829 210.48 210.48
13 1829 188.36 188.36
22 1829 177.87 177.87
5 1830 -371.29 -371.29
10 1830 -219.09 -219.09
5 1831 261.22 261.22
7 1831 243.36 243.36
11 1831 227.87 227.87
5 1832 261.22 261.22
7 1832 243.36 243.36
10 1832 213.65 213.65
11 1832 227.87 227.87
5 1833 -334.93 -334.93
11 1833 -222.42 -222.42
26 1833 -209.44 -209.44
28 1833 -106.78 -106.78
36 1833 82.14 82.14
42 1833 162.25 162.25
5 1834 140.76 140.76
11 1834 122.15 122.15
5 1835 165.7 165.7
11 1835 125.62 125.62
5 1836 -70.79 -70.79
10 1836 -56.1 -56.1
11 1836 -60.01 -60.01
5 1837 -197.66 -197.66
11 1837 -145.68 -145.68
5 1838 231.15 231.15
7 1838 217.4 217.4
10 1838 193.89 193.89
11 1838 204.91 204.91
13 1838 184.24 184.24
22 1838 174.21 174.21
30 1838 155.02 155.02
34 1838 143.82 143.82
5 1839 382.76 382.76
11 1839 292.94 292.94
5 1840 -335.91 -335.91
11 1840 -221.91 -221.91
5 1841 238.82 238.82
7 1841 220.25 220.25
10 1841 191.38 191.38
11 1841 205.35 205.35
13 1841 180.12 180.12
16 1841 158.75 158.75
22 1841 168.98 168.98
30 1841 147.46 147.46
34 1841 135.33 135.33
39 1841 129.91 129.91
45 1841 132.11 132.11
5 1842 -242.83 -242.83
11 1842 -189.54 -189.54
5 1843 -242.83 -242.83
11 1843 -189.54 -189.54
5 1844 -105.25 -105.25
11 1844 -82.35 -82.35
5 1845 -319.28 -319.28
10 1845 -209.95 -209.95
28 1845 20.3 20.3
29 1845 83.15 83.15
36 1845 142.47 142.47
42 1845 197.71 197.71
5 1846 -57.59 -57.59
7 1846 -52.66 -52.66
10 1846 -47.23 -47.23
11 1846 -49.42 -49.42
13 1846 -44.03 -44.03
16 1846 -41.52 -41.52
22 1846 -42.48 -42.48
5 1847 -60.79 -60.79
7 1847 -55.19 -55.19
10 1847 -46.24 -46.24
11 1847 -51.5 -51.5
6 1848 322.46 322.46
8 1848 367.67 367.67
6 1849 301.85 301.85
8 1849 342.54 342.54
6 1850 -201.36 -201.36
8 1850 -230.69 -230.69
6 1851 -112.99 -112.99
8 1851 -130.49 -130.49
6 1852 -105.01 -105.01
8 1852 -121.44 -121.44
9 1852 -141.2 -141.2
6 1853 -193.84 -193.84
8 1853 -220.33 -220.33
9 1853 -252.39 -252.39
6 1854 -169.39 -169.39
8 1854 -192.94 -192.94
6 1855 -82.19 -82.19
9 1855 -100.5 -100.5
15 1855 -129.55 -129.55
20 1855 -141.6 -141.6
6 1856 -89.99 -89.99
8 1856 -98.91 -98.91
9 1856 -109.31 -109.31
12 1856 -128.56 -128.56
14 1856 -118.69 -118.69
15 1856 -139.54 -139.54
17 1856 -166.38 -166.38
20 1856 -152.47 -152.47
33 1856 -200.36 -200.36
38 1856 -225 -225
47 1856 -254.52 -254.52
6 1857 168.89 168.89
8 1857 175.09 175.09
9 1857 181.23 181.23
12 1857 197.22 197.22
14 1857 189.31 189.31
6 1858 -61.19 -61.19
9 1858 -75.98 -75.98
15 1858 -98.62 -98.62
6 1859 -203.89 -203.89
9 1859 -255.42 -255.42
12 1859 -321.45 -321.45
14 1859 -285.65 -285.65
18 1859 277.23 277.23
23 1859 345.84 345.84
24 1859 243.69 243.69
27 1859 209.93 209.93
6 1860 -213.72 -213.72
9 1860 -267.26 -267.26
12 1860 -336.03 -336.03
14 1860 -298.48 -298.48
15 1860 -380.31 -380.31
18 1860 264.26 264.26
19 1860 296.97 296.97
25 1860 161.19 161.19
27 1860 198.25 198.25
6 1861 -185.03 -185.03
9 1861 -231.14 -231.14
12 1861 -290.36 -290.36
14 1861 -258.69 -258.69
15 1861 -328.19 -328.19
18 1861 306.59 306.59
19 1861 340.68 340.68
23 1861 376.48 376.48
24 1861 272.38 272.38
27 1861 237.76 237.76
6 1862 -195.77 -195.77
9 1862 -244.7 -244.7
12 1862 -307.73 -307.73
14 1862 -273.66 -273.66
15 1862 -348.2 -348.2
18 1862 289.37 289.37
19 1862 323.15 323.15
23 1862 358.5 358.5
24 1862 255.72 255.72
27 1862 221.44 221.44
6 1863 -212.43 -212.43
9 1863 -265.43 -265.43
18 1863 266.06 266.06
19 1863 298.87 298.87
21 1863 367.46 367.46
23 1863 333.49 333.49
24 1863 232.7 232.7
27 1863 199.58 199.58
6 1864 262.45 262.45
9 1864 296.32 296.32
6 1865 278.07 278.07
8 1865 296.44 296.44
9 1865 316.91 316.91
12 1865 369.06 369.06
14 1865 342.16 342.16
6 1866 275.98 275.98
9 1866 314.65 314.65
14 1866 339.32 339.32
6 1867 257.39 257.39
8 1867 274.05 274.05
9 1867 289.04 289.04
12 1867 331.67 331.67
6 1868 -207.41 -207.41
9 1868 -263.91 -263.91
12 1868 -339.4 -339.4
19 1868 300.93 300.93
23 1868 337.71 337.71
27 1868 191.83 191.83
31 1868 109.22 109.22
32 1868 26.28 26.28
37 1868 68.42 68.42
40 1868 -117.93 -117.93
46 1868 -164.11 -164.11
48 1868 -211.03 -211.03
6 1869 -229.86 -229.86
9 1869 -297.37 -297.37
18 1869 227.35 227.35
19 1869 265.41 265.41
21 1869 342.59 342.59
26 1869 379.73 379.73
32 1869 -25.18 -25.18
41 1869 -127.22 -127.22
44 1869 -75.26 -75.26
6 1870 -229.86 -229.86
9 1870 -297.37 -297.37
32 1870 -25.18 -25.18
41 1870 -127.22 -127.22
6 1871 214.66 214.66
9 1871 234.34 234.34
12 1871 258.75 258.75
14 1871 246.31 246.31
15 1871 272.22 272.22
17 1871 302.95 302.95
33 1871 341.92 341.92
35 1871 321.22 321.22
38 1871 368.02 368.02
6 1872 -135.15 -135.15
8 1872 -147.21 -147.21
9 1872 -161.13 -161.13
12 1872 -192.44 -192.44
14 1872 -175.17 -175.17
15 1872 -209.6 -209.6
17 1872 -258.46 -258.46
20 1872 -231.97 -231.97
25 1872 338.89 338.89
27 1872 371.36 371.36
31 1872 307 307
32 1872 244.76 244.76
33 1872 -320.13 -320.13
35 1872 -286.89 -286.89
37 1872 276.21 276.21
38 1872 -362.75 -362.75
40 1872 141.34 141.34
41 1872 175.53 175.53
44 1872 210.67 210.67
46 1872 109.1 109.1
48 1872 77.2 77.2
6 1873 -235.98 -235.98
9 1873 -309.4 -309.4
18 1873 215.1 215.1
19 1873 254.93 254.93
24 1873 174.3 174.3
27 1873 134.45 134.45
6 1874 -129.4 -129.4
8 1874 -132.46 -132.46
9 1874 -154.4 -154.4
25 1874 358.39 358.39
6 1875 -129.4 -129.4
9 1875 -154.4 -154.4
12 1875 -182.05 -182.05
17 1875 -242.1 -242.1
20 1875 -218.69 -218.69
25 1875 358.39 358.39
31 1875 327.15 327.15
32 1875 266.64 266.64
33 1875 -296.13 -296.13
35 1875 -266.74 -266.74
37 1875 296.73 296.73
38 1875 -332.44 -332.44
40 1875 166.65 166.65
41 1875 199.64 199.64
44 1875 233.98 233.98
47 1875 -376.86 -376.86
6 1876 212.03 212.03
8 1876 221.23 221.23
9 1876 231.71 231.71
6 1877 238.48 238.48
9 1877 297.23 297.23
6 1878 -118.69 -118.69
8 1878 -128.4 -128.4
9 1878 -139.11 -139.11
14 1878 -150.4 -150.4
6 1879 248.91 248.91
9 1879 277.83 277.83
12 1879 315.19 315.19
14 1879 295.83 295.83
6 1880 162.08 162.08
8 1880 174.68 174.68
9 1880 189.89 189.89
12 1880 230.98 230.98
14 1880 208.7 208.7
15 1880 258.91 258.91
17 1880 347.24 347.24
20 1880 295.87 295.87
6 1881 192.68 192.68
9 1881 226.77 226.77
12 1881 276.64 276.64
14 1881 249.79 249.79
15 1881 311 311
6 1882 -306.67 -306.67
8 1882 -353.56 -353.56
19 1882 176.44 176.44
21 1882 256.21 256.21
23 1882 216.85 216.85
26 1882 295.19 295.19
28 1882 334.24 334.24
6 1883 61.79 61.79
8 1883 64.04 64.04
9 1883 66.93 66.93
12 1883 76.04 76.04
14 1883 70.97 70.97
6 1884 -244.95 -244.95
8 1884 -310.88 -310.88
21 1884 324.17 324.17
23 1884 253.81 253.81
6 1885 -290.85 -290.85
8 1885 -371.85 -371.85
19 1885 130.16 130.16
23 1885 204.95 204.95
24 1885 -28.95 -28.95
27 1885 -116.64 -116.64
6 1886 101.06 101.06
11 1886 99.25 99.25
6 1887 285.12 285.12
8 1887 321.66 321.66
6 1888 275.29 275.29
8 1888 307.25 307.25
6 1889 270.22 270.22
8 1889 302.75 302.75
6 1890 -191.3 -191.3
8 1890 -217.1 -217.1
9 1890 -248.49 -248.49
6 1891 -165.25 -165.25
8 1891 -188.62 -188.62
6 1892 -164.31 -164.31
8 1892 -186.93 -186.93
6 1893 327.61 327.61
8 1893 354.69 354.69
9 1893 387.24 387.24
6 1894 328.34 328.34
8 1894 356.14 356.14
9 1894 388.95 388.95
6 1895 -282.43 -282.43
8 1895 -326.4 -326.4
9 1895 -383.48 -383.48
21 1895 280.89 280.89
24 1895 111.29 111.29
25 1895 20.17 20.17
26 1895 322 322
28 1895 363.14 363.14
31 1895 -29.8 -29.8
32 1895 -130.3 -130.3
41 1895 -247.65 -247.65
6 1896 -220.46 -220.46
9 1896 -282.84 -282.84
18 1896 242.55 242.55
21 1896 355.28 355.28
23 1896 318.1 318.1
6 1897 -132.31 -132.31
8 1897 -143.71 -143.71
9 1897 -156.54 -156.54
12 1897 -184.29 -184.29
14 1897 -169.9 -169.9
15 1897 -200.21 -200.21
20 1897 -219.62 -219.62
25 1897 356.62 356.62
31 1897 326.63 326.63
35 1897 -266.1 -266.1
37 1897 297.94 297.94
6 1898 126.61 126.61
8 1898 133.1 133.1
9 1898 141.25 141.25
14 1898 150.67 150.67
20 1898 186.81 186.81
6 1899 -244.14 -244.14
9 1899 -319.08 -319.08
14 1899 -369.03 -369.03
6 1900 -26.05 -26.05
8 1900 -34.04 -34.04
9 1900 -44.64 -44.64
14 1900 -55.72 -55.72
6 1901 276.22 276.22
8 1901 322.59 322.59
9 1901 389.06 389.06
6 1902 284.73 284.73
8 1902 333.12 333.12
6 1903 290.6 290.6
8 1903 340.4 340.4
6 1904 -249.56 -249.56
8 1904 -315.85 -315.85
21 1904 318.32 318.32
23 1904 249.47 249.47
6 1905 -179.34 -179.34
8 1905 -204.33 -204.33
9 1905 -234.8 -234.8
6 1906 -105.32 -105.32
8 1906 -122.05 -122.05
6 1907 -139.93 -139.93
9 1907 -183.81 -183.81
6 1908 -151.12 -151.12
9 1908 -197.9 -197.9
6 1909 177.74 177.74
8 1909 184.55 184.55
9 1909 191.72 191.72
12 1909 210.57 210.57
14 1909 201.34 201.34
6 1910 164.54 164.54
8 1910 170.37 170.37
9 1910 176.84 176.84
12 1910 193.28 193.28
14 1910 184.92 184.92
15 1910 201.5 201.5
17 1910 218.3 218.3
20 1910 209.6 209.6
6 1911 262.34 262.34
9 1911 296.23 296.23
6 1912 212.62 212.62
9 1912 231.54 231.54
12 1912 254.48 254.48
14 1912 242.93 242.93
15 1912 267.6 267.6
17 1912 296.69 296.69
20 1912 281.24 281.24
33 1912 333.46 333.46
35 1912 313.75 313.75
38 1912 357.78 357.78
47 1912 387.13 387.13
6 1913 -132.52 -132.52
8 1913 -144.16 -144.16
9 1913 -156.96 -156.96
12 1913 -184.73 -184.73
15 1913 -200.24 -200.24
17 1913 -242.23 -242.23
20 1913 -219.98 -219.98
25 1913 356.16 356.16
31 1913 326.38 326.38
32 1913 268.71 268.71
33 1913 -293.77 -293.77
37 1913 297.57 297.57
38 1913 -328.3 -328.3
44 1913 237.52 237.52
47 1913 -369.55 -369.55
6 1914 -69.55 -69.55
9 1914 -104.04 -104.04
6 1915 -331.38 -331.38
8 1915 -385.07 -385.07
18 1915 111.56 111.56
19 1915 153.02 153.02
21 1915 234.69 234.69
23 1915 194.36 194.36
24 1915 70.55 70.55
27 1915 28.58 28.58
6 1916 304.91 304.91
8 1916 346.49 346.49
6 1917 332.36 332.36
8 1917 375.21 375.21
6 1918 -71.7 -71.7
9 1918 -89.12 -89.12
12 1918 -106.1 -106.1
14 1918 -97.22 -97.22
15 1918 -115.31 -115.31
17 1918 -138.19 -138.19
20 1918 -126.2 -126.2
6 1919 170.26 170.26
8 1919 176.44 176.44
9 1919 183.09 183.09
12 1919 200.89 200.89
14 1919 191.79 191.79
15 1919 209.9 209.9
17 1919 229.53 229.53
20 1919 219.05 219.05
33 1919 251.96 251.96
35 1919 240.94 240.94
38 1919 269.64 269.64
47 1919 289.24 289.24
6 1920 -218.24 -218.24
9 1920 -272.4 -272.4
12 1920 -342.55 -342.55
18 1920 261.96 261.96
19 1920 292.87 292.87
21 1920 359.72 359.72
23 1920 326.15 326.15
25 1920 158.06 158.06
27 1920 194.2 194.2
31 1920 121.22 121.22
6 1921 301.85 301.85
8 1921 324.3 324.3
9 1921 350.35 350.35
14 1921 381.62 381.62
6 1922 -110.76 -110.76
8 1922 -127.74 -127.74
9 1922 -147 -147
12 1922 -191.31 -191.31
6 1923 -118.25 -118.25
8 1923 -135.23 -135.23
9 1923 -155.4 -155.4
6 1924 -84.67 -84.67
8 1924 -93.12 -93.12
9 1924 -103.7 -103.7
12 1924 -122.83 -122.83
14 1924 -112.66 -112.66
15 1924 -132.89 -132.89
17 1924 -159.42 -159.42
20 1924 -146.06 -146.06
6 1925 326.01 326.01
8 1925 366.24 366.24
6 1926 -52.41 -52.41
8 1926 -58.79 -58.79
9 1926 -65.88 -65.88
12 1926 -79.08 -79.08
14 1926 -72.56 -72.56
15 1926 -85.85 -85.85
17 1926 -103.66 -103.66
35 1926 -114.59 -114.59
6 1927 320.4 320.4
8 1927 346.41 346.41
9 1927 376.65 376.65
6 1928 325.24 325.24
8 1928 351.89 351.89
6 1929 282.69 282.69
8 1929 318.96 318.96
6 1930 305.21 305.21
8 1930 342.52 342.52
6 1931 282.78 282.78
8 1931 312.38 312.38
6 1932 303.96 303.96
8 1932 340.84 340.84
6 1933 -125.49 -125.49
8 1933 -143.33 -143.33
9 1933 -164.05 -164.05
6 1934 -125.49 -125.49
8 1934 -143.33 -143.33
9 1934 -164.05 -164.05
6 1935 -95.8 -95.8
8 1935 -105.37 -105.37
9 1935 -115.83 -115.83
12 1935 -135.69 -135.69
14 1935 -125.12 -125.12
6 1936 318.48 318.48
8 1936 344.19 344.19
9 1936 374.19 374.19
6 1937 318.48 318.48
8 1937 344.19 344.19
9 1937 374.19 374.19
6 1938 309.56 309.56
8 1938 333.6 333.6
9 1938 361.41 361.41
6 1939 321.14 321.14
8 1939 347.39 347.39
9 1939 378.12 378.12
6 1940 321.33 321.33
8 1940 347.28 347.28
9 1940 377.02 377.02
6 1941 -177.55 -177.55
8 1941 -201.14 -201.14
6 1942 333.35 333.35
8 1942 364.46 364.46
6 1943 244.17 244.17
8 1943 270.96 270.96
7 1944 196.25 196.25
11 1944 183.47 183.47
7 1945 220.03 220.03
11 1945 205.38 205.38
7 1946 200.81 200.81
11 1946 187.36 187.36
7 1947 148.83 148.83
10 1947 136.55 136.55
7 1948 344.74 344.74
11 1948 305.09 305.09
7 1949 342.04 342.04
10 1949 269.68 269.68
7 1950 -208.39 -208.39
10 1950 -167.13 -167.13
11 1950 -185.63 -185.63
7 1951 343.4 343.4
11 1951 303.07 303.07
7 1952 209.53 209.53
10 1952 187.2 187.2
11 1952 198.15 198.15
7 1953 345.7 345.7
11 1953 304.97 304.97
7 1954 -358.81 -358.81
11 1954 -302.2 -302.2
7 1955 -46.66 -46.66
11 1955 -34.81 -34.81
7 1956 -95.53 -95.53
11 1956 -86 -86
7 1957 -120.96 -120.96
11 1957 -108.65 -108.65
13 1957 -88.66 -88.66
7 1958 -47.62 -47.62
10 1958 -40.49 -40.49
11 1958 -43.54 -43.54
7 1959 -361.81 -361.81
10 1959 -263.03 -263.03
11 1959 -305.1 -305.1
7 1960 -280.64 -280.64
10 1960 -217.37 -217.37
7 1961 343.27 343.27
11 1961 302.77 302.77
13 1961 245.62 245.62
7 1962 324.15 324.15
10 1962 256.08 256.08
7 1963 312.01 312.01
11 1963 276.18 276.18
7 1964 -298.26 -298.26
11 1964 -256.88 -256.88
18 1964 -388.05 -388.05
19 1964 -307.57 -307.57
21 1964 -154.58 -154.58
23 1964 -228.84 -228.84
26 1964 -84.27 -84.27
28 1964 -17.03 -17.03
29 1964 48.28 48.28
36 1964 109.93 109.93
42 1964 167.4 167.4
7 1965 -296.83 -296.83
11 1965 -255.78 -255.78
7 1966 -296.83 -296.83
11 1966 -255.78 -255.78
7 1967 -206.17 -206.17
11 1967 -183.9 -183.9
7 1968 222.8 222.8
10 1968 196.93 196.93
16 1968 167.3 167.3
7 1969 335.17 335.17
11 1969 296.06 296.06
7 1970 332.88 332.88
11 1970 293.93 293.93
7 1971 -357.49 -357.49
11 1971 -301.79 -301.79
42 1971 111.34 111.34
7 1972 -270.04 -270.04
10 1972 -188.4 -188.4
11 1972 -222.78 -222.78
7 1973 -217.19 -217.19
11 1973 -192.83 -192.83
7 1974 -315.7 -315.7
11 1974 -273.17 -273.17
7 1975 293.72 293.72
10 1975 238.05 238.05
11 1975 263.28 263.28
7 1976 108.75 108.75
11 1976 95.73 95.73
7 1977 134.21 134.21
11 1977 117.55 117.55
7 1978 -139.98 -139.98
10 1978 -115.02 -115.02
11 1978 -125.76 -125.76
7 1979 202.65 202.65
11 1979 188.45 188.45
7 1980 -47.46 -47.46
10 1980 -43.08 -43.08
11 1980 -45.16 -45.16
13 1980 -40.38 -40.38
22 1980 -39.95 -39.95
7 1981 -149.77 -149.77
10 1981 -114.03 -114.03
11 1981 -129.86 -129.86
13 1981 -100.41 -100.41
29 1981 221.28 221.28
7 1982 -149.77 -149.77
10 1982 -114.03 -114.03
11 1982 -129.86 -129.86
13 1982 -100.41 -100.41
29 1982 221.28 221.28
7 1983 342.78 342.78
11 1983 302.65 302.65
13 1983 245.39 245.39
16 1983 205.97 205.97
7 1984 351.23 351.23
10 1984 276.7 276.7
16 1984 210.65 210.65
22 1984 228.98 228.98
7 1985 348.18 348.18
10 1985 274.42 274.42
11 1985 306.97 306.97
13 1985 249.5 249.5
22 1985 227.83 227.83
7 1986 -283.75 -283.75
10 1986 -216.08 -216.08
11 1986 -245.76 -245.76
13 1986 -191.75 -191.75
7 1987 -283.75 -283.75
10 1987 -216.08 -216.08
11 1987 -245.76 -245.76
7 1988 -205.49 -205.49
11 1988 -183.66 -183.66
7 1989 220.94 220.94
10 1989 196.48 196.48
11 1989 208.52 208.52
13 1989 186.55 186.55
16 1989 167.21 167.21
22 1989 176.24 176.24
7 1990 -220.76 -220.76
11 1990 -196.18 -196.18
7 1991 -220.76 -220.76
11 1991 -196.18 -196.18
7 1992 -213.77 -213.77
11 1992 -190.56 -190.56
7 1993 154.23 154.23
10 1993 132.03 132.03
11 1993 142.81 142.81
13 1993 123.99 123.99
22 1993 115.61 115.61
7 1994 -218.81 -218.81
10 1994 -174.42 -174.42
36 1994 225.79 225.79
42 1994 274.5 274.5
7 1995 286.82 286.82
11 1995 258.61 258.61
7 1996 -360.19 -360.19
11 1996 -303.93 -303.93
7 1997 -360.19 -360.19
11 1997 -303.93 -303.93
7 1998 77.98 77.98
11 1998 70.28 70.28
7 1999 123.11 123.11
11 1999 107.91 107.91
7 2000 83.28 83.28
11 2000 74.47 74.47
7 2001 -163.2 -163.2
11 2001 -147.44 -147.44
7 2002 181.77 181.77
10 2002 157.8 157.8
11 2002 169.48 169.48
13 2002 149.5 149.5
22 2002 140.15 140.15
7 2003 212.52 212.52
10 2003 183.94 183.94
11 2003 197.86 197.86
13 2003 173.8 173.8
7 2004 -52.25 -52.25
10 2004 -44.41 -44.41
11 2004 -47.94 -47.94
7 2005 -42.6 -42.6
10 2005 -36.18 -36.18
11 2005 -39.07 -39.07
13 2005 -33 -33
22 2005 -31.71 -31.71
34 2005 -35.04 -35.04
43 2005 -33.14 -33.14
7 2006 297.06 297.06
10 2006 235.59 235.59
13 2006 214.49 214.49
16 2006 180.85 180.85
7 2007 -342.66 -342.66
11 2007 -290.13 -290.13
7 2008 -317.19 -317.19
10 2008 -240.22 -240.22
11 2008 -271.41 -271.41
29 2008 33.81 33.81
42 2008 149 149
7 2009 -175.73 -175.73
11 2009 -152.62 -152.62
13 2009 -118.47 -118.47
16 2009 -97.89 -97.89
30 2009 -93.01 -93.01
34 2009 -90.76 -90.76
39 2009 -73.43 -73.43
7 2010 -197.37 -197.37
11 2010 -172 -172
16 2010 -111.53 -111.53
7 2011 -202.35 -202.35
11 2011 -178.14 -178.14
7 2012 -202.35 -202.35
11 2012 -178.14 -178.14
7 2013 256.01 256.01
10 2013 222.75 222.75
11 2013 238.7 238.7
22 2013 197.04 197.04
7 2014 265.09 265.09
10 2014 229.26 229.26
11 2014 246.28 246.28
7 2015 348.22 348.22
10 2015 273.96 273.96
11 2015 307.18 307.18
16 2015 208.64 208.64
22 2015 227.21 227.21
30 2015 191.29 191.29
7 2016 213.23 213.23
10 2016 190.47 190.47
11 2016 201.35 201.35
13 2016 181.2 181.2
22 2016 171.64 171.64
30 2016 152.26 152.26
34 2016 140.75 140.75
39 2016 136.91 136.91
45 2016 139.91 139.91
7 2017 329.88 329.88
10 2017 261.07 261.07
11 2017 292.23 292.23
13 2017 237.31 237.31
16 2017 199.57 199.57
22 2017 216.39 216.39
7 2018 346 346
10 2018 273.27 273.27
11 2018 306.16 306.16
13 2018 247.81 247.81
16 2018 207.5 207.5
22 2018 225.78 225.78
30 2018 189.57 189.57
43 2018 163.36 163.36
7 2019 231.41 231.41
10 2019 204.5 204.5
13 2019 193.73 193.73
16 2019 172.9 172.9
22 2019 182.76 182.76
30 2019 161.35 161.35
34 2019 149.44 149.44
7 2020 -324.04 -324.04
10 2020 -246.32 -246.32
11 2020 -280.83 -280.83
7 2021 -142.86 -142.86
10 2021 -109 -109
7 2022 88.09 88.09
10 2022 70.66 70.66
11 2022 78.14 78.14
13 2022 64.97 64.97
7 2023 305.69 305.69
11 2023 224.28 224.28
7 2024 164.11 164.11
10 2024 143.69 143.69
13 2024 137.58 137.58
16 2024 121.8 121.8
22 2024 129.1 129.1
30 2024 112.06 112.06
34 2024 102.88 102.88
39 2024 101.26 101.26
43 2024 98.78 98.78
45 2024 104.53 104.53
7 2025 186.09 186.09
11 2025 174.09 174.09
7 2026 218.3 218.3
11 2026 203.29 203.29
7 2027 -140.32 -140.32
11 2027 -119.38 -119.38
7 2028 337.24 337.24
10 2028 265.99 265.99
11 2028 297.81 297.81
13 2028 241.88 241.88
16 2028 202.84 202.84
22 2028 220.52 220.52
30 2028 185.2 185.2
39 2028 158.01 158.01
45 2028 157.78 157.78
7 2029 144.73 144.73
9 2029 188.74 188.74
10 2029 132.47 132.47
12 2029 206.49 206.49
15 2029 215.08 215.08
7 2030 -360.01 -360.01
10 2030 -262.6 -262.6
11 2030 -305 -305
36 2030 48.56 48.56
7 2031 344.94 344.94
10 2031 272.14 272.14
11 2031 305.29 305.29
16 2031 207.29 207.29
22 2031 225.24 225.24
34 2031 173.16 173.16
43 2031 163.13 163.13
45 2031 161.07 161.07
7 2032 344.94 344.94
10 2032 272.14 272.14
11 2032 305.29 305.29
16 2032 207.29 207.29
22 2032 225.24 225.24
43 2032 163.13 163.13
45 2032 161.07 161.07
7 2033 348.4 348.4
10 2033 273.77 273.77
11 2033 307.49 307.49
16 2033 208.55 208.55
7 2034 314.23 314.23
10 2034 249.06 249.06
11 2034 278.06 278.06
7 2035 -330.64 -330.64
11 2035 -284.57 -284.57
7 2036 -330.64 -330.64
11 2036 -284.57 -284.57
7 2037 -131.19 -131.19
10 2037 -100.15 -100.15
11 2037 -112.13 -112.13
13 2037 -87.53 -87.53
7 2038 341.87 341.87
11 2038 301.82 301.82
13 2038 244.82 244.82
7 2039 -91.74 -91.74
10 2039 -74.64 -74.64
11 2039 -81.98 -81.98
13 2039 -66.87 -66.87
7 2040 -112.52 -112.52
10 2040 -92.56 -92.56
11 2040 -101.44 -101.44
13 2040 -83.6 -83.6
16 2040 -71.94 -71.94
22 2040 -77.07 -77.07
30 2040 -70.2 -70.2
34 2040 -69.1 -69.1
39 2040 -55.11 -55.11
43 2040 -64.47 -64.47
45 2040 -44.54 -44.54
7 2041 -112.52 -112.52
10 2041 -92.56 -92.56
11 2041 -101.44 -101.44
13 2041 -83.6 -83.6
16 2041 -71.94 -71.94
22 2041 -77.07 -77.07
34 2041 -69.1 -69.1
39 2041 -55.11 -55.11
43 2041 -64.47 -64.47
45 2041 -44.54 -44.54
7 2042 -56.25 -56.25
10 2042 -50.18 -50.18
11 2042 -52.95 -52.95
13 2042 -46.73 -46.73
22 2042 -45.14 -45.14
7 2043 349.99 349.99
10 2043 275.06 275.06
13 2043 250.21 250.21
39 2043 163.01 163.01
43 2043 164.94 164.94
7 2044 351.2 351.2
10 2044 276.7 276.7
11 2044 310.35 310.35
13 2044 251.68 251.68
39 2044 163.92 163.92
43 2044 165.79 165.79
7 2045 273.29 273.29
11 2045 253.49 253.49
7 2046 -147.05 -147.05
10 2046 -114.1 -114.1
11 2046 -128.36 -128.36
13 2046 -101.47 -101.47
16 2046 -84.91 -84.91
22 2046 -92.25 -92.25
30 2046 -81.86 -81.86
7 2047 308.2 308.2
10 2047 247.11 247.11
11 2047 274.96 274.96
13 2047 225.17 225.17
7 2048 259.11 259.11
11 2048 234.92 234.92
7 2049 259.11 259.11
11 2049 234.92 234.92
7 2050 -42.74 -42.74
10 2050 -38.28 -38.28
11 2050 -40.52 -40.52
13 2050 -35.1 -35.1
22 2050 -34.42 -34.42
7 2051 -191.62 -191.62
10 2051 -147.03 -147.03
13 2051 -130.15 -130.15
16 2051 -107.71 -107.71
22 2051 -117.74 -117.74
30 2051 -102.42 -102.42
34 2051 -99.46 -99.46
39 2051 -81.31 -81.31
43 2051 -92.92 -92.92
45 2051 -69.25 -69.25
7 2052 -278.49 -278.49
10 2052 -213.08 -213.08
11 2052 -241.67 -241.67
13 2052 -188.89 -188.89
16 2052 -156.35 -156.35
21 2052 -114.36 -114.36
22 2052 -171.09 -171.09
26 2052 -46.99 -46.99
28 2052 16.94 16.94
7 2053 138.41 138.41
10 2053 121.86 121.86
11 2053 130.19 130.19
13 2053 114.94 114.94
16 2053 101.5 101.5
22 2053 107.98 107.98
30 2053 92.76 92.76
34 2053 83.43 83.43
39 2053 82.44 82.44
43 2053 79.79 79.79
45 2053 85.99 85.99
7 2054 208.71 208.71
10 2054 178.89 178.89
11 2054 192.78 192.78
13 2054 167.47 167.47
16 2054 146.11 146.11
22 2054 155.75 155.75
30 2054 134.97 134.97
34 2054 123.04 123.04
39 2054 118.95 118.95
43 2054 117.12 117.12
45 2054 120.71 120.71
7 2055 -98.89 -98.89
10 2055 -80.7 -80.7
16 2055 -62.09 -62.09
30 2055 -60.23 -60.23
39 2055 -47.12 -47.12
45 2055 -37.19 -37.19
7 2056 -140.39 -140.39
10 2056 -108.33 -108.33
11 2056 -122.26 -122.26
7 2057 271.68 271.68
11 2057 251.06 251.06
7 2058 -121.2 -121.2
10 2058 -95.49 -95.49
11 2058 -106.98 -106.98
13 2058 -85.55 -85.55
7 2059 -286.45 -286.45
10 2059 -216.9 -216.9
11 2059 -246.38 -246.38
29 2059 63.32 63.32
36 2059 122.62 122.62
7 2060 244.8 244.8
11 2060 217.96 217.96
8 2061 -130.04 -130.04
9 2061 -151.3 -151.3
8 2062 -130.04 -130.04
9 2062 -151.3 -151.3
8 2063 -130.62 -130.62
9 2063 -149.97 -149.97
12 2063 -194.64 -194.64
14 2063 -169.69 -169.69
8 2064 -156.83 -156.83
9 2064 -180.59 -180.59
8 2065 -137.74 -137.74
9 2065 -158.61 -158.61
8 2066 -137.74 -137.74
9 2066 -158.61 -158.61
8 2067 -206.64 -206.64
9 2067 -232.01 -232.01
14 2067 -260.12 -260.12
15 2067 -332.55 -332.55
18 2067 305.13 305.13
19 2067 339.83 339.83
20 2067 -385.91 -385.91
23 2067 376.7 376.7
24 2067 270.02 270.02
25 2067 194.49 194.49
27 2067 234.56 234.56
8 2068 -224 -224
9 2068 -251.21 -251.21
12 2068 -316.47 -316.47
14 2068 -280.93 -280.93
18 2068 281.99 281.99
23 2068 351.21 351.21
24 2068 247.83 247.83
27 2068 214.21 214.21
8 2069 -224 -224
9 2069 -251.21 -251.21
12 2069 -316.47 -316.47
14 2069 -280.93 -280.93
8 2070 -243.02 -243.02
9 2070 -272.07 -272.07
12 2070 -341.78 -341.78
14 2070 -304.05 -304.05
15 2070 -387.07 -387.07
18 2070 259.34 259.34
21 2070 359.34 359.34
23 2070 326.01 326.01
24 2070 226.69 226.69
27 2070 193.88 193.88
8 2071 -227.72 -227.72
9 2071 -255.56 -255.56
12 2071 -321.53 -321.53
14 2071 -285.76 -285.76
15 2071 -364.15 -364.15
18 2071 277.18 277.18
19 2071 310.36 310.36
21 2071 380.13 380.13
23 2071 345.83 345.83
24 2071 243.52 243.52
25 2071 171.68 171.68
27 2071 209.64 209.64
31 2071 133.29 133.29
8 2072 -247.11 -247.11
9 2072 -277.05 -277.05
12 2072 -348.26 -348.26
14 2072 -309.24 -309.24
21 2072 353.32 353.32
23 2072 319.98 319.98
27 2072 188.88 188.88
8 2073 -227.92 -227.92
9 2073 -255.03 -255.03
18 2073 278.05 278.05
19 2073 310.99 310.99
23 2073 344.95 344.95
24 2073 244.94 244.94
8 2074 -233.74 -233.74
9 2074 -260.93 -260.93
12 2074 -328.1 -328.1
14 2074 -292.1 -292.1
15 2074 -371.02 -371.02
18 2074 271.06 271.06
19 2074 302.87 302.87
21 2074 371.52 371.52
23 2074 337.96 337.96
24 2074 237.91 237.91
25 2074 167.64 167.64
31 2074 130.93 130.93
8 2075 -218.94 -218.94
9 2075 -245.3 -245.3
12 2075 -308.6 -308.6
14 2075 -274.4 -274.4
15 2075 -349.51 -349.51
8 2076 354.69 354.69
9 2076 387.24 387.24
8 2077 -300.31 -300.31
9 2077 -348.64 -348.64
18 2077 180.45 180.45
19 2077 221.16 221.16
24 2077 139.46 139.46
25 2077 51.53 51.53
31 2077 3.85998 3.85998
32 2077 -92.04 -92.04
41 2077 -203.81 -203.81
44 2077 -146.97 -146.97
8 2078 -300.31 -300.31
9 2078 -348.64 -348.64
18 2078 180.45 180.45
19 2078 221.16 221.16
24 2078 139.46 139.46
25 2078 51.53 51.53
31 2078 3.85998 3.85998
32 2078 -92.04 -92.04
40 2078 -261.36 -261.36
41 2078 -203.81 -203.81
44 2078 -146.97 -146.97
46 2078 -315.63 -315.63
48 2078 -369.59 -369.59
8 2079 278.46 278.46
9 2079 296.32 296.32
12 2079 340.57 340.57
14 2079 317.72 317.72
15 2079 366.19 366.19
20 2079 396.31 396.31
8 2080 280.43 280.43
9 2080 298.73 298.73
12 2080 344.79 344.79
14 2080 320.53 320.53
15 2080 370.83 370.83
8 2081 -252.7 -252.7
9 2081 -287.52 -287.52
12 2081 -376.95 -376.95
14 2081 -327.82 -327.82
19 2081 275.46 275.46
21 2081 351.28 351.28
23 2081 314.13 314.13
24 2081 200.98 200.98
25 2081 120.16 120.16
27 2081 162.36 162.36
31 2081 76.95 76.95
41 2081 -110.03 -110.03
44 2081 -59.23 -59.23
48 2081 -259.23 -259.23
8 2082 -252.7 -252.7
9 2082 -287.52 -287.52
12 2082 -376.95 -376.95
14 2082 -327.82 -327.82
21 2082 351.28 351.28
25 2082 120.16 120.16
27 2082 162.36 162.36
31 2082 76.95 76.95
41 2082 -110.03 -110.03
44 2082 -59.23 -59.23
48 2082 -259.23 -259.23
8 2083 -271.52 -271.52
9 2083 -311.25 -311.25
14 2083 -358.09 -358.09
19 2083 252.71 252.71
21 2083 330.62 330.62
24 2083 174.74 174.74
25 2083 91.46 91.46
26 2083 368.58 368.58
27 2083 135.27 135.27
31 2083 46.09 46.09
32 2083 -44.16 -44.16
40 2083 -203.06 -203.06
44 2083 -95.61 -95.61
46 2083 -254.07 -254.07
8 2084 -245.65 -245.65
9 2084 -278.27 -278.27
12 2084 -362.31 -362.31
19 2084 284.44 284.44
21 2084 359.77 359.77
24 2084 204.72 204.72
31 2084 88.19 88.19
32 2084 2.89999 2.89999
37 2084 38.52 38.52
46 2084 -194.21 -194.21
48 2084 -242.29 -242.29
8 2085 -188.67 -188.67
9 2085 -210.18 -210.18
17 2085 -374.15 -374.15
19 2085 371.02 371.02
20 2085 -327.15 -327.15
25 2085 238.75 238.75
31 2085 198.73 198.73
32 2085 128.44 128.44
37 2085 165.82 165.82
40 2085 3.45999 3.45999
41 2085 45.04 45.04
46 2085 -37.04 -37.04
8 2086 -265.83 -265.83
9 2086 -304.16 -304.16
18 2086 220.64 220.64
19 2086 258.85 258.85
21 2086 336.78 336.78
23 2086 298.46 298.46
24 2086 181.98 181.98
27 2086 142.21 142.21
31 2086 54.62 54.62
32 2086 -35.33 -35.33
37 2086 10.57 10.57
40 2086 -192.07 -192.07
41 2086 -138.8 -138.8
8 2087 -265.83 -265.83
9 2087 -304.16 -304.16
14 2087 -348.88 -348.88
18 2087 220.64 220.64
19 2087 258.85 258.85
21 2087 336.78 336.78
23 2087 298.46 298.46
24 2087 181.98 181.98
25 2087 100.42 100.42
31 2087 54.62 54.62
32 2087 -35.33 -35.33
37 2087 10.57 10.57
40 2087 -192.07 -192.07
41 2087 -138.8 -138.8
8 2088 -296.05 -296.05
9 2088 -343.36 -343.36
18 2088 184.8 184.8
19 2088 225.64 225.64
25 2088 56.96 56.96
31 2088 9.48001 9.48001
32 2088 -85.95 -85.95
37 2088 -37.56 -37.56
40 2088 -254.37 -254.37
41 2088 -197.15 -197.15
44 2088 -140.6 -140.6
46 2088 -308.47 -308.47
48 2088 -362.39 -362.39
8 2089 -189.53 -189.53
9 2089 -210.87 -210.87
14 2089 -233.76 -233.76
18 2089 337.4 337.4
19 2089 369.74 369.74
25 2089 234.59 234.59
31 2089 197.09 197.09
32 2089 122.88 122.88
37 2089 160.47 160.47
40 2089 -4.19 -4.19
41 2089 38.66 38.66
44 2089 81.41 81.41
48 2089 -86.08 -86.08
8 2090 -214.17 -214.17
9 2090 -240.36 -240.36
12 2090 -302.85 -302.85
14 2090 -269.08 -269.08
15 2090 -343.16 -343.16
18 2090 294.76 294.76
19 2090 329.1 329.1
23 2090 364.76 364.76
24 2090 260.18 260.18
25 2090 186.63 186.63
27 2090 225.32 225.32
40 2090 -67.03 -67.03
41 2090 -21.35 -21.35
44 2090 24.36 24.36
46 2090 -110.65 -110.65
48 2090 -154.42 -154.42
8 2091 -225.9 -225.9
9 2091 -254.59 -254.59
12 2091 -325.05 -325.05
14 2091 -286.54 -286.54
15 2091 -370.67 -370.67
18 2091 275.92 275.92
19 2091 311.41 311.41
23 2091 348.17 348.17
24 2091 240.78 240.78
25 2091 164.65 164.65
27 2091 204.75 204.75
31 2091 123.71 123.71
40 2091 -97.64 -97.64
41 2091 -50.43 -50.43
46 2091 -142.99 -142.99
48 2091 -188.74 -188.74
8 2092 -210.73 -210.73
9 2092 -236.73 -236.73
14 2092 -266.03 -266.03
18 2092 298.74 298.74
8 2093 -153.4 -153.4
9 2093 -169.58 -169.58
8 2094 -262.04 -262.04
9 2094 -295.56 -295.56
12 2094 -379.78 -379.78
14 2094 -333.98 -333.98
18 2094 232.64 232.64
19 2094 266.76 266.76
21 2094 337.67 337.67
23 2094 302.61 302.61
24 2094 197.6 197.6
25 2094 125.37 125.37
27 2094 163.39 163.39
31 2094 86.06 86.06
40 2094 -125.1 -125.1
44 2094 -35.72 -35.72
46 2094 -167.17 -167.17
48 2094 -209.37 -209.37
8 2095 -330.03 -330.03
9 2095 -383.11 -383.11
8 2096 -147.13 -147.13
9 2096 -176.78 -176.78
8 2097 -133.2 -133.2
9 2097 -160.61 -160.61
8 2098 -197.59 -197.59
9 2098 -230.88 -230.88
14 2098 -271.07 -271.07
18 2098 292.77 292.77
8 2099 258.13 258.13
9 2099 289.02 289.02
14 2099 329.02 329.02
8 2100 173.46 173.46
9 2100 188.32 188.32
14 2100 208.18 208.18
15 2100 256.93 256.93
17 2100 346.44 346.44
20 2100 295 295
8 2101 185.74 185.74
9 2101 202.89 202.89
12 2101 250.76 250.76
14 2101 224.89 224.89
15 2101 283.53 283.53
8 2102 -165.97 -165.97
9 2102 -196.08 -196.08
8 2103 260.2 260.2
9 2103 291.62 291.62
14 2103 332.74 332.74
8 2104 -72.82 -72.82
9 2104 -89.33 -89.33
14 2104 -109.93 -109.93
8 2105 264.89 264.89
9 2105 311.56 311.56
8 2106 321.39 321.39
9 2106 387.44 387.44
8 2107 292.8 292.8
9 2107 348.43 348.43
8 2108 -268.48 -268.48
9 2108 -355.67 -355.67
8 2109 -119.43 -119.43
9 2109 -137.7 -137.7
8 2110 -177.07 -177.07
9 2110 -202.93 -202.93
8 2111 -227.69 -227.69
9 2111 -255.42 -255.42
12 2111 -321.45 -321.45
14 2111 -285.65 -285.65
8 2112 303.84 303.84
9 2112 326.13 326.13
12 2112 382.33 382.33
14 2112 353.1 353.1
8 2113 -304.81 -304.81
9 2113 -354.59 -354.59
21 2113 299.21 299.21
27 2113 92.66 92.66
32 2113 -99.14 -99.14
37 2113 -49.67 -49.67
40 2113 -269.86 -269.86
41 2113 -211.53 -211.53
44 2113 -154.18 -154.18
46 2113 -324.46 -324.46
48 2113 -379.13 -379.13
8 2114 -250.73 -250.73
9 2114 -285.22 -285.22
12 2114 -373.14 -373.14
14 2114 -324.78 -324.78
21 2114 353.67 353.67
24 2114 203.2 203.2
25 2114 123.44 123.44
8 2115 -250.73 -250.73
9 2115 -285.22 -285.22
12 2115 -373.14 -373.14
14 2115 -324.78 -324.78
21 2115 353.67 353.67
24 2115 203.2 203.2
25 2115 123.44 123.44
8 2116 -277.5 -277.5
9 2116 -318.76 -318.76
23 2116 286.19 286.19
8 2117 184.99 184.99
9 2117 201.51 201.51
15 2117 278.87 278.87
17 2117 380.89 380.89
20 2117 321.09 321.09
8 2118 -136.26 -136.26
9 2118 -166 -166
12 2118 -256.6 -256.6
14 2118 -203.93 -203.93
24 2118 311.24 311.24
8 2119 -136.26 -136.26
9 2119 -166 -166
14 2119 -203.93 -203.93
8 2120 189.75 189.75
9 2120 210.55 210.55
8 2121 191.87 191.87
9 2121 212.91 212.91
8 2122 240.62 240.62
9 2122 271.8 271.8
8 2123 -251.41 -251.41
9 2123 -307.12 -307.12
19 2123 262.77 262.77
23 2123 316.98 316.98
8 2124 71.78 71.78
9 2124 76.9 76.9
8 2125 71.78 71.78
9 2125 76.9 76.9
8 2126 -266.8 -266.8
9 2126 -352.18 -352.18
8 2127 -240.28 -240.28
9 2127 -268.89 -268.89
12 2127 -338.51 -338.51
14 2127 -300.82 -300.82
15 2127 -383.35 -383.35
18 2127 261.96 261.96
19 2127 292.87 292.87
24 2127 228.56 228.56
8 2128 354.98 354.98
9 2128 386.84 386.84
8 2129 338.78 338.78
9 2129 367.8 367.8
8 2130 -320.61 -320.61
9 2130 -374.99 -374.99
8 2131 -297.27 -297.27
9 2131 -344.64 -344.64
18 2131 183.84 183.84
19 2131 224.23 224.23
21 2131 305.62 305.62
24 2131 142.98 142.98
25 2131 55.43 55.43
26 2131 345.08 345.08
27 2131 101.4 101.4
31 2131 7.94 7.94
32 2131 -87.66 -87.66
37 2131 -39.04 -39.04
40 2131 -257.15 -257.15
41 2131 -198.83 -198.83
44 2131 -142.27 -142.27
8 2132 -297.27 -297.27
9 2132 -344.64 -344.64
18 2132 183.84 183.84
19 2132 224.23 224.23
21 2132 305.62 305.62
24 2132 142.98 142.98
25 2132 55.43 55.43
26 2132 345.08 345.08
27 2132 101.4 101.4
31 2132 7.94 7.94
32 2132 -87.66 -87.66
37 2132 -39.04 -39.04
40 2132 -257.15 -257.15
41 2132 -198.83 -198.83
44 2132 -142.27 -142.27
46 2132 -310.38 -310.38
48 2132 -364.06 -364.06
8 2133 -264.7 -264.7
9 2133 -302.93 -302.93
14 2133 -347.59 -347.59
18 2133 221.86 221.86
19 2133 260.14 260.14
21 2133 337.71 337.71
23 2133 299.42 299.42
24 2133 183.23 183.23
25 2133 100.67 100.67
26 2133 375.17 375.17
27 2133 144.13 144.13
31 2133 56.27 56.27
32 2133 -33.09 -33.09
37 2133 12.42 12.42
40 2133 -189.58 -189.58
41 2133 -136.57 -136.57
44 2133 -83.56 -83.56
8 2134 -268.44 -268.44
9 2134 -307.65 -307.65
14 2134 -353.62 -353.62
18 2134 217.12 217.12
21 2134 333.72 333.72
24 2134 178.33 178.33
25 2134 95.14 95.14
26 2134 371.59 371.59
27 2134 138.82 138.82
31 2134 50.16 50.16
32 2134 -40.06 -40.06
37 2134 6.17001 6.17001
40 2134 -198.11 -198.11
41 2134 -144.49 -144.49
44 2134 -91.13 -91.13
8 2135 -268.44 -268.44
9 2135 -307.65 -307.65
19 2135 255.88 255.88
8 2136 189.19 189.19
9 2136 205.4 205.4
12 2136 250.85 250.85
15 2136 280.88 280.88
20 2136 321.29 321.29
8 2137 189.19 189.19
9 2137 205.4 205.4
12 2137 250.85 250.85
15 2137 280.88 280.88
20 2137 321.29 321.29
8 2138 -73.14 -73.14
9 2138 -90.29 -90.29
8 2139 -73.14 -73.14
9 2139 -90.29 -90.29
8 2140 -77.67 -77.67
9 2140 -93.79 -93.79
12 2140 -141.42 -141.42
14 2140 -114.57 -114.57
8 2141 204.87 204.87
9 2141 223.2 223.2
12 2141 273.3 273.3
14 2141 246.5 246.5
15 2141 307.62 307.62
20 2141 352.05 352.05
8 2142 -233.55 -233.55
9 2142 -264.27 -264.27
8 2143 254.01 254.01
9 2143 283.63 283.63
12 2143 373.49 373.49
14 2143 323.23 323.23
8 2144 -151.04 -151.04
9 2144 -174.02 -174.02
8 2145 -185.34 -185.34
9 2145 -206.04 -206.04
8 2146 -242.93 -242.93
9 2146 -273.57 -273.57
23 2146 325.07 325.07
8 2147 207.71 207.71
9 2147 231.83 231.83
12 2147 304.82 304.82
14 2147 264.18 264.18
8 2148 -127.74 -127.74
9 2148 -147 -147
14 2148 -166.72 -166.72
8 2149 321.65 321.65
9 2149 347.27 347.27
14 2149 378.41 378.41
8 2150 -315.09 -315.09
9 2150 -367.14 -367.14
21 2150 290.54 290.54
25 2150 34.31 34.31
8 2151 -243.05 -243.05
9 2151 -273 -273
8 2152 344.19 344.19
9 2152 374.19 374.19
8 2153 -130.89 -130.89
9 2153 -158.52 -158.52
8 2154 -221.94 -221.94
9 2154 -251.28 -251.28
14 2154 -285.09 -285.09
18 2154 277.75 277.75
19 2154 315.26 315.26
23 2154 353.24 353.24
8 2155 208.61 208.61
9 2155 229.52 229.52
14 2155 258.59 258.59
15 2155 341.72 341.72
8 2156 -55.2 -55.2
11 2156 -0.619995 -0.619995
14 2156 -83.95 -83.95
8 2157 287.42 287.42
9 2157 306.82 306.82
12 2157 355.28 355.28
14 2157 330.07 330.07
15 2157 383.68 383.68
8 2158 -271.13 -271.13
9 2158 -311.01 -311.01
8 2159 180.63 180.63
9 2159 195.55 195.55
12 2159 237.62 237.62
14 2159 214.7 214.7
15 2159 266.16 266.16
8 2160 -234.52 -234.52
9 2160 -262.27 -262.27
12 2160 -329.88 -329.88
14 2160 -293.34 -293.34
15 2160 -373.3 -373.3
18 2160 269.86 269.86
19 2160 302.91 302.91
23 2160 338 338
24 2160 235.73 235.73
25 2160 163.8 163.8
27 2160 201.16 201.16
8 2161 -280.7 -280.7
9 2161 -323.23 -323.23
26 2161 360.14 360.14
8 2162 -66.05 -66.05
9 2162 -81.52 -81.52
12 2162 -125.58 -125.58
14 2162 -99.84 -99.84
8 2163 -246.15 -246.15
9 2163 -277.3 -277.3
14 2163 -312.99 -312.99
18 2163 251.1 251.1
19 2163 286.01 286.01
8 2164 181.97 181.97
9 2164 200.93 200.93
12 2164 257.62 257.62
14 2164 224.88 224.88
8 2165 176.25 176.25
9 2165 192.78 192.78
12 2165 235.41 235.41
14 2165 211.08 211.08
15 2165 265.58 265.58
20 2165 304.64 304.64
8 2166 210.94 210.94
9 2166 234.99 234.99
14 2166 262.77 262.77
8 2167 277.02 277.02
9 2167 323.48 323.48
8 2168 230.26 230.26
9 2168 257.99 257.99
12 2168 329.32 329.32
14 2168 289.73 289.73
9 2169 -16.1 -16.1
11 2169 4.38 4.38
12 2169 -19.45 -19.45
13 2169 3.54999 3.54999
14 2169 -17.5 -17.5
15 2169 -21.09 -21.09
16 2169 0.570007 0.570007
17 2169 -26.17 -26.17
20 2169 -23.58 -23.58
22 2169 2.01999 2.01999
30 2169 -3.36999 -3.36999
33 2169 -30.76 -30.76
34 2169 -8.51999 -8.51999
35 2169 -28.26 -28.26
38 2169 -33.03 -33.03
43 2169 -9.11999 -9.11999
45 2169 2.98999 2.98999
47 2169 -34.98 -34.98
10 2170 -91.89 -91.89
11 2170 -100.49 -100.49
10 2171 -122.14 -122.14
11 2171 -138.82 -138.82
10 2172 -222.68 -222.68
11 2172 -248.09 -248.09
10 2173 -183.59 -183.59
11 2173 -216.12 -216.12
10 2174 -186.44 -186.44
11 2174 -220 -220
10 2175 225.55 225.55
11 2175 247.7 247.7
10 2176 -114.41 -114.41
11 2176 -128.75 -128.75
10 2177 242.22 242.22
11 2177 270.47 270.47
13 2177 220.16 220.16
10 2178 -155.19 -155.19
11 2178 -171.07 -171.07
10 2179 -103.48 -103.48
11 2179 -117.92 -117.92
13 2179 -90.8 -90.8
10 2180 -103.48 -103.48
11 2180 -117.92 -117.92
13 2180 -90.8 -90.8
10 2181 -222.46 -222.46
11 2181 -243.83 -243.83
10 2182 -105.46 -105.46
11 2182 -121.43 -121.43
10 2183 -105.46 -105.46
11 2183 -121.43 -121.43
10 2184 -210.72 -210.72
11 2184 -238.9 -238.9
13 2184 -186.94 -186.94
10 2185 -196.06 -196.06
11 2185 -236.81 -236.81
10 2186 -157.21 -157.21
11 2186 -222.26 -222.26
10 2187 -164.25 -164.25
11 2187 -182.16 -182.16
10 2188 252.67 252.67
11 2188 282.62 282.62
13 2188 229.98 229.98
16 2188 193.18 193.18
22 2188 210.04 210.04
30 2188 176.53 176.53
34 2188 160.82 160.82
39 2188 150.45 150.45
45 2188 150.13 150.13
10 2189 -178.49 -178.49
11 2189 -199.22 -199.22
13 2189 -160.1 -160.1
22 2189 -146.41 -146.41
10 2190 -159.74 -159.74
11 2190 -179.42 -179.42
13 2190 -142.75 -142.75
16 2190 -119.62 -119.62
22 2190 -130.05 -130.05
30 2190 -113.58 -113.58
34 2190 -110.7 -110.7
39 2190 -92.22 -92.22
43 2190 -103.95 -103.95
10 2191 -123.2 -123.2
11 2191 -139.77 -139.77
10 2192 -123.2 -123.2
11 2192 -139.77 -139.77
13 2192 -107.36 -107.36
10 2193 177.49 177.49
11 2193 196.82 196.82
13 2193 164.52 164.52
10 2194 -129.95 -129.95
11 2194 -147.48 -147.48
13 2194 -115.58 -115.58
22 2194 -103.04 -103.04
0 2195 -14.04 -14.04
2 2195 -19.07 -19.07
12 2195 -34.32 -34.32
0 2196 -116.5 -116.5
12 2196 -236.53 -236.53
20 2196 -295.29 -295.29
25 2196 267.71 267.71
27 2196 302.32 302.32
31 2196 233.09 233.09
32 2196 163.02 163.02
40 2196 45.42 45.42
41 2196 85.09 85.09
46 2196 7.94 7.94
0 2197 108.93 108.93
6 2197 107.5 107.5
12 2197 114.9 114.9
14 2197 112.94 112.94
15 2197 116.22 116.22
17 2197 117.67 117.67
33 2197 120.27 120.27
35 2197 118.74 118.74
38 2197 121.54 121.54
0 2198 105.96 105.96
4 2198 104.18 104.18
6 2198 105.05 105.05
8 2198 106.3 106.3
9 2198 107.56 107.56
12 2198 111.02 111.02
14 2198 109.42 109.42
15 2198 112.72 112.72
17 2198 114.79 114.79
20 2198 113.76 113.76
33 2198 118.02 118.02
35 2198 116.14 116.14
38 2198 120.03 120.03
47 2198 123.04 123.04
0 2199 138 138
11 2199 137.91 137.91
12 2199 137.75 137.75
13 2199 137.79 137.79
20 2199 137.78 137.78
1 2200 228.6 228.6
5 2200 210.54 210.54
1 2201 6.57999 6.57999
12 2201 -17.65 -17.65
1 2202 -318.86 -318.86
10 2202 -304.71 -304.71
1 2203 160.34 160.34
13 2203 131.91 131.91
22 2203 126.79 126.79
34 2203 105.08 105.08
1 2204 125.13 125.13
3 2204 124.93 124.93
5 2204 121.26 121.26
13 2204 106.4 106.4
1 2205 -86.27 -86.27
3 2205 -101.11 -101.11
1 2206 110.86 110.86
3 2206 110.12 110.12
5 2206 106.83 106.83
7 2206 103.8 103.8
10 2206 97.15 97.15
13 2206 94.78 94.78
16 2206 88.03 88.03
22 2206 91.43 91.43
30 2206 82.09 82.09
34 2206 75.03 75.03
39 2206 76.79 76.79
43 2206 72.52 72.52
45 2206 82.2 82.2
1 2207 117.38 117.38
3 2207 118.22 118.22
5 2207 113.05 113.05
7 2207 109.06 109.06
10 2207 102.36 102.36
11 2207 105.94 105.94
13 2207 99.97 99.97
16 2207 93.43 93.43
22 2207 96.84 96.84
30 2207 87.19 87.19
39 2207 81.9 81.9
45 2207 87.57 87.57
1 2208 -29.43 -29.43
7 2208 -27.12 -27.12
13 2208 -23.54 -23.54
1 2209 96.24 96.24
3 2209 96.75 96.75
5 2209 91.9 91.9
7 2209 87.79 87.79
10 2209 81.07 81.07
11 2209 84.7 84.7
13 2209 78.34 78.34
16 2209 71.44 71.44
22 2209 74.85 74.85
34 2209 58.66 58.66
1 2210 -23.61 -23.61
3 2210 -29.4 -29.4
5 2210 -23.85 -23.85
7 2210 -22.41 -22.41
10 2210 -20.72 -20.72
11 2210 -21.35 -21.35
13 2210 -19.62 -19.62
16 2210 -20.05 -20.05
1 2211 126.57 126.57
5 2211 119.86 119.86
7 2211 113.91 113.91
11 2211 107.89 107.89
13 2211 97.85 97.85
16 2211 86.51 86.51
22 2211 91.55 91.55
30 2211 79.69 79.69
34 2211 71.53 71.53
2 2212 249.27 249.27
14 2212 327.09 327.09
2 2213 253.94 253.94
14 2213 352.88 352.88
2 2214 218.52 218.52
4 2214 227.73 227.73
14 2214 281.38 281.38
2 2215 215.55 215.55
14 2215 276.1 276.1
2 2216 368.51 368.51
12 2216 389.18 389.18
2 2217 108.53 108.53
4 2217 108.85 108.85
6 2217 110.01 110.01
9 2217 113.17 113.17
12 2217 117.66 117.66
14 2217 115.57 115.57
15 2217 119.64 119.64
17 2217 121.89 121.89
20 2217 120.29 120.29
35 2217 123.72 123.72
2 2218 -60.15 -60.15
10 2218 -54.55 -54.55
13 2218 -50.14 -50.14
2 2219 394.99 394.99
11 2219 377.58 377.58
2 2220 87.49 87.49
4 2220 87.17 87.17
6 2220 87.48 87.48
8 2220 87.76 87.76
9 2220 87.87 87.87
12 2220 90.75 90.75
14 2220 89.01 89.01
15 2220 90.83 90.83
17 2220 92.76 92.76
33 2220 93.27 93.27
35 2220 93.11 93.11
47 2220 95.16 95.16
2 2221 -92.71 -92.71
14 2221 -140.26 -140.26
35 2221 -211.86 -211.86
37 2221 367.37 367.37
2 2222 395.23 395.23
11 2222 397.08 397.08
14 2222 395.41 395.41
17 2222 395.75 395.75
2 2223 -154.07 -154.07
13 2223 -78.44 -78.44
3 2224 81.1 81.1
4 2224 74.33 74.33
8 2224 74.61 74.61
14 2224 74.59 74.59
17 2224 73.62 73.62
3 2225 -379.59 -379.59
11 2225 -366.76 -366.76
3 2226 -353.04 -353.04
10 2226 -270.35 -270.35
3 2227 232.93 232.93
13 2227 156.64 156.64
3 2228 14.58 14.58
6 2228 2.32999 2.32999
8 2228 0.119995 0.119995
9 2228 -0.019989 -0.019989
10 2228 12.56 12.56
11 2228 13.64 13.64
12 2228 -3.28 -3.28
13 2228 12.14 12.14
14 2228 -1.17001 -1.17001
15 2228 -3.72 -3.72
22 2228 10.11 10.11
38 2228 -12.18 -12.18
47 2228 -11.85 -11.85
4 2229 221.41 221.41
6 2229 243.61 243.61
8 2229 271.25 271.25
9 2229 306.18 306.18
4 2230 -63.51 -63.51
14 2230 -95.36 -95.36
15 2230 -113.3 -113.3
17 2230 -135.78 -135.78
20 2230 -124.16 -124.16
33 2230 -164.53 -164.53
35 2230 -147.72 -147.72
38 2230 -185.95 -185.95
4 2231 -199.81 -199.81
14 2231 -309.2 -309.2
19 2231 286.48 286.48
4 2232 330.24 330.24
14 2232 352.48 352.48
4 2233 224.45 224.45
12 2233 292.16 292.16
14 2233 275.78 275.78
17 2233 353.96 353.96
20 2233 330.76 330.76
35 2233 379.75 379.75
4 2234 230.54 230.54
12 2234 302.98 302.98
14 2234 286.17 286.17
35 2234 398.06 398.06
4 2235 -117.13 -117.13
6 2235 -128.45 -128.45
12 2235 -169.16 -169.16
4 2236 235.84 235.84
6 2236 259.89 259.89
8 2236 290.73 290.73
9 2236 329.44 329.44
4 2237 -133.51 -133.51
12 2237 -259.2 -259.2
14 2237 -225.29 -225.29
15 2237 -301.97 -301.97
20 2237 -364.12 -364.12
4 2238 -125.96 -125.96
12 2238 -246.7 -246.7
4 2239 181.02 181.02
6 2239 192.65 192.65
14 2239 249.9 249.9
4 2240 277.71 277.71
14 2240 369.83 369.83
4 2241 136.24 136.24
6 2241 138.54 138.54
8 2241 141.02 141.02
9 2241 143.3 143.3
12 2241 149.4 149.4
14 2241 146.66 146.66
15 2241 151.77 151.77
17 2241 157 157
20 2241 153.93 153.93
33 2241 163.29 163.29
35 2241 159.93 159.93
38 2241 167.59 167.59
47 2241 171.81 171.81
4 2242 98.14 98.14
8 2242 100.01 100.01
9 2242 100.91 100.91
12 2242 104.53 104.53
14 2242 103.02 103.02
15 2242 105.56 105.56
17 2242 107.48 107.48
20 2242 106.15 106.15
33 2242 111.17 111.17
35 2242 109.33 109.33
38 2242 113.5 113.5
47 2242 116.12 116.12
5 2243 154.55 154.55
7 2243 148.12 148.12
11 2243 142.11 142.11
5 2244 154.55 154.55
7 2244 148.12 148.12
11 2244 142.11 142.11
5 2245 154.28 154.28
7 2245 148.28 148.28
11 2245 142.16 142.16
13 2245 131.9 131.9
22 2245 126.71 126.71
5 2246 110.49 110.49
7 2246 104.8 104.8
10 2246 95.2 95.2
11 2246 100.21 100.21
13 2246 90.88 90.88
5 2247 -36.63 -36.63
11 2247 -32.29 -32.29
13 2247 -29.2 -29.2
16 2247 -28.6 -28.6
22 2247 -28.47 -28.47
39 2247 -27.2 -27.2
5 2248 229.54 229.54
7 2248 215.84 215.84
13 2248 183.16 183.16
5 2249 -75.19 -75.19
13 2249 -57.09 -57.09
16 2249 -53.77 -53.77
22 2249 -54.99 -54.99
5 2250 -146.16 -146.16
10 2250 -102.11 -102.11
11 2250 -112.99 -112.99
13 2250 -90.83 -90.83
5 2251 -141.69 -141.69
11 2251 -109.87 -109.87
5 2252 134.95 134.95
14 2252 136.52 136.52
6 2253 261.25 261.25
8 2253 292.41 292.41
9 2253 331.39 331.39
6 2254 261.25 261.25
8 2254 292.41 292.41
9 2254 331.39 331.39
6 2255 248.51 248.51
9 2255 313.5 313.5
6 2256 250.3 250.3
8 2256 279.13 279.13
9 2256 315.63 315.63
6 2257 248.6 248.6
8 2257 276.58 276.58
9 2257 313.19 313.19
6 2258 244.16 244.16
9 2258 307.04 307.04
6 2259 260.19 260.19
8 2259 287.83 287.83
9 2259 321.54 321.54
14 2259 365.58 365.58
6 2260 167.4 167.4
12 2260 195.97 195.97
14 2260 187.59 187.59
15 2260 204.46 204.46
17 2260 222.61 222.61
20 2260 213.34 213.34
33 2260 243.72 243.72
35 2260 233.19 233.19
38 2260 259.23 259.23
47 2260 276.69 276.69
6 2261 163.37 163.37
8 2261 169.41 169.41
12 2261 191.28 191.28
14 2261 183.55 183.55
6 2262 -37.2 -37.2
9 2262 -45.87 -45.87
12 2262 -52.26 -52.26
14 2262 -49.08 -49.08
15 2262 -55.13 -55.13
17 2262 -64.12 -64.12
20 2262 -59.58 -59.58
33 2262 -74.36 -74.36
35 2262 -68.79 -68.79
38 2262 -80.25 -80.25
47 2262 -85.41 -85.41
6 2263 -221.5 -221.5
14 2263 -309.38 -309.38
18 2263 254.62 254.62
19 2263 286.26 286.26
21 2263 352.84 352.84
25 2263 153.91 153.91
37 2263 81.47 81.47
6 2264 -221.5 -221.5
12 2264 -346.98 -346.98
6 2265 -203.03 -203.03
12 2265 -319.9 -319.9
18 2265 278.67 278.67
6 2266 270.85 270.85
8 2266 288.95 288.95
12 2266 357.93 357.93
14 2266 332.45 332.45
6 2267 262.45 262.45
8 2267 278.46 278.46
14 2267 317.72 317.72
15 2267 366.19 366.19
6 2268 -214.83 -214.83
12 2268 -354.33 -354.33
18 2268 252.52 252.52
19 2268 290.23 290.23
21 2268 363.93 363.93
23 2268 328 328
25 2268 137.85 137.85
27 2268 179.58 179.58
44 2268 -35.73 -35.73
46 2268 -182.16 -182.16
6 2269 -240.65 -240.65
14 2269 -364.84 -364.84
19 2269 248.38 248.38
21 2269 327.24 327.24
23 2269 289.05 289.05
26 2269 366.11 366.11
6 2270 173.97 173.97
12 2270 198.53 198.53
14 2270 191.85 191.85
20 2270 212.85 212.85
6 2271 156.52 156.52
8 2271 161.92 161.92
9 2271 167.85 167.85
12 2271 182.5 182.5
14 2271 175.08 175.08
15 2271 189.58 189.58
17 2271 206.34 206.34
20 2271 197.39 197.39
35 2271 216.45 216.45
6 2272 228.47 228.47
14 2272 272.11 272.11
6 2273 -134.71 -134.71
8 2273 -146.22 -146.22
12 2273 -186.91 -186.91
14 2273 -171.86 -171.86
15 2273 -202.86 -202.86
17 2273 -245.07 -245.07
20 2273 -222.75 -222.75
25 2273 352.7 352.7
31 2273 322.43 322.43
32 2273 265.42 265.42
33 2273 -297.25 -297.25
35 2273 -269.37 -269.37
37 2273 294.01 294.01
38 2273 -332.06 -332.06
44 2273 234.19 234.19
6 2274 104.15 104.15
8 2274 107.73 107.73
9 2274 111.74 111.74
12 2274 120.9 120.9
14 2274 115.91 115.91
6 2275 218.2 218.2
8 2275 234.79 234.79
6 2276 -241.05 -241.05
14 2276 -362.97 -362.97
6 2277 23.17 23.17
8 2277 21.04 21.04
9 2277 18.75 18.75
6 2278 23.17 23.17
8 2278 21.04 21.04
9 2278 18.75 18.75
6 2279 65.58 65.58
14 2279 76.51 76.51
6 2280 -288.62 -288.62
10 2280 -265.54 -265.54
6 2281 121.71 121.71
8 2281 123.46 123.46
9 2281 125.22 125.22
12 2281 130.23 130.23
14 2281 127.78 127.78
15 2281 132.28 132.28
17 2281 136.27 136.27
20 2281 134.19 134.19
35 2281 139.43 139.43
38 2281 146.53 146.53
47 2281 150.46 150.46
6 2282 -224.69 -224.69
12 2282 -381.01 -381.01
14 2282 -330.53 -330.53
19 2282 272.99 272.99
25 2282 117.01 117.01
27 2282 159.46 159.46
31 2282 73.34 73.34
32 2282 -13.99 -13.99
41 2282 -114.9 -114.9
44 2282 -63.59 -63.59
6 2283 167.79 167.79
8 2283 172.67 172.67
9 2283 177.8 177.8
14 2283 184.61 184.61
6 2284 -221.15 -221.15
12 2284 -368.52 -368.52
23 2284 321.32 321.32
31 2284 79.78 79.78
6 2285 -87.88 -87.88
8 2285 -94.77 -94.77
9 2285 -102.12 -102.12
12 2285 -116.24 -116.24
14 2285 -108.96 -108.96
15 2285 -124.55 -124.55
20 2285 -134.91 -134.91
6 2286 114.7 114.7
9 2286 125.06 125.06
14 2286 131.67 131.67
15 2286 146.17 146.17
20 2286 154.38 154.38
33 2286 191.09 191.09
38 2286 210.33 210.33
47 2286 235.77 235.77
6 2287 -1.73001 -1.73001
8 2287 -5.09 -5.09
9 2287 -10.44 -10.44
12 2287 -20.34 -20.34
14 2287 -14.71 -14.71
15 2287 -26.75 -26.75
20 2287 -35.66 -35.66
35 2287 -60.26 -60.26
6 2288 -290.29 -290.29
11 2288 -233.14 -233.14
6 2289 -30.31 -30.31
8 2289 -34.03 -34.03
9 2289 -38.37 -38.37
12 2289 -44.04 -44.04
14 2289 -40.95 -40.95
6 2290 -129.2 -129.2
8 2290 -140.45 -140.45
14 2290 -166.17 -166.17
25 2290 362.67 362.67
31 2290 332.65 332.65
37 2290 303.59 303.59
6 2291 299.1 299.1
8 2291 319.45 319.45
6 2292 299.1 299.1
14 2292 370.74 370.74
6 2293 109.56 109.56
8 2293 113.21 113.21
9 2293 117.24 117.24
12 2293 127.06 127.06
14 2293 122.04 122.04
15 2293 132.35 132.35
20 2293 137.62 137.62
6 2294 185.97 185.97
14 2294 241.75 241.75
15 2294 301.8 301.8
20 2294 346 346
6 2295 -54.82 -54.82
8 2295 -58.96 -58.96
9 2295 -63.15 -63.15
12 2295 -70.26 -70.26
14 2295 -66.42 -66.42
15 2295 -74.83 -74.83
17 2295 -85.57 -85.57
20 2295 -80.16 -80.16
33 2295 -94.76 -94.76
35 2295 -90.52 -90.52
38 2295 -101.86 -101.86
6 2296 -19.75 -19.75
8 2296 -25.97 -25.97
14 2296 -37.53 -37.53
6 2297 172.09 172.09
8 2297 177.46 177.46
9 2297 183.19 183.19
12 2297 195.97 195.97
14 2297 189.71 189.71
6 2298 98.45 98.45
8 2298 101.39 101.39
9 2298 104.71 104.71
12 2298 112.9 112.9
14 2298 109.02 109.02
15 2298 118.1 118.1
7 2299 -130.49 -130.49
11 2299 -117.08 -117.08
7 2300 -127.24 -127.24
11 2300 -114.01 -114.01
7 2301 -275 -275
13 2301 -165.04 -165.04
7 2302 -49.49 -49.49
10 2302 -39.41 -39.41
11 2302 -43.77 -43.77
13 2302 -35.49 -35.49
16 2302 -30.98 -30.98
22 2302 -32.75 -32.75
30 2302 -32.24 -32.24
34 2302 -34.79 -34.79
39 2302 -26 -26
7 2303 -49.49 -49.49
10 2303 -39.41 -39.41
11 2303 -43.77 -43.77
13 2303 -35.49 -35.49
16 2303 -30.98 -30.98
22 2303 -32.75 -32.75
7 2304 -379.98 -379.98
11 2304 -320.15 -320.15
7 2305 -379.98 -379.98
11 2305 -320.15 -320.15
7 2306 393.58 393.58
10 2306 288.83 288.83
11 2306 333.51 333.51
7 2307 338.56 338.56
13 2307 242.78 242.78
7 2308 366.37 366.37
10 2308 288.11 288.11
11 2308 323.05 323.05
16 2308 218.87 218.87
22 2308 238.31 238.31
7 2309 390.09 390.09
11 2309 357.03 357.03
7 2310 -55.99 -55.99
10 2310 -46.87 -46.87
11 2310 -50.86 -50.86
13 2310 -42.31 -42.31
16 2310 -37.01 -37.01
22 2310 -39.15 -39.15
30 2310 -37.5 -37.5
7 2311 198.44 198.44
13 2311 156.73 156.73
7 2312 -139.11 -139.11
11 2312 -123.97 -123.97
7 2313 -111.45 -111.45
11 2313 -100.18 -100.18
7 2314 -111.45 -111.45
10 2314 -90.68 -90.68
11 2314 -100.18 -100.18
13 2314 -80.85 -80.85
16 2314 -68.64 -68.64
22 2314 -73.94 -73.94
7 2315 -100.58 -100.58
10 2315 -81.79 -81.79
11 2315 -89.95 -89.95
13 2315 -72.56 -72.56
16 2315 -61.36 -61.36
30 2315 -59.92 -59.92
34 2315 -59.37 -59.37
7 2316 -175.73 -175.73
13 2316 -118.47 -118.47
16 2316 -97.89 -97.89
30 2316 -93.01 -93.01
34 2316 -90.76 -90.76
39 2316 -73.43 -73.43
7 2317 -53.79 -53.79
10 2317 -46.31 -46.31
11 2317 -49.73 -49.73
13 2317 -42.78 -42.78
22 2317 -41.01 -41.01
7 2318 372.96 372.96
11 2318 335.19 335.19
7 2319 171.56 171.56
14 2319 171.07 171.07
15 2319 171.35 171.35
7 2320 -173.71 -173.71
10 2320 -141 -141
11 2320 -155.99 -155.99
7 2321 -144.94 -144.94
10 2321 -120.93 -120.93
11 2321 -131.37 -131.37
7 2322 -142.16 -142.16
11 2322 -128.12 -128.12
7 2323 364.96 364.96
13 2323 260.81 260.81
16 2323 217.91 217.91
30 2323 199.37 199.37
34 2323 181.58 181.58
7 2324 -379.64 -379.64
11 2324 -320.9 -320.9
42 2324 99.98 99.98
7 2325 -55.82 -55.82
10 2325 -49.54 -49.54
11 2325 -52.68 -52.68
13 2325 -46.45 -46.45
7 2326 199.81 199.81
11 2326 182.99 182.99
13 2326 156.5 156.5
16 2326 136.2 136.2
22 2326 145.96 145.96
39 2326 109.01 109.01
45 2326 111.43 111.43
7 2327 -85.67 -85.67
11 2327 -76.71 -76.71
7 2328 362.58 362.58
10 2328 285.08 285.08
11 2328 319.12 319.12
13 2328 258.89 258.89
16 2328 216.62 216.62
30 2328 198.03 198.03
34 2328 180.54 180.54
39 2328 168.56 168.56
43 2328 170.36 170.36
45 2328 167.84 167.84
7 2329 362.58 362.58
10 2329 285.08 285.08
11 2329 319.12 319.12
13 2329 258.89 258.89
16 2329 216.62 216.62
30 2329 198.03 198.03
39 2329 168.56 168.56
43 2329 170.36 170.36
45 2329 167.84 167.84
7 2330 371.44 371.44
10 2330 292.23 292.23
11 2330 327.09 327.09
13 2330 265.37 265.37
22 2330 241.43 241.43
34 2330 184.92 184.92
39 2330 171.62 171.62
45 2330 171.47 171.47
7 2331 372.26 372.26
10 2331 293.19 293.19
11 2331 329.45 329.45
13 2331 266.3 266.3
16 2331 222.88 222.88
30 2331 203.95 203.95
34 2331 186.27 186.27
43 2331 176.12 176.12
7 2332 -159.33 -159.33
10 2332 -129.58 -129.58
11 2332 -142.49 -142.49
13 2332 -117.37 -117.37
22 2332 -108.7 -108.7
30 2332 -98.27 -98.27
34 2332 -95.33 -95.33
39 2332 -78.59 -78.59
43 2332 -89.04 -89.04
45 2332 -67.1 -67.1
7 2333 359.63 359.63
10 2333 283.19 283.19
11 2333 317.28 317.28
13 2333 256.94 256.94
16 2333 215.75 215.75
22 2333 234.29 234.29
30 2333 196.77 196.77
34 2333 179.6 179.6
43 2333 169.81 169.81
45 2333 167.05 167.05
7 2334 -47.66 -47.66
10 2334 -42.2 -42.2
11 2334 -44.42 -44.42
13 2334 -38.51 -38.51
16 2334 -36.47 -36.47
22 2334 -37.31 -37.31
30 2334 -38.44 -38.44
34 2334 -41.57 -41.57
39 2334 -33.03 -33.03
43 2334 -40.29 -40.29
8 2335 293.96 293.96
9 2335 332.51 332.51
8 2336 280.56 280.56
9 2336 317.42 317.42
8 2337 297.77 297.77
9 2337 338.09 338.09
8 2338 286.48 286.48
9 2338 324.49 324.49
8 2339 273.86 273.86
9 2339 309.04 309.04
8 2340 -172.42 -172.42
9 2340 -200.56 -200.56
8 2341 290.07 290.07
14 2341 369.36 369.36
8 2342 293.72 293.72
9 2342 329.14 329.14
14 2342 374.5 374.5
8 2343 284.85 284.85
9 2343 318.32 318.32
14 2343 361.51 361.51
8 2344 -103.04 -103.04
9 2344 -113.48 -113.48
12 2344 -133.85 -133.85
14 2344 -123.01 -123.01
15 2344 -144.05 -144.05
8 2345 -99.55 -99.55
9 2345 -109.58 -109.58
12 2345 -129.04 -129.04
15 2345 -139.55 -139.55
17 2345 -166.29 -166.29
20 2345 -152.23 -152.23
8 2346 -99.55 -99.55
9 2346 -109.58 -109.58
12 2346 -129.04 -129.04
15 2346 -139.55 -139.55
17 2346 -166.29 -166.29
20 2346 -152.23 -152.23
33 2346 -197.77 -197.77
35 2346 -180.26 -180.26
38 2346 -220.92 -220.92
47 2346 -248.13 -248.13
8 2347 -108.99 -108.99
9 2347 -119.45 -119.45
14 2347 -128.85 -128.85
8 2348 -50.54 -50.54
9 2348 -57.34 -57.34
12 2348 -69.76 -69.76
14 2348 -63.1 -63.1
15 2348 -75.99 -75.99
8 2349 152.77 152.77
14 2349 165.17 165.17
8 2350 139.29 139.29
12 2350 156.89 156.89
8 2351 182.73 182.73
9 2351 189.23 189.23
12 2351 207.76 207.76
14 2351 198.88 198.88
8 2352 170.13 170.13
9 2352 176.42 176.42
12 2352 192.64 192.64
14 2352 184.51 184.51
15 2352 200.73 200.73
17 2352 218.06 218.06
20 2352 208.98 208.98
33 2352 238.6 238.6
35 2352 228.27 228.27
38 2352 253.63 253.63
47 2352 270.64 270.64
8 2353 -225.91 -225.91
12 2353 -319.72 -319.72
14 2353 -283.95 -283.95
15 2353 -362.49 -362.49
8 2354 -242.67 -242.67
12 2354 -341.82 -341.82
8 2355 -221 -221
14 2355 -276.52 -276.52
15 2355 -353.93 -353.93
8 2356 -236.96 -236.96
12 2356 -334.02 -334.02
14 2356 -296.95 -296.95
18 2356 266.09 266.09
19 2356 298.62 298.62
23 2356 333.43 333.43
8 2357 278.46 278.46
14 2357 317.72 317.72
15 2357 366.19 366.19
20 2357 396.31 396.31
8 2358 356.85 356.85
12 2358 381.06 381.06
15 2358 390.91 390.91
8 2359 -271.38 -271.38
14 2359 -360.14 -360.14
25 2359 89.75 89.75
27 2359 133.98 133.98
31 2359 44.26 44.26
40 2359 -206.31 -206.31
41 2359 -152.03 -152.03
44 2359 -98.6 -98.6
8 2360 211.34 211.34
14 2360 230.42 230.42
15 2360 252.04 252.04
17 2360 278.36 278.36
8 2361 -257.62 -257.62
12 2361 -387.83 -387.83
14 2361 -335.95 -335.95
18 2361 231.01 231.01
23 2361 307.58 307.58
25 2361 112.06 112.06
27 2361 154.48 154.48
31 2361 67.59 67.59
32 2361 -19.86 -19.86
37 2361 24.4 24.4
44 2361 -69.86 -69.86
8 2362 -75.93 -75.93
12 2362 -98.6 -98.6
14 2362 -90.61 -90.61
8 2363 -225.9 -225.9
12 2363 -325.05 -325.05
14 2363 -286.54 -286.54
23 2363 348.17 348.17
25 2363 164.65 164.65
27 2363 204.75 204.75
8 2364 -129.65 -129.65
12 2364 -167.51 -167.51
32 2364 301.17 301.17
33 2364 -263.8 -263.8
38 2364 -293.52 -293.52
40 2364 207.2 207.2
41 2364 237.3 237.3
47 2364 -328.04 -328.04
8 2365 -150.44 -150.44
9 2365 -164.88 -164.88
12 2365 -197.09 -197.09
14 2365 -179.91 -179.91
15 2365 -215.32 -215.32
17 2365 -265.82 -265.82
20 2365 -238.78 -238.78
25 2365 330.81 330.81
27 2365 363.01 363.01
31 2365 298.28 298.28
32 2365 235.18 235.18
33 2365 -331.39 -331.39
37 2365 266.95 266.95
38 2365 -377.27 -377.27
40 2365 129.73 129.73
41 2365 164.8 164.8
44 2365 200.42 200.42
46 2365 96.99 96.99
48 2365 64.03 64.03
8 2366 223.98 223.98
9 2366 234.29 234.29
12 2366 258.86 258.86
14 2366 246.51 246.51
15 2366 272.07 272.07
17 2366 303.02 303.02
20 2366 286.5 286.5
33 2366 342.16 342.16
35 2366 321.21 321.21
38 2366 368.07 368.07
8 2367 223.98 223.98
9 2367 234.29 234.29
12 2367 258.86 258.86
14 2367 246.51 246.51
15 2367 272.07 272.07
20 2367 286.5 286.5
35 2367 321.21 321.21
8 2368 -135.21 -135.21
9 2368 -147.44 -147.44
14 2368 -159.4 -159.4
15 2368 -187.9 -187.9
32 2368 295.92 295.92
38 2368 -298.51 -298.51
40 2368 201 201
41 2368 232.57 232.57
46 2368 172.38 172.38
47 2368 -334.37 -334.37
8 2369 -130.12 -130.12
9 2369 -141.65 -141.65
12 2369 -165.62 -165.62
17 2369 -216.2 -216.2
31 2369 361.58 361.58
32 2369 303.99 303.99
33 2369 -262.47 -262.47
35 2369 -237.96 -237.96
37 2369 333.09 333.09
38 2369 -289.47 -289.47
40 2369 210.77 210.77
44 2369 273.5 273.5
46 2369 182.74 182.74
47 2369 -323.23 -323.23
48 2369 155.23 155.23
8 2370 -110.76 -110.76
14 2370 -127.98 -127.98
8 2371 150.8 150.8
12 2371 165.6 165.6
15 2371 170.95 170.95
17 2371 182.61 182.61
35 2371 188.88 188.88
47 2371 215.26 215.26
8 2372 -117.96 -117.96
9 2372 -128.36 -128.36
12 2372 -148.26 -148.26
32 2372 349.4 349.4
35 2372 -207.87 -207.87
37 2372 374.85 374.85
38 2372 -246.95 -246.95
41 2372 287.34 287.34
46 2372 234.57 234.57
47 2372 -274.87 -274.87
8 2373 156.61 156.61
9 2373 166.89 166.89
14 2373 179.65 179.65
15 2373 209.71 209.71
8 2374 -23.75 -23.75
12 2374 -48.61 -48.61
8 2375 111.13 111.13
9 2375 115.23 115.23
12 2375 125.76 125.76
14 2375 120.59 120.59
15 2375 131.64 131.64
20 2375 137.17 137.17
8 2376 -188.68 -188.68
14 2376 -258 -258
18 2376 307.52 307.52
19 2376 356.12 356.12
8 2377 208.86 208.86
12 2377 307.2 307.2
14 2377 265.85 265.85
15 2377 363.69 363.69
8 2378 64.04 64.04
9 2378 66.93 66.93
14 2378 70.97 70.97
8 2379 70.12 70.12
14 2379 79.33 79.33
8 2380 61.59 61.59
14 2380 68.16 68.16
8 2381 -294.85 -294.85
14 2381 -372.66 -372.66
8 2382 274.58 274.58
9 2382 311.15 311.15
8 2383 -169.9 -169.9
9 2383 -197.51 -197.51
14 2383 -226.96 -226.96
8 2384 -169.9 -169.9
9 2384 -197.51 -197.51
14 2384 -226.96 -226.96
8 2385 340.04 340.04
9 2385 387.97 387.97
8 2386 -226.72 -226.72
9 2386 -260.47 -260.47
8 2387 -246.46 -246.46
12 2387 -346.75 -346.75
14 2387 -309.05 -309.05
21 2387 355.08 355.08
23 2387 321.77 321.77
8 2388 -246.62 -246.62
14 2388 -309.2 -309.2
18 2388 254.06 254.06
19 2388 286.48 286.48
25 2388 153.7 153.7
8 2389 270.71 270.71
14 2389 307.93 307.93
8 2390 251.54 251.54
9 2390 265.32 265.32
14 2390 281.64 281.64
15 2390 317.79 317.79
17 2390 363.77 363.77
20 2390 338.98 338.98
35 2390 392.23 392.23
8 2391 -147.89 -147.89
14 2391 -176.55 -176.55
15 2391 -211.18 -211.18
17 2391 -260.31 -260.31
25 2391 336.35 336.35
27 2391 368.66 368.66
31 2391 304.43 304.43
32 2391 242.16 242.16
33 2391 -323.48 -323.48
35 2391 -289.17 -289.17
37 2391 273.6 273.6
38 2391 -367.23 -367.23
40 2391 137.46 137.46
41 2391 172.09 172.09
44 2391 207.34 207.34
46 2391 105.08 105.08
48 2391 73.14 73.14
8 2392 -141.75 -141.75
9 2392 -155.77 -155.77
12 2392 -183.28 -183.28
14 2392 -168.17 -168.17
20 2392 -219.87 -219.87
8 2393 -141.75 -141.75
12 2393 -183.28 -183.28
14 2393 -168.17 -168.17
15 2393 -199.06 -199.06
17 2393 -243.47 -243.47
20 2393 -219.87 -219.87
8 2394 -150.5 -150.5
9 2394 -165.11 -165.11
12 2394 -196.79 -196.79
14 2394 -179.87 -179.87
15 2394 -215.28 -215.28
17 2394 -265.94 -265.94
20 2394 -238.85 -238.85
25 2394 330.57 330.57
27 2394 362.96 362.96
31 2394 298.27 298.27
32 2394 235.41 235.41
33 2394 -331.35 -331.35
35 2394 -295.99 -295.99
37 2394 266.82 266.82
38 2394 -377.29 -377.29
40 2394 130.03 130.03
41 2394 164.95 164.95
44 2394 200.39 200.39
46 2394 97.37 97.37
48 2394 64.69 64.69
8 2395 -142.16 -142.16
9 2395 -155.67 -155.67
12 2395 -184.27 -184.27
14 2395 -169.54 -169.54
15 2395 -200.69 -200.69
17 2395 -247.01 -247.01
20 2395 -221.87 -221.87
25 2395 353.51 353.51
31 2395 321.69 321.69
32 2395 262 262
35 2395 -271.5 -271.5
37 2395 292.21 292.21
38 2395 -338.45 -338.45
41 2395 194.55 194.55
46 2395 130.81 130.81
8 2396 -147.64 -147.64
14 2396 -175.3 -175.3
15 2396 -209.65 -209.65
8 2397 -147.64 -147.64
14 2397 -175.3 -175.3
15 2397 -209.65 -209.65
8 2398 -150.39 -150.39
9 2398 -165.27 -165.27
12 2398 -196.84 -196.84
14 2398 -179.92 -179.92
15 2398 -215.1 -215.1
17 2398 -266.15 -266.15
20 2398 -238.81 -238.81
25 2398 330.55 330.55
27 2398 362.57 362.57
31 2398 297.71 297.71
32 2398 234.91 234.91
33 2398 -331.36 -331.36
35 2398 -295.93 -295.93
37 2398 266.98 266.98
38 2398 -376.12 -376.12
40 2398 130.55 130.55
41 2398 164.94 164.94
44 2398 199.95 199.95
46 2398 97.84 97.84
48 2398 65.49 65.49
8 2399 233.35 233.35
9 2399 245.05 245.05
12 2399 272.89 272.89
14 2399 258.24 258.24
15 2399 287.65 287.65
17 2399 322.92 322.92
20 2399 303.76 303.76
33 2399 369.04 369.04
35 2399 343.84 343.84
8 2400 58.14 58.14
12 2400 70.99 70.99
8 2401 139.76 139.76
9 2401 147.13 147.13
12 2401 167.93 167.93
8 2402 -224.79 -224.79
14 2402 -288.62 -288.62
8 2403 -57.56 -57.56
14 2403 -88.74 -88.74
8 2404 -57.56 -57.56
14 2404 -88.74 -88.74
8 2405 -216.36 -216.36
9 2405 -248.99 -248.99
14 2405 -284.38 -284.38
8 2406 289.75 289.75
9 2406 324.15 324.15
8 2407 -204.55 -204.55
9 2407 -234.57 -234.57
8 2408 -218.53 -218.53
9 2408 -250.55 -250.55
8 2409 -96.39 -96.39
12 2409 -125.72 -125.72
8 2410 -99.97 -99.97
14 2410 -115.33 -115.33
15 2410 -132.4 -132.4
35 2410 -166.99 -166.99
8 2411 -106.12 -106.12
9 2411 -114.12 -114.12
12 2411 -130.08 -130.08
15 2411 -138.9 -138.9
17 2411 -162.76 -162.76
20 2411 -150.13 -150.13
33 2411 -188.1 -188.1
35 2411 -175.04 -175.04
38 2411 -203.81 -203.81
47 2411 -221.38 -221.38
8 2412 -139.91 -139.91
12 2412 -179.27 -179.27
14 2412 -165.23 -165.23
8 2413 -139.91 -139.91
12 2413 -179.27 -179.27
8 2414 145.29 145.29
14 2414 164.92 164.92
15 2414 192.21 192.21
17 2414 231.56 231.56
38 2414 345.65 345.65
8 2415 209 209
14 2415 266.1 266.1
8 2416 -212.63 -212.63
9 2416 -244.61 -244.61
8 2417 -178.95 -178.95
9 2417 -207.55 -207.55
8 2418 -187.73 -187.73
9 2418 -216.7 -216.7
8 2419 -183.68 -183.68
9 2419 -211.48 -211.48
8 2420 -181.73 -181.73
9 2420 -208.45 -208.45
14 2420 -238.52 -238.52
8 2421 -95.67 -95.67
12 2421 -125.72 -125.72
8 2422 170.37 170.37
9 2422 176.84 176.84
12 2422 193.28 193.28
14 2422 184.92 184.92
15 2422 201.5 201.5
17 2422 218.3 218.3
20 2422 209.6 209.6
8 2423 108.33 108.33
12 2423 121.88 121.88
14 2423 116.93 116.93
15 2423 127.41 127.41
20 2423 132.66 132.66
33 2423 155.08 155.08
38 2423 164.97 164.97
8 2424 164.91 164.91
12 2424 215.3 215.3
14 2424 195.29 195.29
8 2425 147 147
9 2425 157.86 157.86
12 2425 183.84 183.84
14 2425 169.67 169.67
8 2426 -107.86 -107.86
9 2426 -118.27 -118.27
12 2426 -138.12 -138.12
14 2426 -127.34 -127.34
15 2426 -148.53 -148.53
17 2426 -176.75 -176.75
20 2426 -162.51 -162.51
8 2427 -93.77 -93.77
9 2427 -102.76 -102.76
12 2427 -121.14 -121.14
14 2427 -111.51 -111.51
15 2427 -130.83 -130.83
8 2428 -73.24 -73.24
9 2428 -80.42 -80.42
12 2428 -95.64 -95.64
14 2428 -87.7 -87.7
8 2429 159.78 159.78
9 2429 171.73 171.73
14 2429 187.76 187.76
15 2429 228.37 228.37
17 2429 297.47 297.47
20 2429 257.65 257.65
8 2430 -73.14 -73.14
9 2430 -81.81 -81.81
12 2430 -97.45 -97.45
14 2430 -89.31 -89.31
15 2430 -105.52 -105.52
17 2430 -126.48 -126.48
20 2430 -115.72 -115.72
33 2430 -152.1 -152.1
35 2430 -137.22 -137.22
38 2430 -170.97 -170.97
47 2430 -193.63 -193.63
8 2431 144.96 144.96
9 2431 148.89 148.89
12 2431 161.48 161.48
14 2431 155.29 155.29
15 2431 167.72 167.72
17 2431 179.86 179.86
20 2431 173.78 173.78
33 2431 195.25 195.25
35 2431 187.56 187.56
38 2431 206.7 206.7
8 2432 -168.22 -168.22
9 2432 -194.86 -194.86
14 2432 -223.36 -223.36
8 2433 -140.52 -140.52
9 2433 -163.16 -163.16
14 2433 -186.74 -186.74
8 2434 -176.79 -176.79
12 2434 -267.37 -267.37
14 2434 -231.85 -231.85
15 2434 -309.95 -309.95
18 2434 340.21 340.21
24 2434 298.07 298.07
8 2435 174.53 174.53
9 2435 180.53 180.53
12 2435 195.19 195.19
14 2435 188.08 188.08
8 2436 165.3 165.3
9 2436 178.23 178.23
12 2436 213.75 213.75
14 2436 194.97 194.97
15 2436 235.79 235.79
20 2436 267.38 267.38
8 2437 -257.14 -257.14
12 2437 -362.17 -362.17
8 2438 -230.73 -230.73
14 2438 -296.3 -296.3
18 2438 266.43 266.43
19 2438 303.56 303.56
23 2438 341.6 341.6
8 2439 -116.26 -116.26
9 2439 -125.91 -125.91
12 2439 -146.26 -146.26
14 2439 -135.55 -135.55
15 2439 -157.89 -157.89
17 2439 -187.49 -187.49
20 2439 -172.6 -172.6
33 2439 -226.16 -226.16
35 2439 -204.55 -204.55
38 2439 -246.01 -246.01
8 2440 143.5 143.5
9 2440 153.87 153.87
14 2440 167.93 167.93
8 2441 -22.89 -22.89
9 2441 -32.05 -32.05
14 2441 -42.18 -42.18
8 2442 198.83 198.83
9 2442 206.71 206.71
12 2442 227.97 227.97
14 2442 216.35 216.35
15 2442 242.11 242.11
8 2443 282.37 282.37
9 2443 296.9 296.9
12 2443 340.03 340.03
14 2443 317.14 317.14
9 2444 326.95 326.95
14 2444 372.58 372.58
9 2445 -175.2 -175.2
14 2445 -200.04 -200.04
9 2446 -168.71 -168.71
14 2446 -192.82 -192.82
9 2447 314.51 314.51
14 2447 357.21 357.21
9 2448 335.99 335.99
14 2448 382.23 382.23
9 2449 -254.32 -254.32
14 2449 -291.11 -291.11
9 2450 -254.32 -254.32
14 2450 -291.11 -291.11
9 2451 -249.2 -249.2
12 2451 -330.85 -330.85
9 2452 -139.38 -139.38
14 2452 -157.92 -157.92
9 2453 -225.84 -225.84
14 2453 -257.24 -257.24
9 2454 -61.06 -61.06
12 2454 -73.86 -73.86
20 2454 -88.88 -88.88
9 2455 -258.24 -258.24
14 2455 -288.91 -288.91
15 2455 -367.85 -367.85
18 2455 274.35 274.35
19 2455 306.99 306.99
21 2455 376.72 376.72
23 2455 342.89 342.89
24 2455 240.89 240.89
9 2456 -255.76 -255.76
12 2456 -321.12 -321.12
18 2456 277.67 277.67
19 2456 310.73 310.73
21 2456 378.85 378.85
25 2456 172.06 172.06
27 2456 209.35 209.35
31 2456 133.42 133.42
9 2457 -246.3 -246.3
12 2457 -309.42 -309.42
9 2458 -246.3 -246.3
12 2458 -309.42 -309.42
14 2458 -273.62 -273.62
15 2458 -348.64 -348.64
24 2458 256.57 256.57
9 2459 -243.85 -243.85
14 2459 -273.62 -273.62
15 2459 -348.64 -348.64
9 2460 -260.99 -260.99
12 2460 -328.54 -328.54
14 2460 -292.08 -292.08
15 2460 -372.17 -372.17
9 2461 -261.19 -261.19
12 2461 -328.78 -328.78
14 2461 -292.17 -292.17
15 2461 -372.35 -372.35
19 2461 303.55 303.55
21 2461 372.64 372.64
23 2461 338.58 338.58
24 2461 237.28 237.28
27 2461 203.66 203.66
9 2462 -250.32 -250.32
14 2462 -280.25 -280.25
15 2462 -357.63 -357.63
18 2462 283.19 283.19
19 2462 316.68 316.68
23 2462 352.35 352.35
9 2463 -245.28 -245.28
12 2463 -309 -309
14 2463 -274.66 -274.66
15 2463 -349.92 -349.92
19 2463 323.27 323.27
23 2463 358.98 358.98
24 2463 254.7 254.7
25 2463 180.91 180.91
27 2463 219.56 219.56
9 2464 -262.33 -262.33
12 2464 -330.02 -330.02
14 2464 -293.19 -293.19
18 2464 269.22 269.22
19 2464 302.95 302.95
21 2464 371.34 371.34
23 2464 337.13 337.13
24 2464 236.37 236.37
9 2465 -247.92 -247.92
12 2465 -311.65 -311.65
14 2465 -277.24 -277.24
15 2465 -352.66 -352.66
27 2465 218.33 218.33
9 2466 -247.92 -247.92
12 2466 -311.65 -311.65
14 2466 -277.24 -277.24
15 2466 -352.66 -352.66
9 2467 -256.55 -256.55
12 2467 -322.17 -322.17
14 2467 -286.46 -286.46
15 2467 -363.96 -363.96
18 2467 276.07 276.07
19 2467 308.84 308.84
21 2467 377.34 377.34
23 2467 343.39 343.39
24 2467 242.95 242.95
25 2467 172.31 172.31
27 2467 209.46 209.46
9 2468 326.41 326.41
12 2468 382.56 382.56
9 2469 263.92 263.92
12 2469 293.96 293.96
9 2470 327.91 327.91
12 2470 383.76 383.76
9 2471 311.01 311.01
14 2471 334.89 334.89
9 2472 239.7 239.7
12 2472 266.14 266.14
15 2472 280.32 280.32
20 2472 296.19 296.19
35 2472 334.64 334.64
9 2473 -257.73 -257.73
12 2473 -329.93 -329.93
14 2473 -290.84 -290.84
21 2473 380.88 380.88
31 2473 118.56 118.56
9 2474 -293.82 -293.82
12 2474 -387.54 -387.54
14 2474 -335.87 -335.87
18 2474 231.44 231.44
23 2474 308.07 308.07
25 2474 112.1 112.1
27 2474 154.88 154.88
32 2474 -19.8 -19.8
37 2474 24.66 24.66
41 2474 -121.25 -121.25
44 2474 -69.85 -69.85
48 2474 -273.12 -273.12
9 2475 -293.82 -293.82
14 2475 -335.87 -335.87
19 2475 269.02 269.02
24 2475 193.09 193.09
27 2475 154.88 154.88
44 2475 -69.85 -69.85
9 2476 -307.67 -307.67
14 2476 -353.69 -353.69
24 2476 178.3 178.3
25 2476 95.31 95.31
27 2476 139 139
31 2476 50.66 50.66
32 2476 -39.91 -39.91
37 2476 6.06 6.06
40 2476 -198.03 -198.03
41 2476 -144.08 -144.08
44 2476 -90.93 -90.93
9 2477 234.13 234.13
12 2477 258.53 258.53
14 2477 246.22 246.22
15 2477 271.7 271.7
17 2477 302.57 302.57
20 2477 286.16 286.16
33 2477 341.4 341.4
35 2477 320.67 320.67
38 2477 367.33 367.33
9 2478 -271.19 -271.19
12 2478 -351.16 -351.16
14 2478 -307.07 -307.07
18 2478 256.28 256.28
19 2478 292.5 292.5
21 2478 367.19 367.19
23 2478 330.02 330.02
24 2478 219.44 219.44
27 2478 182.49 182.49
32 2478 14.46 14.46
37 2478 57.25 57.25
40 2478 -131.85 -131.85
44 2478 -33.11 -33.11
46 2478 -179.1 -179.1
48 2478 -226.77 -226.77
9 2479 302.53 302.53
14 2479 325.28 325.28
9 2480 -167.71 -167.71
12 2480 -199.77 -199.77
14 2480 -182.73 -182.73
17 2480 -270.59 -270.59
20 2480 -242.84 -242.84
25 2480 325.46 325.46
27 2480 357.86 357.86
31 2480 293.34 293.34
33 2480 -337.87 -337.87
35 2480 -301.42 -301.42
37 2480 261.64 261.64
38 2480 -385.4 -385.4
41 2480 158.91 158.91
44 2480 194.68 194.68
9 2481 -315.93 -315.93
14 2481 -364.84 -364.84
19 2481 248.38 248.38
21 2481 327.24 327.24
23 2481 289.05 289.05
9 2482 -271.25 -271.25
12 2482 -347.04 -347.04
14 2482 -305.82 -305.82
9 2483 -104.01 -104.01
14 2483 -120.01 -120.01
9 2484 -271.22 -271.22
14 2484 -305.94 -305.94
9 2485 185.75 185.75
12 2485 225.43 225.43
14 2485 204.3 204.3
15 2485 251.95 251.95
20 2485 286.22 286.22
9 2486 185.75 185.75
12 2486 225.43 225.43
14 2486 204.3 204.3
9 2487 181.97 181.97
12 2487 220.98 220.98
9 2488 135.47 135.47
12 2488 150.54 150.54
14 2488 142.81 142.81
15 2488 158.48 158.48
20 2488 167.66 167.66
9 2489 177.38 177.38
12 2489 214.59 214.59
14 2489 194.88 194.88
17 2489 315.08 315.08
20 2489 270.9 270.9
35 2489 375.84 375.84
9 2490 204.1 204.1
14 2490 225.46 225.46
9 2491 234.48 234.48
12 2491 285.42 285.42
14 2491 258.4 258.4
9 2492 -228.98 -228.98
12 2492 -319.06 -319.06
14 2492 -268.62 -268.62
18 2492 294.85 294.85
24 2492 245.98 245.98
9 2493 205.57 205.57
12 2493 253.16 253.16
14 2493 227.58 227.58
15 2493 284.64 284.64
17 2493 390.22 390.22
9 2494 228.28 228.28
12 2494 279.58 279.58
14 2494 252.03 252.03
15 2494 313.84 313.84
20 2494 359.25 359.25
9 2495 -220.35 -220.35
14 2495 -257.78 -257.78
9 2496 -25.16 -25.16
12 2496 -39.22 -39.22
15 2496 -48.15 -48.15
17 2496 -76.15 -76.15
20 2496 -60.58 -60.58
38 2496 -161.4 -161.4
9 2497 -25.16 -25.16
12 2497 -39.22 -39.22
15 2497 -48.15 -48.15
17 2497 -76.15 -76.15
20 2497 -60.58 -60.58
9 2498 -92.3 -92.3
12 2498 -141.26 -141.26
15 2498 -178.51 -178.51
20 2498 -240.38 -240.38
37 2498 112.6 112.6
9 2499 -222.58 -222.58
14 2499 -260.88 -260.88
18 2499 304.47 304.47
19 2499 353.05 353.05
9 2500 -205.69 -205.69
14 2500 -248.26 -248.26
9 2501 60.39 60.39
12 2501 65.95 65.95
14 2501 62.35 62.35
9 2502 284.61 284.61
14 2502 325.97 325.97
9 2503 236.26 236.26
12 2503 310.94 310.94
15 2503 369.4 369.4
9 2504 236.26 236.26
12 2504 310.94 310.94
9 2505 245.89 245.89
12 2505 326.9 326.9
9 2506 -240.52 -240.52
14 2506 -297.63 -297.63
9 2507 -258.41 -258.41
14 2507 -321.49 -321.49
9 2508 -97.96 -97.96
14 2508 -120.5 -120.5
9 2509 -166.39 -166.39
12 2509 -313.02 -313.02
24 2509 254.43 254.43
9 2510 314.71 314.71
14 2510 385.75 385.75
9 2511 -176.06 -176.06
12 2511 -341.27 -341.27
9 2512 -173.73 -173.73
14 2512 -198.41 -198.41
9 2513 -216.38 -216.38
14 2513 -246.43 -246.43
9 2514 -249.48 -249.48
14 2514 -284.71 -284.71
9 2515 -238.82 -238.82
14 2515 -272.65 -272.65
9 2516 -152.92 -152.92
12 2516 -203.53 -203.53
14 2516 -175.07 -175.07
9 2517 -150.95 -150.95
12 2517 -192.9 -192.9
14 2517 -169.56 -169.56
15 2517 -221.3 -221.3
9 2518 -222.57 -222.57
14 2518 -252.1 -252.1
9 2519 -157.86 -157.86
14 2519 -178.93 -178.93
9 2520 -75.16 -75.16
12 2520 -90.23 -90.23
14 2520 -82.3 -82.3
15 2520 -98.1 -98.1
9 2521 -249.15 -249.15
12 2521 -313.74 -313.74
18 2521 284.74 284.74
19 2521 318.16 318.16
23 2521 354.04 354.04
24 2521 250.45 250.45
9 2522 -264.26 -264.26
12 2522 -332.2 -332.2
14 2522 -295.38 -295.38
15 2522 -376.16 -376.16
9 2523 316.91 316.91
12 2523 369.06 369.06
14 2523 342.16 342.16
15 2523 399.76 399.76
9 2524 311.31 311.31
12 2524 361.81 361.81
14 2524 335.39 335.39
15 2524 391.73 391.73
9 2525 -298.31 -298.31
14 2525 -342.22 -342.22
18 2525 226.49 226.49
23 2525 303.32 303.32
27 2525 148.84 148.84
31 2525 59.92 59.92
32 2525 -28.1 -28.1
37 2525 17.65 17.65
40 2525 -181.88 -181.88
41 2525 -129.97 -129.97
44 2525 -77.04 -77.04
9 2526 -268.06 -268.06
12 2526 -345.9 -345.9
14 2526 -303.47 -303.47
31 2526 103.48 103.48
9 2527 -149.26 -149.26
12 2527 -175.37 -175.37
9 2528 -164.25 -164.25
12 2528 -195.82 -195.82
17 2528 -262.14 -262.14
20 2528 -237.22 -237.22
25 2528 330.22 330.22
27 2528 366.71 366.71
31 2528 302.3 302.3
32 2528 235.09 235.09
35 2528 -290.91 -290.91
37 2528 271.63 271.63
41 2528 170.71 170.71
46 2528 103.77 103.77
9 2529 245.78 245.78
12 2529 272.37 272.37
14 2529 259.2 259.2
15 2529 287.12 287.12
17 2529 320.84 320.84
20 2529 302.89 302.89
33 2529 364.23 364.23
35 2529 340.6 340.6
38 2529 392.78 392.78
9 2530 321.45 321.45
12 2530 371.31 371.31
14 2530 345.51 345.51
9 2531 166.6 166.6
12 2531 195.12 195.12
14 2531 180.22 180.22
9 2532 190.11 190.11
12 2532 231.6 231.6
14 2532 209.39 209.39
15 2532 259.43 259.43
17 2532 348.51 348.51
20 2532 296.64 296.64
9 2533 -90.66 -90.66
14 2533 -110.62 -110.62
9 2534 -259.98 -259.98
12 2534 -338.16 -338.16
14 2534 -295.83 -295.83
21 2534 380.3 380.3
23 2534 343.14 343.14
9 2535 -157.99 -157.99
14 2535 -195.4 -195.4
24 2535 322.39 322.39
27 2535 242.3 242.3
9 2536 186.57 186.57
14 2536 203.02 203.02
9 2537 -60.15 -60.15
12 2537 -94.05 -94.05
14 2537 -74.99 -74.99
9 2538 -59.32 -59.32
12 2538 -92.4 -92.4
14 2538 -73.8 -73.8
9 2539 63.25 63.25
14 2539 67.89 67.89
9 2540 313.75 313.75
14 2540 384.15 384.15
9 2541 -174.76 -174.76
12 2541 -337.95 -337.95
14 2541 -235.49 -235.49
18 2541 338.09 338.09
24 2541 233.32 233.32
27 2541 114.71 114.71
9 2542 -108.74 -108.74
12 2542 -126.81 -126.81
14 2542 -116.99 -116.99
15 2542 -137.04 -137.04
9 2543 -258.03 -258.03
12 2543 -324.34 -324.34
14 2543 -288.26 -288.26
15 2543 -367.21 -367.21
25 2543 169.8 169.8
27 2543 207.75 207.75
9 2544 -288.29 -288.29
14 2544 -328.88 -328.88
18 2544 237.2 237.2
41 2544 -111.94 -111.94
9 2545 -307.71 -307.71
14 2545 -349.44 -349.44
18 2545 220.15 220.15
19 2545 255.34 255.34
25 2545 110.51 110.51
27 2545 149.69 149.69
31 2545 70.59 70.59
9 2546 246.77 246.77
14 2546 278.59 278.59
9 2547 308.39 308.39
14 2547 370.79 370.79
9 2548 -222.93 -222.93
14 2548 -255.3 -255.3
9 2549 -220.82 -220.82
14 2549 -250.87 -250.87
9 2550 -312.94 -312.94
14 2550 -360.17 -360.17
18 2550 212.27 212.27
21 2550 330.18 330.18
23 2550 291.14 291.14
9 2551 236.83 236.83
12 2551 261.58 261.58
14 2551 248.82 248.82
15 2551 274.75 274.75
17 2551 306.2 306.2
20 2551 289.38 289.38
35 2551 324.15 324.15
38 2551 371.68 371.68
9 2552 -300.12 -300.12
14 2552 -339.99 -339.99
18 2552 227.68 227.68
24 2552 192.73 192.73
32 2552 0.329987 0.329987
44 2552 -43.21 -43.21
46 2552 -176.7 -176.7
48 2552 -220.15 -220.15
9 2553 -267.62 -267.62
14 2553 -302.27 -302.27
19 2553 296.15 296.15
9 2554 -246.63 -246.63
14 2554 -340.05 -340.05
9 2555 -216.7 -216.7
14 2555 -247.63 -247.63
9 2556 190.75 190.75
12 2556 208.18 208.18
14 2556 198.61 198.61
9 2557 -80.91 -80.91
12 2557 -96.27 -96.27
14 2557 -87.94 -87.94
15 2557 -104.31 -104.31
17 2557 -125.56 -125.56
20 2557 -114.18 -114.18
33 2557 -150.89 -150.89
35 2557 -136.7 -136.7
9 2558 310.85 310.85
12 2558 362.4 362.4
9 2559 321.12 321.12
12 2559 375.57 375.57
14 2559 346.83 346.83
9 2560 321.12 321.12
12 2560 375.57 375.57
14 2560 346.83 346.83
9 2561 -301.47 -301.47
14 2561 -342.54 -342.54
18 2561 226.35 226.35
19 2561 261.69 261.69
9 2562 -106.63 -106.63
14 2562 -129.98 -129.98
9 2563 216.02 216.02
12 2563 278.45 278.45
14 2563 243.55 243.55
15 2563 324.99 324.99
9 2564 -224.84 -224.84
14 2564 -257.24 -257.24
9 2565 -144.66 -144.66
12 2565 -191.23 -191.23
14 2565 -165.2 -165.2
9 2566 -161.63 -161.63
14 2566 -181.66 -181.66
15 2566 -240.77 -240.77
9 2567 -220.34 -220.34
12 2567 -277.52 -277.52
14 2567 -246.7 -246.7
9 2568 305.24 305.24
12 2568 352.32 352.32
14 2568 328.02 328.02
15 2568 379.91 379.91
9 2569 260.81 260.81
14 2569 289.55 289.55
9 2570 -123.32 -123.32
12 2570 -191.19 -191.19
14 2570 -151.37 -151.37
15 2570 -245.97 -245.97
9 2571 -206.71 -206.71
14 2571 -237.72 -237.72
9 2572 -234.11 -234.11
14 2572 -269.7 -269.7
9 2573 -234.56 -234.56
12 2573 -294.85 -294.85
14 2573 -262.1 -262.1
18 2573 302.9 302.9
19 2573 336.9 336.9
24 2573 268.45 268.45
9 2574 317.86 317.86
12 2574 369.7 369.7
14 2574 343.22 343.22
9 2575 -87.14 -87.14
12 2575 -102.33 -102.33
14 2575 -94.12 -94.12
9 2576 213.15 213.15
12 2576 260.8 260.8
14 2576 234.92 234.92
15 2576 292.08 292.08
20 2576 332.93 332.93
9 2577 217.68 217.68
12 2577 268.84 268.84
14 2577 241.47 241.47
15 2577 302.92 302.92
20 2577 348.34 348.34
9 2578 -133.57 -133.57
14 2578 -151.78 -151.78
9 2579 -25.62 -25.62
12 2579 -40.03 -40.03
14 2579 -32.22 -32.22
15 2579 -49.17 -49.17
17 2579 -77.63 -77.63
20 2579 -61.83 -61.83
9 2580 -293.76 -293.76
14 2580 -332.15 -332.15
9 2581 -177.92 -177.92
12 2581 -216.96 -216.96
14 2581 -196.52 -196.52
17 2581 -306.9 -306.9
25 2581 292.29 292.29
27 2581 328.34 328.34
31 2581 257.16 257.16
35 2581 -349.48 -349.48
37 2581 223.62 223.62
40 2581 71.58 71.58
9 2582 123.69 123.69
12 2582 140.1 140.1
14 2582 132.04 132.04
15 2582 149.86 149.86
9 2583 123.69 123.69
12 2583 140.1 140.1
14 2583 132.04 132.04
15 2583 149.86 149.86
10 2584 320.36 320.36
11 2584 381.07 381.07
10 2585 164.47 164.47
11 2585 176.32 176.32
10 2586 164.47 164.47
11 2586 176.32 176.32
10 2587 -32.49 -32.49
11 2587 -35.05 -35.05
13 2587 -29.01 -29.01
10 2588 -255.3 -255.3
11 2588 -295.66 -295.66
10 2589 -303.65 -303.65
11 2589 -360.54 -360.54
10 2590 336.94 336.94
11 2590 391.63 391.63
13 2590 297.61 297.61
10 2591 341.15 341.15
11 2591 396.99 396.99
10 2592 341.15 341.15
11 2592 396.99 396.99
10 2593 339.37 339.37
11 2593 395.05 395.05
13 2593 299.42 299.42
22 2593 266.36 266.36
10 2594 -54.83 -54.83
11 2594 -60.64 -60.64
13 2594 -49.26 -49.26
10 2595 165.01 165.01
11 2595 178.98 178.98
13 2595 153.45 153.45
10 2596 294.9 294.9
11 2596 348.85 348.85
10 2597 320.19 320.19
11 2597 355.63 355.63
10 2598 -95.58 -95.58
11 2598 -105.15 -105.15
10 2599 -95.58 -95.58
11 2599 -105.15 -105.15
10 2600 -137.87 -137.87
11 2600 -152.11 -152.11
13 2600 -123.98 -123.98
16 2600 -105.42 -105.42
22 2600 -113.67 -113.67
30 2600 -101.51 -101.51
34 2600 -98.78 -98.78
10 2601 -137.87 -137.87
11 2601 -152.11 -152.11
10 2602 -70.32 -70.32
11 2602 -77.3 -77.3
13 2602 -62.59 -62.59
22 2602 -57.64 -57.64
10 2603 -115.02 -115.02
11 2603 -125.76 -125.76
10 2604 -95.14 -95.14
13 2604 -85.5 -85.5
30 2604 -70.53 -70.53
10 2605 147.09 147.09
11 2605 157.57 157.57
13 2605 139.72 139.72
16 2605 123.58 123.58
22 2605 131.3 131.3
30 2605 114.24 114.24
10 2606 147.09 147.09
11 2606 157.57 157.57
13 2606 139.72 139.72
16 2606 123.58 123.58
22 2606 131.3 131.3
30 2606 114.24 114.24
34 2606 105.19 105.19
39 2606 103.52 103.52
10 2607 -69.04 -69.04
11 2607 -73.94 -73.94
13 2607 -63.32 -63.32
16 2607 -58.04 -58.04
22 2607 -60.24 -60.24
10 2608 -54.66 -54.66
13 2608 -50.21 -50.21
14 2608 -97.14 -97.14
10 2609 285.5 285.5
11 2609 319.77 319.77
16 2609 216.93 216.93
22 2609 236.56 236.56
43 2609 170.58 170.58
10 2610 267.8 267.8
13 2610 243.43 243.43
10 2611 287.42 287.42
11 2611 322.12 322.12
22 2611 237.4 237.4
30 2611 199.43 199.43
34 2611 181.92 181.92
10 2612 190.74 190.74
11 2612 201.97 201.97
13 2612 181.59 181.59
16 2612 163.12 163.12
22 2612 171.93 171.93
10 2613 190.74 190.74
11 2613 201.97 201.97
13 2613 181.59 181.59
16 2613 163.12 163.12
22 2613 171.93 171.93
10 2614 183.25 183.25
11 2614 193.46 193.46
13 2614 175.09 175.09
10 2615 339.37 339.37
11 2615 393.68 393.68
10 2616 -191.25 -191.25
13 2616 -164.14 -164.14
10 2617 234.28 234.28
13 2617 215.39 215.39
10 2618 -277.42 -277.42
11 2618 -321.52 -321.52
13 2618 -242.2 -242.2
36 2618 40.88 40.88
42 2618 98.6 98.6
10 2619 -352.13 -352.13
11 2619 -379.78 -379.78
10 2620 -136.56 -136.56
11 2620 -150.32 -150.32
13 2620 -122.82 -122.82
16 2620 -104.3 -104.3
22 2620 -112.44 -112.44
30 2620 -100.15 -100.15
34 2620 -97.38 -97.38
43 2620 -91.27 -91.27
10 2621 -142.12 -142.12
11 2621 -156.52 -156.52
10 2622 -142.12 -142.12
11 2622 -156.52 -156.52
10 2623 -71.64 -71.64
11 2623 -79.32 -79.32
13 2623 -63.8 -63.8
16 2623 -53.62 -53.62
10 2624 260.64 260.64
13 2624 236.76 236.76
22 2624 216.11 216.11
30 2624 181.26 181.26
34 2624 165.17 165.17
39 2624 154.62 154.62
45 2624 154.2 154.2
10 2625 -170.5 -170.5
13 2625 -153.57 -153.57
10 2626 287.11 287.11
11 2626 321.98 321.98
10 2627 207.93 207.93
11 2627 221.43 221.43
13 2627 196.73 196.73
22 2627 185.58 185.58
30 2627 163.59 163.59
10 2628 207.93 207.93
11 2628 221.43 221.43
13 2628 196.73 196.73
22 2628 185.58 185.58
30 2628 163.59 163.59
34 2628 151.47 151.47
10 2629 215.63 215.63
11 2629 230.49 230.49
13 2629 203.6 203.6
22 2629 191.53 191.53
10 2630 215.63 215.63
11 2630 230.49 230.49
13 2630 203.6 203.6
22 2630 191.53 191.53
10 2631 213.65 213.65
11 2631 227.87 227.87
13 2631 201.83 201.83
10 2632 334.58 334.58
11 2632 387.9 387.9
13 2632 295.63 295.63
16 2632 238.31 238.31
22 2632 263.53 263.53
30 2632 215.17 215.17
10 2633 -207.76 -207.76
13 2633 -186.4 -186.4
10 2634 -226.28 -226.28
13 2634 -201.43 -201.43
10 2635 335.54 335.54
11 2635 389.3 389.3
10 2636 -261.08 -261.08
13 2636 -173.94 -173.94
10 2637 321.71 321.71
13 2637 280.34 280.34
22 2637 246.2 246.2
10 2638 318.06 318.06
13 2638 279.17 279.17
10 2639 266.8 266.8
11 2639 298.73 298.73
13 2639 242.71 242.71
16 2639 203.42 203.42
22 2639 221.21 221.21
34 2639 169.49 169.49
39 2639 158.31 158.31
43 2639 160.02 160.02
45 2639 158.04 158.04
10 2640 242.86 242.86
13 2640 221.83 221.83
30 2640 170.19 170.19
45 2640 145.37 145.37
10 2641 128.06 128.06
11 2641 138.62 138.62
13 2641 120.38 120.38
10 2642 -117.31 -117.31
13 2642 -105.83 -105.83
10 2643 -79.6 -79.6
11 2643 -86.98 -86.98
10 2644 147.57 147.57
11 2644 157.57 157.57
13 2644 140 140
16 2644 123.89 123.89
22 2644 131.95 131.95
30 2644 114.75 114.75
34 2644 105.34 105.34
39 2644 103.45 103.45
43 2644 101.1 101.1
45 2644 106.98 106.98
10 2645 -330.57 -330.57
13 2645 -263.69 -263.69
22 2645 -220.17 -220.17
42 2645 -92.97 -92.97
10 2646 -162.36 -162.36
13 2646 -147.32 -147.32
22 2646 -135.44 -135.44
10 2647 -144.96 -144.96
13 2647 -131.6 -131.6
22 2647 -123.09 -123.09
10 2648 169.73 169.73
11 2648 180.04 180.04
13 2648 160.89 160.89
10 2649 338.53 338.53
11 2649 393.4 393.4
22 2649 266.04 266.04
34 2649 196.28 196.28
43 2649 183.52 183.52
10 2650 338.53 338.53
11 2650 393.4 393.4
22 2650 266.04 266.04
34 2650 196.28 196.28
43 2650 183.52 183.52
10 2651 323.15 323.15
11 2651 360.77 360.77
10 2652 -329.86 -329.86
13 2652 -262.91 -262.91
10 2653 325.18 325.18
13 2653 284.93 284.93
10 2654 -117.34 -117.34
11 2654 -129.92 -129.92
10 2655 -127.1 -127.1
11 2655 -139.85 -139.85
10 2656 -129.58 -129.58
11 2656 -142.49 -142.49
13 2656 -117.37 -117.37
22 2656 -108.7 -108.7
34 2656 -95.33 -95.33
39 2656 -78.59 -78.59
43 2656 -89.04 -89.04
45 2656 -67.1 -67.1
10 2657 322.7 322.7
11 2657 375.26 375.26
13 2657 285.75 285.75
22 2657 255.22 255.22
10 2658 333.32 333.32
11 2658 386.88 386.88
13 2658 291.97 291.97
10 2659 325.8 325.8
11 2659 362.33 362.33
10 2660 323.18 323.18
13 2660 280.69 280.69
22 2660 246.56 246.56
10 2661 -104.38 -104.38
13 2661 -94.24 -94.24
22 2661 -86.71 -86.71
30 2661 -78.85 -78.85
10 2662 -129.56 -129.56
13 2662 -116.87 -116.87
10 2663 -307.4 -307.4
13 2663 -246.58 -246.58
10 2664 -141.85 -141.85
13 2664 -127.71 -127.71
16 2664 -111.78 -111.78
22 2664 -119.31 -119.31
30 2664 -107.87 -107.87
10 2665 238.16 238.16
13 2665 216.38 216.38
16 2665 180.78 180.78
22 2665 196.9 196.9
10 2666 -266.34 -266.34
11 2666 -308.6 -308.6
10 2667 -200.37 -200.37
13 2667 -179.88 -179.88
10 2668 302.68 302.68
11 2668 339.6 339.6
13 2668 274.8 274.8
16 2668 229.6 229.6
39 2668 181.31 181.31
43 2668 185.43 185.43
45 2668 179.32 179.32
11 2669 -32.16 -32.16
14 2669 -97.29 -97.29
11 2670 293.26 293.26
13 2670 237.88 237.88
11 2671 165.58 165.58
13 2671 146.57 146.57
22 2671 137.61 137.61
34 2671 110.2 110.2
11 2672 165.58 165.58
13 2672 146.57 146.57
22 2672 137.61 137.61
11 2673 194.03 194.03
13 2673 170.72 170.72
11 2674 -107.18 -107.18
13 2674 -83.57 -83.57
11 2675 217.49 217.49
13 2675 193.73 193.73
16 2675 172.95 172.95
11 2676 -99.93 -99.93
13 2676 -82.52 -82.52
22 2676 -75.56 -75.56
11 2677 -183.86 -183.86
13 2677 -148.69 -148.69
11 2678 222.51 222.51
13 2678 197.59 197.59
11 2679 317.79 317.79
13 2679 257.38 257.38
30 2679 197.12 197.12
11 2680 326.08 326.08
13 2680 253 253
22 2680 227.49 227.49
11 2681 278.98 278.98
13 2681 229.36 229.36
16 2681 193.26 193.26
22 2681 209.8 209.8
30 2681 177.22 177.22
34 2681 161.37 161.37
39 2681 151.09 151.09
43 2681 152.18 152.18
45 2681 151.16 151.16
11 2682 155.98 155.98
13 2682 141.39 141.39
16 2682 128 128
22 2682 134.19 134.19
30 2682 119.29 119.29
34 2682 110.18 110.18
39 2682 108.67 108.67
43 2682 106.12 106.12
45 2682 112.42 112.42
12 2683 -304.57 -304.57
14 2683 -266.84 -266.84
12 2684 -297.86 -297.86
14 2684 -257.91 -257.91
12 2685 -290.08 -290.08
14 2685 -257.38 -257.38
15 2685 -328.69 -328.69
20 2685 -381.73 -381.73
12 2686 -303.6 -303.6
14 2686 -269.14 -269.14
15 2686 -344.16 -344.16
19 2686 328.96 328.96
23 2686 365.18 365.18
12 2687 -296.24 -296.24
14 2687 -263.25 -263.25
15 2687 -336.24 -336.24
18 2687 301.77 301.77
19 2687 336.49 336.49
24 2687 266.87 266.87
25 2687 192.08 192.08
12 2688 -296.24 -296.24
14 2688 -263.25 -263.25
15 2688 -336.24 -336.24
18 2688 301.77 301.77
19 2688 336.49 336.49
23 2688 373.07 373.07
25 2688 192.08 192.08
12 2689 -310.39 -310.39
14 2689 -275.35 -275.35
15 2689 -351.41 -351.41
12 2690 -298.85 -298.85
14 2690 -265.43 -265.43
15 2690 -338.91 -338.91
19 2690 333.29 333.29
27 2690 229.34 229.34
12 2691 -323.01 -323.01
14 2691 -287.39 -287.39
15 2691 -365.84 -365.84
23 2691 343.84 343.84
12 2692 -378.96 -378.96
14 2692 -328.96 -328.96
25 2692 118.18 118.18
27 2692 160.79 160.79
32 2692 -12.27 -12.27
37 2692 31.88 31.88
44 2692 -61.71 -61.71
48 2692 -262.6 -262.6
12 2693 -363.4 -363.4
14 2693 -317.28 -317.28
24 2693 210.15 210.15
25 2693 130.94 130.94
27 2693 172.48 172.48
32 2693 2.56 2.56
44 2693 -45.81 -45.81
46 2693 -194.32 -194.32
48 2693 -242.58 -242.58
12 2694 -375.09 -375.09
14 2694 -326.9 -326.9
12 2695 -339.84 -339.84
14 2695 -298.5 -298.5
15 2695 -390.09 -390.09
18 2695 264.27 264.27
19 2695 299.88 299.88
23 2695 337.09 337.09
24 2695 228.11 228.11
27 2695 191.26 191.26
31 2695 109.14 109.14
37 2695 68.42 68.42
12 2696 -264.44 -264.44
14 2696 -237.33 -237.33
19 2696 365.55 365.55
25 2696 229.69 229.69
31 2696 190.98 190.98
32 2696 116.55 116.55
37 2696 154.82 154.82
40 2696 -12.17 -12.17
41 2696 31.54 31.54
44 2696 74.49 74.49
46 2696 -53.26 -53.26
48 2696 -94.96 -94.96
12 2697 -301.24 -301.24
14 2697 -267.63 -267.63
15 2697 -341.45 -341.45
12 2698 345.83 345.83
14 2698 319.22 319.22
15 2698 377.36 377.36
12 2699 -227.54 -227.54
14 2699 -206.07 -206.07
12 2700 281.66 281.66
14 2700 254.75 254.75
12 2701 -153.24 -153.24
14 2701 -123.88 -123.88
15 2701 -193.54 -193.54
17 2701 -365.79 -365.79
20 2701 -257.28 -257.28
25 2701 311.56 311.56
31 2701 211.05 211.05
32 2701 -22.91 -22.91
12 2702 294.46 294.46
14 2702 266.34 266.34
15 2702 328.69 328.69
20 2702 373.69 373.69
12 2703 199.65 199.65
14 2703 182.04 182.04
15 2703 221.21 221.21
17 2703 287.01 287.01
20 2703 249.14 249.14
35 2703 338.99 338.99
12 2704 -66.4 -66.4
14 2704 -52.07 -52.07
12 2705 -146.87 -146.87
14 2705 -118.27 -118.27
17 2705 -364.92 -364.92
25 2705 317.63 317.63
31 2705 211.47 211.47
32 2705 -42.73 -42.73
37 2705 93.78 93.78
12 2706 -281.06 -281.06
14 2706 -242.53 -242.53
12 2707 -181.79 -181.79
14 2707 -158.06 -158.06
15 2707 -211.7 -211.7
12 2708 -296.76 -296.76
14 2708 -257.24 -257.24
12 2709 -284.4 -284.4
14 2709 -252.12 -252.12
15 2709 -322.46 -322.46
12 2710 -317.32 -317.32
14 2710 -281.95 -281.95
15 2710 -359.49 -359.49
12 2711 -295.96 -295.96
14 2711 -262.99 -262.99
15 2711 -335.71 -335.71
20 2711 -389.91 -389.91
12 2712 -318.66 -318.66
14 2712 -284.08 -284.08
12 2713 -291.56 -291.56
14 2713 -260.55 -260.55
15 2713 -329.01 -329.01
18 2713 305.07 305.07
23 2713 373.87 373.87
24 2713 271.2 271.2
12 2714 -375.43 -375.43
14 2714 -326.27 -326.27
24 2714 201.78 201.78
44 2714 -58.72 -58.72
48 2714 -259.05 -259.05
12 2715 -375.43 -375.43
14 2715 -326.27 -326.27
48 2715 -259.05 -259.05
12 2716 -326.43 -326.43
14 2716 -287.84 -287.84
15 2716 -372.42 -372.42
18 2716 274.8 274.8
19 2716 310.18 310.18
23 2716 346.5 346.5
24 2716 239.65 239.65
25 2716 163.52 163.52
27 2716 203.47 203.47
31 2716 122.9 122.9
37 2716 82.27 82.27
40 2716 -99.98 -99.98
41 2716 -51.73 -51.73
46 2716 -144.96 -144.96
48 2716 -190.8 -190.8
12 2717 -323.47 -323.47
14 2717 -285.59 -285.59
15 2717 -369.14 -369.14
18 2717 277.69 277.69
25 2717 166.12 166.12
31 2717 125.43 125.43
37 2717 85.44 85.44
40 2717 -96.28 -96.28
41 2717 -48.87 -48.87
46 2717 -141.66 -141.66
48 2717 -187.4 -187.4
12 2718 -359.39 -359.39
14 2718 -314.1 -314.1
27 2718 174.98 174.98
37 2718 48.61 48.61
44 2718 -42.22 -42.22
46 2718 -190.01 -190.01
48 2718 -238.23 -238.23
12 2719 -348.89 -348.89
14 2719 -305.62 -305.62
25 2719 142.93 142.93
32 2719 17.06 17.06
40 2719 -128.93 -128.93
44 2719 -30.13 -30.13
46 2719 -176.01 -176.01
48 2719 -222.82 -222.82
12 2720 -348.89 -348.89
14 2720 -305.62 -305.62
12 2721 -337.63 -337.63
14 2721 -297.32 -297.32
19 2721 301.42 301.42
24 2721 229.89 229.89
31 2721 111.82 111.82
37 2721 70.87 70.87
40 2721 -114.34 -114.34
46 2721 -160.63 -160.63
12 2722 346.16 346.16
14 2722 324.65 324.65
12 2723 -221.11 -221.11
14 2723 -200.64 -200.64
15 2723 -244.95 -244.95
17 2723 -310.78 -310.78
20 2723 -274.89 -274.89
24 2723 354.73 354.73
25 2723 288.07 288.07
27 2723 323.3 323.3
31 2723 252.79 252.79
32 2723 183.75 183.75
35 2723 -351.25 -351.25
37 2723 219 219
40 2723 67.23 67.23
41 2723 106.75 106.75
44 2723 145.65 145.65
46 2723 30.82 30.82
48 2723 -7.53 -7.53
12 2724 -110.19 -110.19
14 2724 -94.18 -94.18
12 2725 -307.47 -307.47
14 2725 -260.06 -260.06
12 2726 204.15 204.15
14 2726 187.03 187.03
15 2726 224.9 224.9
20 2726 252.46 252.46
12 2727 323.76 323.76
14 2727 278.74 278.74
12 2728 323.76 323.76
14 2728 278.74 278.74
15 2728 384.96 384.96
12 2729 -144.75 -144.75
14 2729 -116.05 -116.05
32 2729 -36.4 -36.4
37 2729 100.56 100.56
44 2729 -206.66 -206.66
12 2730 -333.1 -333.1
14 2730 -288.36 -288.36
12 2731 -176.5 -176.5
14 2731 -152.83 -152.83
12 2732 -335.15 -335.15
14 2732 -294.99 -294.99
23 2732 340.74 340.74
31 2732 113.48 113.48
12 2733 372.63 372.63
14 2733 344.46 344.46
12 2734 -227.18 -227.18
14 2734 -205.1 -205.1
15 2734 -251.93 -251.93
17 2734 -323.16 -323.16
20 2734 -284.07 -284.07
25 2734 278.41 278.41
27 2734 314.51 314.51
31 2734 241.84 241.84
32 2734 171.67 171.67
35 2734 -367.58 -367.58
37 2734 207.05 207.05
44 2734 132.48 132.48
12 2735 -141.05 -141.05
14 2735 -114.61 -114.61
15 2735 -177.11 -177.11
17 2735 -327.59 -327.59
20 2735 -233.91 -233.91
25 2735 340.32 340.32
31 2735 241.18 241.18
12 2736 -338.73 -338.73
14 2736 -297.27 -297.27
18 2736 265.6 265.6
19 2736 302.16 302.16
24 2736 228.98 228.98
12 2737 199.04 199.04
14 2737 182.11 182.11
15 2737 220.35 220.35
12 2738 -341.41 -341.41
14 2738 -299.52 -299.52
12 2739 215.41 215.41
14 2739 195.73 195.73
15 2739 240.03 240.03
17 2739 317.48 317.48
20 2739 272.68 272.68
35 2739 378.88 378.88
12 2740 196.46 196.46
14 2740 178.97 178.97
15 2740 217.01 217.01
20 2740 244.22 244.22
12 2741 196.46 196.46
14 2741 178.97 178.97
15 2741 217.01 217.01
12 2742 -362.04 -362.04
14 2742 -251.48 -251.48
27 2742 94.87 94.87
12 2743 -369.55 -369.55
14 2743 -255.71 -255.71
18 2743 312.84 312.84
24 2743 208.63 208.63
12 2744 -188.85 -188.85
14 2744 -164.93 -164.93
15 2744 -218.39 -218.39
12 2745 -347.68 -347.68
14 2745 -306.44 -306.44
12 2746 -201.83 -201.83
14 2746 -161.7 -161.7
12 2747 -264.28 -264.28
14 2747 -209.78 -209.78
12 2748 -329.14 -329.14
14 2748 -286.35 -286.35
12 2749 -75.55 -75.55
14 2749 -60.33 -60.33
15 2749 -96.32 -96.32
12 2750 -200.64 -200.64
14 2750 -174.65 -174.65
12 2751 -240.19 -240.19
14 2751 -208.88 -208.88
12 2752 -141.42 -141.42
14 2752 -114.57 -114.57
15 2752 -177.61 -177.61
25 2752 338.57 338.57
12 2753 -277.52 -277.52
14 2753 -246.7 -246.7
12 2754 375.72 375.72
14 2754 347.35 347.35
12 2755 -262.18 -262.18
14 2755 -208.82 -208.82
15 2755 -341.85 -341.85
24 2755 303.31 303.31
27 2755 227.3 227.3
12 2756 -293.74 -293.74
14 2756 -261.58 -261.58
15 2756 -332.01 -332.01
18 2756 303.36 303.36
19 2756 337.2 337.2
27 2756 234.86 234.86
12 2757 -145.67 -145.67
14 2757 -117.63 -117.63
15 2757 -183.78 -183.78
20 2757 -245.12 -245.12
25 2757 326.3 326.3
31 2757 223.34 223.34
32 2757 -18.73 -18.73
37 2757 111.43 111.43
12 2758 -296.49 -296.49
14 2758 -259.84 -259.84
12 2759 -295.71 -295.71
14 2759 -262.63 -262.63
15 2759 -334.26 -334.26
19 2759 334.49 334.49
24 2759 266.95 266.95
25 2759 194.32 194.32
27 2759 232.91 232.91
40 2759 -55.75 -55.75
41 2759 -10 -10
44 2759 35.04 35.04
46 2759 -98.82 -98.82
48 2759 -142.86 -142.86
12 2760 -216.96 -216.96
14 2760 -196.52 -196.52
15 2760 -239.4 -239.4
17 2760 -306.9 -306.9
20 2760 -270.63 -270.63
25 2760 292.29 292.29
27 2760 328.34 328.34
31 2760 257.16 257.16
32 2760 188.15 188.15
35 2760 -349.48 -349.48
37 2760 223.62 223.62
40 2760 71.58 71.58
41 2760 110.97 110.97
44 2760 150.67 150.67
46 2760 35.59 35.59
48 2760 -3.10998 -3.10998
12 2761 298.05 298.05
14 2761 257.88 257.88
0 2762 82.63 82.63
6 2762 79.1 79.1
15 2762 79.81 79.81
17 2762 79.32 79.32
2 2763 151.75 151.75
15 2763 279.95 279.95
2 2764 111.46 111.46
4 2764 111.75 111.75
6 2764 112.82 112.82
8 2764 114.25 114.25
9 2764 115.59 115.59
12 2764 119.87 119.87
14 2764 117.98 117.98
15 2764 121.56 121.56
17 2764 123.87 123.87
20 2764 122.53 122.53
35 2764 125.58 125.58
3 2765 209.54 209.54
15 2765 230.72 230.72
4 2766 386.03 386.03
15 2766 397.51 397.51
4 2767 157.52 157.52
8 2767 168.67 168.67
15 2767 197.59 197.59
5 2768 153.18 153.18
10 2768 136.48 136.48
16 2768 121.47 121.47
22 2768 126.68 126.68
30 2768 113.87 113.87
45 2768 109.71 109.71
5 2769 187.71 187.71
7 2769 171.21 171.21
6 2770 110.94 110.94
14 2770 115.85 115.85
15 2770 119.51 119.51
17 2770 122.61 122.61
20 2770 120.96 120.96
33 2770 127.37 127.37
35 2770 125.23 125.23
38 2770 130.34 130.34
6 2771 91.01 91.01
8 2771 91.86 91.86
9 2771 91.52 91.52
12 2771 93.79 93.79
14 2771 92.61 92.61
15 2771 94.56 94.56
17 2771 95.43 95.43
20 2771 95.4 95.4
33 2771 96.2 96.2
35 2771 96.11 96.11
38 2771 96.67 96.67
47 2771 97.98 97.98
6 2772 -128.25 -128.25
8 2772 -139.57 -139.57
15 2772 -194.76 -194.76
17 2772 -236.22 -236.22
25 2772 363.88 363.88
31 2772 334.1 334.1
32 2772 275 275
33 2772 -287.54 -287.54
35 2772 -260.43 -260.43
38 2772 -321.91 -321.91
40 2772 178.56 178.56
44 2772 242.88 242.88
47 2772 -362.45 -362.45
6 2773 115.25 115.25
15 2773 124.48 124.48
6 2774 132.35 132.35
8 2774 134.66 134.66
9 2774 137.23 137.23
12 2774 143.31 143.31
14 2774 140.58 140.58
15 2774 146.03 146.03
17 2774 148.9 148.9
20 2774 148.09 148.09
35 2774 151.79 151.79
6 2775 90.57 90.57
8 2775 92.24 92.24
9 2775 94.62 94.62
14 2775 98.08 98.08
15 2775 104.52 104.52
33 2775 117.74 117.74
35 2775 113.49 113.49
38 2775 122.7 122.7
47 2775 129.98 129.98
7 2776 -334.24 -334.24
13 2776 -243.31 -243.31
36 2776 135.45 135.45
7 2777 -373.95 -373.95
13 2777 -297.36 -297.36
7 2778 -291.75 -291.75
13 2778 -270.81 -270.81
8 2779 98.35 98.35
12 2779 102.26 102.26
14 2779 100.84 100.84
15 2779 103.47 103.47
8 2780 104.53 104.53
9 2780 105.22 105.22
12 2780 108.62 108.62
15 2780 110.38 110.38
17 2780 113.01 113.01
20 2780 112.12 112.12
38 2780 120.21 120.21
47 2780 122.92 122.92
8 2781 116.3 116.3
9 2781 117.51 117.51
12 2781 122.22 122.22
14 2781 120.09 120.09
15 2781 124.08 124.08
17 2781 127.32 127.32
20 2781 125.47 125.47
33 2781 132.41 132.41
35 2781 130.07 130.07
38 2781 135.56 135.56
47 2781 139.31 139.31
8 2782 161.92 161.92
9 2782 167.85 167.85
14 2782 175.08 175.08
15 2782 189.58 189.58
17 2782 206.34 206.34
20 2782 197.39 197.39
35 2782 216.45 216.45
8 2783 134.69 134.69
9 2783 142.13 142.13
15 2783 174.14 174.14
17 2783 205.27 205.27
20 2783 187.89 187.89
38 2783 294.43 294.43
47 2783 354.31 354.31
8 2784 218.47 218.47
15 2784 320.01 320.01
8 2785 -91.01 -91.01
15 2785 -163.81 -163.81
8 2786 123.22 123.22
14 2786 136.07 136.07
8 2787 218.22 218.22
15 2787 262 262
8 2788 -1.39002 -1.39002
9 2788 -4.64999 -4.64999
12 2788 -10.86 -10.86
14 2788 -7.67001 -7.67001
15 2788 -14.19 -14.19
17 2788 -23.9 -23.9
20 2788 -18.77 -18.77
33 2788 -34.12 -34.12
35 2788 -28.82 -28.82
38 2788 -40.68 -40.68
47 2788 -47.82 -47.82
9 2789 -90.28 -90.28
15 2789 -116.86 -116.86
17 2789 -140.53 -140.53
20 2789 -128.2 -128.2
9 2790 -90.28 -90.28
15 2790 -116.86 -116.86
20 2790 -128.2 -128.2
33 2790 -171.45 -171.45
35 2790 -153.79 -153.79
38 2790 -193.69 -193.69
9 2791 -60.59 -60.59
14 2791 -66.83 -66.83
15 2791 -79.84 -79.84
20 2791 -87.84 -87.84
9 2792 -50.07 -50.07
14 2792 -53.16 -53.16
15 2792 -59.78 -59.78
9 2793 312.28 312.28
15 2793 335.1 335.1
9 2794 -253.39 -253.39
15 2794 -369.03 -369.03
18 2794 277.69 277.69
19 2794 312.77 312.77
23 2794 349.22 349.22
27 2794 206.11 206.11
37 2794 85.43 85.43
40 2794 -95.88 -95.88
41 2794 -48.47 -48.47
48 2794 -187.06 -187.06
9 2795 -249.66 -249.66
15 2795 -361.65 -361.65
19 2795 317.83 317.83
24 2795 247.4 247.4
44 2795 6.95001 6.95001
9 2796 151.82 151.82
12 2796 162.48 162.48
15 2796 167.82 167.82
17 2796 178.7 178.7
20 2796 172.85 172.85
33 2796 192.18 192.18
35 2796 184.97 184.97
38 2796 200.59 200.59
47 2796 210.91 210.91
9 2797 192.99 192.99
15 2797 264.29 264.29
17 2797 356.27 356.27
20 2797 302.54 302.54
9 2798 -238.89 -238.89
15 2798 -271.84 -271.84
9 2799 -244.99 -244.99
15 2799 -280.31 -280.31
9 2800 265.13 265.13
14 2800 281.87 281.87
15 2800 317.73 317.73
9 2801 -74.12 -74.12
12 2801 -83.34 -83.34
14 2801 -78.44 -78.44
15 2801 -88.3 -88.3
17 2801 -101.93 -101.93
20 2801 -94.97 -94.97
35 2801 -108.41 -108.41
9 2802 107.9 107.9
12 2802 116.81 116.81
14 2802 112.62 112.62
15 2802 121.23 121.23
9 2803 -71.6 -71.6
12 2803 -80.08 -80.08
14 2803 -75.91 -75.91
15 2803 -84.97 -84.97
20 2803 -90.9 -90.9
9 2804 110.12 110.12
12 2804 120.23 120.23
15 2804 125.64 125.64
9 2805 -51.92 -51.92
12 2805 -58.82 -58.82
14 2805 -56.07 -56.07
15 2805 -62.71 -62.71
17 2805 -72.12 -72.12
20 2805 -67.27 -67.27
33 2805 -82.21 -82.21
35 2805 -76.82 -76.82
38 2805 -87.79 -87.79
47 2805 -93.24 -93.24
9 2806 -21.68 -21.68
12 2806 -29.53 -29.53
14 2806 -25.25 -25.25
15 2806 -33.46 -33.46
9 2807 160.61 160.61
14 2807 175.13 175.13
9 2808 -147.12 -147.12
15 2808 -188.91 -188.91
17 2808 -228.08 -228.08
10 2809 336.94 336.94
13 2809 297.61 297.61
10 2810 223.45 223.45
13 2810 206.07 206.07
10 2811 325.83 325.83
13 2811 284.28 284.28
10 2812 -122.65 -122.65
13 2812 -110.04 -110.04
10 2813 363.3 363.3
13 2813 322.3 322.3
10 2814 338.59 338.59
13 2814 298.64 298.64
16 2814 240.69 240.69
22 2814 266.07 266.07
10 2815 -90.68 -90.68
13 2815 -80.85 -80.85
16 2815 -68.64 -68.64
22 2815 -73.94 -73.94
10 2816 -351.81 -351.81
13 2816 -296 -296
10 2817 -376.96 -376.96
13 2817 -313.17 -313.17
16 2817 -234.83 -234.83
22 2817 -268.25 -268.25
39 2817 -159.24 -159.24
10 2818 342.27 342.27
13 2818 302.17 302.17
10 2819 -340.23 -340.23
13 2819 -271.2 -271.2
10 2820 -372.37 -372.37
13 2820 -308.61 -308.61
16 2820 -231.79 -231.79
22 2820 -264.42 -264.42
30 2820 -209.98 -209.98
34 2820 -194.39 -194.39
43 2820 -176.36 -176.36
10 2821 -341.09 -341.09
13 2821 -271.99 -271.99
22 2821 -226.56 -226.56
10 2822 332.03 332.03
13 2822 295.02 295.02
16 2822 237.86 237.86
10 2823 354.14 354.14
13 2823 306.85 306.85
22 2823 270.77 270.77
10 2824 339.17 339.17
13 2824 299.07 299.07
16 2824 240.97 240.97
22 2824 266.31 266.31
30 2824 217.27 217.27
34 2824 196.55 196.55
39 2824 179.4 179.4
43 2824 183.62 183.62
45 2824 176.95 176.95
10 2825 -342.78 -342.78
13 2825 -275.59 -275.59
11 2826 386.35 386.35
13 2826 293.68 293.68
11 2827 389.67 389.67
13 2827 296.17 296.17
11 2828 -149.76 -149.76
13 2828 -123.3 -123.3
11 2829 399.34 399.34
13 2829 302.98 302.98
22 2829 270.22 270.22
39 2829 181.97 181.97
11 2830 -115.03 -115.03
13 2830 -94.11 -94.11
22 2830 -86.75 -86.75
12 2831 158.58 158.58
14 2831 152.5 152.5
15 2831 164.82 164.82
20 2831 170.41 170.41
12 2832 -301.45 -301.45
15 2832 -341.73 -341.73
19 2832 330.9 330.9
12 2833 -307.65 -307.65
15 2833 -348.49 -348.49
12 2834 -290.08 -290.08
15 2834 -328.69 -328.69
12 2835 -310.43 -310.43
15 2835 -352.06 -352.06
18 2835 287.49 287.49
19 2835 321.58 321.58
23 2835 357.35 357.35
24 2835 253.43 253.43
27 2835 219.13 219.13
12 2836 -298.83 -298.83
15 2836 -339.14 -339.14
23 2836 370.19 370.19
12 2837 -303.71 -303.71
15 2837 -344.08 -344.08
12 2838 -303.71 -303.71
15 2838 -344.08 -344.08
12 2839 -309.81 -309.81
15 2839 -351.54 -351.54
12 2840 -301.87 -301.87
15 2840 -342.36 -342.36
12 2841 -301.06 -301.06
15 2841 -340.74 -340.74
12 2842 -301.06 -301.06
15 2842 -340.74 -340.74
25 2842 188.14 188.14
12 2843 -317.7 -317.7
15 2843 -360.26 -360.26
12 2844 -289.04 -289.04
15 2844 -327.64 -327.64
20 2844 -380.96 -380.96
12 2845 -341.12 -341.12
15 2845 -386.48 -386.48
12 2846 -301.52 -301.52
15 2846 -341.15 -341.15
18 2846 296.4 296.4
19 2846 330.2 330.2
23 2846 366.01 366.01
24 2846 262.07 262.07
12 2847 -301.52 -301.52
15 2847 -341.15 -341.15
19 2847 330.2 330.2
23 2847 366.01 366.01
12 2848 -336.04 -336.04
15 2848 -385.24 -385.24
19 2848 303.45 303.45
21 2848 376.9 376.9
23 2848 340.48 340.48
46 2848 -159.72 -159.72
48 2848 -206.82 -206.82
12 2849 -339.34 -339.34
15 2849 -389.65 -389.65
12 2850 -337.22 -337.22
15 2850 -386.31 -386.31
12 2851 -337.22 -337.22
15 2851 -386.31 -386.31
12 2852 253.67 253.67
14 2852 241.82 241.82
15 2852 266.3 266.3
17 2852 295.49 295.49
20 2852 279.99 279.99
33 2852 332.14 332.14
35 2852 312.66 312.66
12 2853 -236.51 -236.51
15 2853 -261.98 -261.98
17 2853 -334.01 -334.01
24 2853 333.55 333.55
27 2853 302.42 302.42
37 2853 197.23 197.23
40 2853 43.64 43.64
44 2853 124.04 124.04
46 2853 6.94 6.94
48 2853 -32.1 -32.1
12 2854 258.44 258.44
14 2854 245.91 245.91
15 2854 271.45 271.45
17 2854 302.12 302.12
20 2854 285.85 285.85
33 2854 340.9 340.9
35 2854 320.35 320.35
38 2854 366.88 366.88
12 2855 -323.51 -323.51
15 2855 -369.03 -369.03
18 2855 277.69 277.69
27 2855 206.11 206.11
37 2855 85.43 85.43
40 2855 -95.88 -95.88
41 2855 -48.47 -48.47
48 2855 -187.06 -187.06
12 2856 -320.04 -320.04
15 2856 -365.2 -365.2
12 2857 -304.66 -304.66
15 2857 -345.75 -345.75
18 2857 292.94 292.94
24 2857 258.65 258.65
25 2857 184.54 184.54
27 2857 223.7 223.7
31 2857 144.58 144.58
40 2857 -69.76 -69.76
41 2857 -23.68 -23.68
44 2857 22.47 22.47
46 2857 -112.96 -112.96
48 2857 -157.6 -157.6
12 2858 272.29 272.29
14 2858 258.48 258.48
15 2858 287.29 287.29
17 2858 322.89 322.89
20 2858 303.97 303.97
33 2858 368.75 368.75
35 2858 344.22 344.22
38 2858 399.42 399.42
12 2859 256.5 256.5
14 2859 244.53 244.53
15 2859 269.45 269.45
17 2859 299.44 299.44
20 2859 283.63 283.63
33 2859 337.24 337.24
35 2859 317.11 317.11
38 2859 362.34 362.34
12 2860 256.5 256.5
14 2860 244.53 244.53
15 2860 269.45 269.45
33 2860 337.24 337.24
38 2860 362.34 362.34
47 2860 392.5 392.5
12 2861 -305.77 -305.77
15 2861 -346.8 -346.8
24 2861 257.86 257.86
25 2861 183.88 183.88
40 2861 -71.31 -71.31
41 2861 -25.1 -25.1
44 2861 20.73 20.73
46 2861 -115.03 -115.03
12 2862 272.63 272.63
14 2862 258.94 258.94
15 2862 287.77 287.77
17 2862 323.35 323.35
20 2862 304.48 304.48
35 2862 344.61 344.61
12 2863 256.38 256.38
14 2863 244.36 244.36
15 2863 269.5 269.5
17 2863 299.52 299.52
20 2863 283.56 283.56
35 2863 316.96 316.96
38 2863 362.1 362.1
47 2863 392.32 392.32
12 2864 -120.71 -120.71
14 2864 -112.52 -112.52
15 2864 -128.81 -128.81
17 2864 -150.3 -150.3
20 2864 -138.97 -138.97
35 2864 -161.8 -161.8
12 2865 -239.35 -239.35
15 2865 -265.24 -265.24
17 2865 -342.59 -342.59
20 2865 -300.15 -300.15
24 2865 331.16 331.16
25 2865 261.79 261.79
27 2865 298.4 298.4
32 2865 153.44 153.44
12 2866 371.34 371.34
15 2866 399.96 399.96
12 2867 169.06 169.06
14 2867 157.97 157.97
15 2867 182.42 182.42
17 2867 217.47 217.47
20 2867 197.8 197.8
33 2867 273.04 273.04
38 2867 318.73 318.73
47 2867 387.65 387.65
12 2868 169.06 169.06
14 2868 157.97 157.97
15 2868 182.42 182.42
17 2868 217.47 217.47
20 2868 197.8 197.8
33 2868 273.04 273.04
38 2868 318.73 318.73
47 2868 387.65 387.65
12 2869 -216.59 -216.59
15 2869 -241.1 -241.1
24 2869 361.16 361.16
27 2869 327.64 327.64
12 2870 166.47 166.47
14 2870 155.58 155.58
15 2870 178.89 178.89
17 2870 212.54 212.54
20 2870 193.8 193.8
33 2870 265.51 265.51
38 2870 308.37 308.37
47 2870 372.97 372.97
12 2871 -309.98 -309.98
15 2871 -373.79 -373.79
12 2872 -191.01 -191.01
15 2872 -243.2 -243.2
12 2873 288.43 288.43
15 2873 322.24 322.24
20 2873 366.15 366.15
12 2874 288.43 288.43
15 2874 322.24 322.24
20 2874 366.15 366.15
12 2875 -201.63 -201.63
15 2875 -256.77 -256.77
12 2876 337.43 337.43
15 2876 395.25 395.25
12 2877 251.45 251.45
15 2877 283.19 283.19
20 2877 326.54 326.54
12 2878 -141.35 -141.35
15 2878 -179.39 -179.39
25 2878 333.01 333.01
31 2878 228.06 228.06
32 2878 -19.54 -19.54
37 2878 113.78 113.78
41 2878 -390.27 -390.27
44 2878 -186.12 -186.12
12 2879 -194.09 -194.09
15 2879 -249.64 -249.64
12 2880 -198.7 -198.7
15 2880 -254.98 -254.98
12 2881 -119.3 -119.3
14 2881 -109.4 -109.4
12 2882 -112.57 -112.57
15 2882 -121.96 -121.96
17 2882 -145.48 -145.48
20 2882 -133.71 -133.71
33 2882 -176.89 -176.89
35 2882 -159.22 -159.22
38 2882 -199.5 -199.5
12 2883 -142.58 -142.58
15 2883 -154.52 -154.52
12 2884 -125.66 -125.66
14 2884 -116.03 -116.03
15 2884 -135.66 -135.66
12 2885 -125.66 -125.66
14 2885 -116.03 -116.03
15 2885 -135.66 -135.66
20 2885 -148.11 -148.11
12 2886 -100.71 -100.71
14 2886 -92.67 -92.67
15 2886 -109.11 -109.11
12 2887 197.87 197.87
14 2887 189.23 189.23
15 2887 206.19 206.19
17 2887 224.26 224.26
20 2887 214.86 214.86
35 2887 235.29 235.29
12 2888 155.88 155.88
14 2888 149.93 149.93
15 2888 162.53 162.53
17 2888 174.29 174.29
12 2889 -328.66 -328.66
15 2889 -372.97 -372.97
18 2889 270.27 270.27
21 2889 372.36 372.36
12 2890 -339.37 -339.37
15 2890 -389.1 -389.1
12 2891 -326.43 -326.43
15 2891 -372.42 -372.42
25 2891 163.52 163.52
37 2891 82.27 82.27
40 2891 -99.98 -99.98
41 2891 -51.73 -51.73
46 2891 -144.96 -144.96
48 2891 -190.8 -190.8
12 2892 286.97 286.97
14 2892 271.09 271.09
15 2892 304.06 304.06
20 2892 323.1 323.1
12 2893 286.97 286.97
14 2893 271.09 271.09
15 2893 304.06 304.06
20 2893 323.1 323.1
12 2894 258.53 258.53
14 2894 246.22 246.22
15 2894 271.7 271.7
17 2894 302.57 302.57
20 2894 286.16 286.16
33 2894 341.4 341.4
35 2894 320.67 320.67
38 2894 367.33 367.33
12 2895 -308.64 -308.64
15 2895 -350.8 -350.8
19 2895 324.55 324.55
24 2895 254.71 254.71
31 2895 140.65 140.65
12 2896 286.86 286.86
14 2896 271.01 271.01
15 2896 303.7 303.7
12 2897 -290.14 -290.14
15 2897 -324.1 -324.1
18 2897 302.66 302.66
24 2897 271.52 271.52
37 2897 137.34 137.34
12 2898 -290.14 -290.14
15 2898 -324.1 -324.1
12 2899 315.29 315.29
15 2899 336.56 336.56
12 2900 192.92 192.92
14 2900 179.01 179.01
15 2900 208.92 208.92
17 2900 253.98 253.98
35 2900 285.11 285.11
38 2900 389.06 389.06
12 2901 -311.95 -311.95
15 2901 -375.21 -375.21
24 2901 252.65 252.65
12 2902 257.74 257.74
15 2902 290.51 290.51
20 2902 334.79 334.79
12 2903 -309.14 -309.14
15 2903 -371.7 -371.7
18 2903 304.17 304.17
19 2903 352.78 352.78
24 2903 254.98 254.98
27 2903 204.24 204.24
12 2904 -253.52 -253.52
15 2904 -333.06 -333.06
12 2905 -190.48 -190.48
15 2905 -244.03 -244.03
12 2906 -90.23 -90.23
14 2906 -82.3 -82.3
15 2906 -98.1 -98.1
12 2907 -284.42 -284.42
15 2907 -323.25 -323.25
12 2908 -289.24 -289.24
15 2908 -325.49 -325.49
12 2909 -227.26 -227.26
15 2909 -248.81 -248.81
17 2909 -316.63 -316.63
25 2909 281.45 281.45
27 2909 317.96 317.96
12 2910 272.37 272.37
14 2910 259.2 259.2
15 2910 287.12 287.12
12 2911 -308.32 -308.32
15 2911 -371.07 -371.07
24 2911 255.74 255.74
27 2911 204.46 204.46
12 2912 -245.26 -245.26
15 2912 -285.38 -285.38
12 2913 -317.62 -317.62
15 2913 -359.63 -359.63
18 2913 281.21 281.21
25 2913 175.09 175.09
31 2913 136.13 136.13
12 2914 -286.16 -286.16
15 2914 -323.18 -323.18
12 2915 -239.5 -239.5
15 2915 -266.38 -266.38
12 2916 -179.27 -179.27
14 2916 -165.23 -165.23
15 2916 -194.92 -194.92
17 2916 -235.88 -235.88
20 2916 -214.08 -214.08
25 2916 364.56 364.56
31 2916 334.35 334.35
32 2916 275.51 275.51
33 2916 -287.32 -287.32
35 2916 -259.7 -259.7
37 2916 305.16 305.16
38 2916 -321.28 -321.28
40 2916 178.11 178.11
41 2916 210.28 210.28
44 2916 243.58 243.58
47 2916 -362.83 -362.83
48 2916 120.07 120.07
12 2917 -184.35 -184.35
14 2917 -169.81 -169.81
15 2917 -200.26 -200.26
20 2917 -219.62 -219.62
25 2917 357.14 357.14
41 2917 203.41 203.41
44 2917 236.14 236.14
47 2917 -371.14 -371.14
12 2918 193.49 193.49
15 2918 209.43 209.43
12 2919 198.86 198.86
15 2919 215.28 215.28
12 2920 -232.21 -232.21
15 2920 -257.15 -257.15
24 2920 338.93 338.93
32 2920 170.1 170.1
40 2920 54.26 54.26
41 2920 93.59 93.59
44 2920 131.34 131.34
46 2920 16.66 16.66
48 2920 -18.61 -18.61
12 2921 -232.21 -232.21
15 2921 -257.15 -257.15
24 2921 338.93 338.93
27 2921 308.6 308.6
32 2921 170.1 170.1
40 2921 54.26 54.26
41 2921 93.59 93.59
44 2921 132.06 132.06
46 2921 16.66 16.66
12 2922 -197.52 -197.52
15 2922 -253.21 -253.21
27 2922 315.27 315.27
12 2923 275.06 275.06
15 2923 321.31 321.31
12 2924 -245.99 -245.99
15 2924 -286 -286
12 2925 -129.99 -129.99
14 2925 -120.79 -120.79
15 2925 -139.16 -139.16
17 2925 -163.13 -163.13
20 2925 -150.56 -150.56
33 2925 -189.86 -189.86
12 2926 -192.89 -192.89
15 2926 -210.17 -210.17
17 2926 -253.98 -253.98
31 2926 310.86 310.86
32 2926 253.59 253.59
33 2926 -310.2 -310.2
35 2926 -280.05 -280.05
37 2926 282.27 282.27
38 2926 -347.35 -347.35
46 2926 129.62 129.62
48 2926 101.74 101.74
12 2927 -197.81 -197.81
14 2927 -182.04 -182.04
15 2927 -214.92 -214.92
20 2927 -236.29 -236.29
12 2928 -80.12 -80.12
15 2928 -95.41 -95.41
12 2929 -80.12 -80.12
14 2929 -67.55 -67.55
15 2929 -95.41 -95.41
20 2929 -114.82 -114.82
12 2930 -201.82 -201.82
15 2930 -258.01 -258.01
12 2931 -288.52 -288.52
15 2931 -375.79 -375.79
27 2931 202.58 202.58
12 2932 -186.56 -186.56
15 2932 -214.51 -214.51
12 2933 -225.45 -225.45
15 2933 -250.03 -250.03
12 2934 -160.3 -160.3
15 2934 -201.96 -201.96
20 2934 -269.39 -269.39
25 2934 296.64 296.64
31 2934 195.37 195.37
37 2934 86.23 86.23
12 2935 -41.4 -41.4
14 2935 -33.42 -33.42
15 2935 -50.65 -50.65
20 2935 -63.64 -63.64
12 2936 -99.63 -99.63
15 2936 -117.68 -117.68
20 2936 -141.07 -141.07
12 2937 -144.35 -144.35
15 2937 -155.19 -155.19
12 2938 -267.37 -267.37
15 2938 -311.31 -311.31
24 2938 298.07 298.07
27 2938 252.63 252.63
12 2939 -242.25 -242.25
15 2939 -309.68 -309.68
24 2939 328.65 328.65
27 2939 257.28 257.28
14 2940 -94.05 -94.05
15 2940 -111.16 -111.16
14 2941 -291.6 -291.6
15 2941 -371.5 -371.5
14 2942 -291.6 -291.6
15 2942 -371.5 -371.5
18 2942 271.35 271.35
14 2943 -279.83 -279.83
15 2943 -356.98 -356.98
14 2944 -292.06 -292.06
15 2944 -380.84 -380.84
14 2945 332.24 332.24
15 2945 387.22 387.22
14 2946 -157.59 -157.59
15 2946 -249.3 -249.3
14 2947 -162.49 -162.49
15 2947 -257.69 -257.69
14 2948 -24.93 -24.93
15 2948 -39.8 -39.8
20 2948 -50.68 -50.68
14 2949 244.8 244.8
15 2949 305.02 305.02
20 2949 350.75 350.75
14 2950 235.54 235.54
15 2950 296.18 296.18
14 2951 -223.26 -223.26
15 2951 -369.3 -369.3
14 2952 -155.58 -155.58
15 2952 -249.18 -249.18
20 2952 -342.52 -342.52
25 2952 228.18 228.18
27 2952 320.88 320.88
31 2952 124.26 124.26
32 2952 -118.56 -118.56
44 2952 -278.43 -278.43
14 2953 194.2 194.2
15 2953 211.54 211.54
14 2954 172.63 172.63
15 2954 200.86 200.86
17 2954 243.22 243.22
20 2954 219.64 219.64
14 2955 -224.87 -224.87
15 2955 -301.16 -301.16
14 2956 -225.19 -225.19
15 2956 -302.06 -302.06
14 2957 -213.75 -213.75
15 2957 -286.84 -286.84
14 2958 -125.86 -125.86
15 2958 -199.86 -199.86
14 2959 -209.66 -209.66
15 2959 -258.46 -258.46
24 2959 338.54 338.54
27 2959 306.71 306.71
14 2960 -174.65 -174.65
15 2960 -229.04 -229.04
14 2961 187.76 187.76
15 2961 228.37 228.37
17 2961 297.47 297.47
20 2961 257.65 257.65
0 2962 -328.7 -328.7
19 2962 -32.57 -32.57
23 2962 25.37 25.37
26 2962 133.27 133.27
27 2962 -210.14 -210.14
0 2963 -331.89 -331.89
18 2963 -94.04 -94.04
19 2963 -36.24 -36.24
23 2963 21.84 21.84
26 2963 130.43 130.43
0 2964 -344.23 -344.23
18 2964 -109.11 -109.11
23 2964 9.25 9.25
25 2964 -301.96 -301.96
31 2964 -376.4 -376.4
0 2965 -324.38 -324.38
18 2965 -84.36 -84.36
19 2965 -27.04 -27.04
21 2965 85.39 85.39
25 2965 -271.02 -271.02
27 2965 -203.36 -203.36
0 2966 -351.27 -351.27
18 2966 -117.08 -117.08
24 2966 -178.28 -178.28
0 2967 -351.27 -351.27
18 2967 -117.08 -117.08
24 2967 -178.28 -178.28
0 2968 -102.44 -102.44
17 2968 -131.87 -131.87
0 2969 -296.1 -296.1
23 2969 63.57 63.57
0 2970 81.94 81.94
17 2970 78.58 78.58
33 2970 78.64 78.64
35 2970 78.37 78.37
47 2970 79.18 79.18
0 2971 -276.27 -276.27
18 2971 -16.51 -16.51
19 2971 36.26 36.26
26 2971 188.09 188.09
27 2971 -127.22 -127.22
28 2971 237.03 237.03
29 2971 285.96 285.96
42 2971 378.97 378.97
0 2972 -241.75 -241.75
23 2972 139.96 139.96
0 2973 -245.56 -245.56
19 2973 107.96 107.96
21 2973 194.72 194.72
36 2973 365.4 365.4
44 2973 -288.11 -288.11
0 2974 -310.28 -310.28
19 2974 -6.72 -6.72
26 2974 153.62 153.62
0 2975 -367.48 -367.48
23 2975 -7.54001 -7.54001
24 2975 -191.49 -191.49
28 2975 152.22 152.22
0 2976 -321.9 -321.9
18 2976 -85.88 -85.88
21 2976 84.06 84.06
23 2976 29.09 29.09
25 2976 -273.41 -273.41
26 2976 136.64 136.64
27 2976 -205.24 -205.24
29 2976 240.24 240.24
0 2977 -333.07 -333.07
18 2977 -95.21 -95.21
19 2977 -37.16 -37.16
21 2977 76.49 76.49
23 2977 21.1 21.1
25 2977 -284.53 -284.53
26 2977 129.37 129.37
28 2977 181.63 181.63
29 2977 233.85 233.85
31 2977 -357.47 -357.47
0 2978 -319.79 -319.79
19 2978 -21.27 -21.27
21 2978 90.11 90.11
23 2978 35.92 35.92
25 2978 -263.1 -263.1
26 2978 142.35 142.35
27 2978 -196 -196
28 2978 193.53 193.53
29 2978 245.01 245.01
0 2979 -349.77 -349.77
18 2979 -115.04 -115.04
19 2979 -56.4 -56.4
21 2979 60.79 60.79
24 2979 -176.89 -176.89
28 2979 166.84 166.84
31 2979 -385.59 -385.59
0 2980 -374.86 -374.86
18 2980 -143.9 -143.9
19 2980 -81.98 -81.98
21 2980 37.32 37.32
23 2980 -20.72 -20.72
24 2980 -206.91 -206.91
27 2980 -272.09 -272.09
0 2981 -327.1 -327.1
18 2981 -87.97 -87.97
19 2981 -30.28 -30.28
21 2981 82.32 82.32
25 2981 -275.57 -275.57
26 2981 135.23 135.23
31 2981 -347.79 -347.79
0 2982 -348.72 -348.72
18 2982 -113.82 -113.82
19 2982 -54.06 -54.06
21 2982 61.71 61.71
23 2982 4.85998 4.85998
24 2982 -174.59 -174.59
26 2982 115.68 115.68
28 2982 169.02 169.02
29 2982 221.33 221.33
31 2982 -382.45 -382.45
0 2983 -323.69 -323.69
18 2983 -83.75 -83.75
19 2983 -26.31 -26.31
23 2983 30.92 30.92
26 2983 138.4 138.4
27 2983 -202.49 -202.49
29 2983 241.16 241.16
0 2984 -339.91 -339.91
18 2984 -104.2 -104.2
19 2984 -45.22 -45.22
21 2984 69.28 69.28
23 2984 13.38 13.38
24 2984 -164.35 -164.35
25 2984 -295.64 -295.64
29 2984 228.21 228.21
31 2984 -369.82 -369.82
0 2985 -339.91 -339.91
18 2985 -104.2 -104.2
19 2985 -45.22 -45.22
21 2985 69.28 69.28
23 2985 13.38 13.38
24 2985 -164.35 -164.35
25 2985 -295.64 -295.64
26 2985 123.14 123.14
29 2985 228.21 228.21
0 2986 -336.35 -336.35
18 2986 -99.92 -99.92
19 2986 -41.24 -41.24
21 2986 72.67 72.67
23 2986 16.92 16.92
25 2986 -290 -290
26 2986 126.1 126.1
28 2986 178.12 178.12
29 2986 230.82 230.82
31 2986 -363.28 -363.28
36 2986 281.21 281.21
0 2987 -289.46 -289.46
18 2987 -35.65 -35.65
21 2987 124.87 124.87
28 2987 223.51 223.51
29 2987 273.39 273.39
31 2987 -278.97 -278.97
36 2987 321.51 321.51
0 2988 -283.52 -283.52
21 2988 131.78 131.78
28 2988 230.18 230.18
0 2989 -296.75 -296.75
21 2989 115.29 115.29
23 2989 62.77 62.77
24 2989 -102.62 -102.62
25 2989 -224.03 -224.03
26 2989 166.05 166.05
27 2989 -159.78 -159.78
28 2989 215.58 215.58
29 2989 265.63 265.63
31 2989 -291.83 -291.83
36 2989 314.37 314.37
37 2989 -360.53 -360.53
0 2990 193.61 193.61
16 2990 155.98 155.98
0 2991 -115.66 -115.66
23 2991 291.49 291.49
0 2992 -336.48 -336.48
18 2992 -99.62 -99.62
26 2992 126.33 126.33
28 2992 178.72 178.72
29 2992 231.07 231.07
0 2993 -336.48 -336.48
19 2993 -41.21 -41.21
21 2993 72.86 72.86
23 2993 17.16 17.16
28 2993 178.72 178.72
0 2994 -316.36 -316.36
19 2994 -17.73 -17.73
21 2994 93.75 93.75
23 2994 38.63 38.63
25 2994 -259.81 -259.81
26 2994 145.53 145.53
28 2994 196.58 196.58
29 2994 248.27 248.27
31 2994 -329.52 -329.52
0 2995 -328.83 -328.83
18 2995 -88.62 -88.62
21 2995 80.71 80.71
23 2995 26.42 26.42
25 2995 -276.53 -276.53
26 2995 133.18 133.18
27 2995 -207.23 -207.23
28 2995 186.11 186.11
29 2995 238.36 238.36
0 2996 -344.26 -344.26
18 2996 -109.82 -109.82
19 2996 -49.87 -49.87
21 2996 64.95 64.95
24 2996 -169.74 -169.74
26 2996 119.45 119.45
0 2997 -330.9 -330.9
18 2997 -92.93 -92.93
0 2998 -329.87 -329.87
19 2998 -28.98 -28.98
28 2998 185.08 185.08
0 2999 -243.36 -243.36
19 2999 111.19 111.19
21 2999 197.26 197.26
23 2999 155.24 155.24
0 3000 -332.64 -332.64
21 3000 77.58 77.58
23 3000 22.88 22.88
26 3000 130.04 130.04
29 3000 233.86 233.86
0 3001 -341.61 -341.61
18 3001 -103.7 -103.7
19 3001 -44.29 -44.29
26 3001 121.82 121.82
0 3002 -326.31 -326.31
19 3002 -29.52 -29.52
21 3002 83 83
23 3002 27.95 27.95
25 3002 -274.26 -274.26
26 3002 135.51 135.51
28 3002 187.21 187.21
29 3002 239.27 239.27
31 3002 -346.42 -346.42
0 3003 -320.56 -320.56
21 3003 88.83 88.83
23 3003 34.2 34.2
25 3003 -265.41 -265.41
27 3003 -197.82 -197.82
28 3003 192.49 192.49
29 3003 244.33 244.33
0 3004 -334.7 -334.7
21 3004 75.54 75.54
26 3004 128.61 128.61
29 3004 231.4 231.4
0 3005 -315.62 -315.62
21 3005 94.63 94.63
26 3005 146.46 146.46
28 3005 197.38 197.38
0 3006 68.79 68.79
1 3006 73.88 73.88
2 3006 65.54 65.54
3 3006 72.01 72.01
4 3006 64.07 64.07
5 3006 71.49 71.49
6 3006 63.2 63.2
7 3006 69.58 69.58
8 3006 62.37 62.37
9 3006 61.71 61.71
10 3006 65.89 65.89
11 3006 67.97 67.97
12 3006 61.64 61.64
13 3006 64.61 64.61
14 3006 62.07 62.07
15 3006 61.3 61.3
16 3006 59.46 59.46
17 3006 59.08 59.08
20 3006 60.1 60.1
22 3006 62.14 62.14
30 3006 54.54 54.54
33 3006 58.11 58.11
34 3006 48.12 48.12
35 3006 58.42 58.42
38 3006 57.74 57.74
39 3006 51.43 51.43
43 3006 46.41 46.41
45 3006 56.98 56.98
47 3006 58.06 58.06
0 3007 -334.06 -334.06
21 3007 76.99 76.99
26 3007 131.44 131.44
29 3007 233.42 233.42
0 3008 -326.41 -326.41
19 3008 -25.93 -25.93
26 3008 136.18 136.18
28 3008 188 188
29 3008 239.21 239.21
0 3009 -334.98 -334.98
19 3009 -34.15 -34.15
21 3009 74.94 74.94
23 3009 21.77 21.77
25 3009 -276.89 -276.89
26 3009 126.48 126.48
28 3009 178.28 178.28
29 3009 232.05 232.05
31 3009 -347.38 -347.38
1 3010 -380.89 -380.89
21 3010 -110.91 -110.91
26 3010 -44.27 -44.27
29 3010 82.71 82.71
1 3011 -376.9 -376.9
18 3011 -327.06 -327.06
21 3011 -107.3 -107.3
23 3011 -177.38 -177.38
24 3011 -404.94 -404.94
26 3011 -40.85 -40.85
28 3011 23.12 23.12
29 3011 85.51 85.51
1 3012 -376.9 -376.9
18 3012 -327.06 -327.06
23 3012 -177.38 -177.38
24 3012 -404.94 -404.94
26 3012 -40.85 -40.85
28 3012 23.12 23.12
1 3013 -374.33 -374.33
18 3013 -323.81 -323.81
23 3013 -174.89 -174.89
26 3013 -38.51 -38.51
1 3014 -373.5 -373.5
21 3014 -103.4 -103.4
24 3014 -399.19 -399.19
29 3014 88.96 88.96
1 3015 -384.4 -384.4
21 3015 -114.91 -114.91
23 3015 -185.67 -185.67
26 3015 -47.76 -47.76
28 3015 16.79 16.79
29 3015 79.54 79.54
36 3015 138.9 138.9
42 3015 194.58 194.58
1 3016 -389.14 -389.14
21 3016 -118.83 -118.83
23 3016 -189.89 -189.89
26 3016 -51.62 -51.62
29 3016 76.25 76.25
1 3017 -381.31 -381.31
21 3017 -111.08 -111.08
23 3017 -181.37 -181.37
26 3017 -44.42 -44.42
28 3017 20.04 20.04
29 3017 82.52 82.52
36 3017 141.82 141.82
42 3017 197.49 197.49
1 3018 186.56 186.56
5 3018 178.66 178.66
7 3018 170.94 170.94
22 3018 145.04 145.04
1 3019 107.65 107.65
3 3019 107.69 107.69
5 3019 103.89 103.89
7 3019 100.4 100.4
10 3019 93.85 93.85
11 3019 97.47 97.47
16 3019 84.78 84.78
22 3019 88.15 88.15
30 3019 78.76 78.76
1 3020 -347.59 -347.59
19 3020 -169.8 -169.8
24 3020 -300.78 -300.78
27 3020 -366.62 -366.62
29 3020 119.16 119.16
42 3020 222.81 222.81
1 3021 -346.57 -346.57
18 3021 -236.83 -236.83
28 3021 63.36 63.36
29 3021 119.1 119.1
36 3021 173.26 173.26
42 3021 223.07 223.07
1 3022 96.24 96.24
3 3022 96.75 96.75
5 3022 91.9 91.9
7 3022 87.79 87.79
11 3022 84.7 84.7
22 3022 74.85 74.85
34 3022 58.66 58.66
2 3023 -366.5 -366.5
21 3023 106.44 106.44
23 3023 53.24 53.24
24 3023 -114.76 -114.76
27 3023 -172.75 -172.75
29 3023 258.6 258.6
31 3023 -307.3 -307.3
37 3023 -377.3 -377.3
2 3024 -336.71 -336.71
18 3024 -26.54 -26.54
26 3024 181.53 181.53
31 3024 -264.15 -264.15
2 3025 -366.45 -366.45
19 3025 -2.5 -2.5
23 3025 53.05 53.05
24 3025 -114.78 -114.78
25 3025 -238.73 -238.73
27 3025 -173.12 -173.12
37 3025 -377.79 -377.79
2 3026 -366.45 -366.45
19 3026 -2.5 -2.5
21 3026 106.51 106.51
23 3026 53.05 53.05
24 3026 -114.78 -114.78
26 3026 157.56 157.56
2 3027 -5.47 -5.47
4 3027 -8.26999 -8.26999
6 3027 -10.51 -10.51
8 3027 -12.54 -12.54
9 3027 -14.73 -14.73
12 3027 -17.61 -17.61
14 3027 -15.95 -15.95
15 3027 -19.23 -19.23
17 3027 -24.49 -24.49
20 3027 -22.03 -22.03
33 3027 -28.82 -28.82
35 3027 -26.81 -26.81
38 3027 -31.17 -31.17
47 3027 -32.81 -32.81
2 3028 -263.77 -263.77
21 3028 171.68 171.68
28 3028 301.52 301.52
2 3029 -329.8 -329.8
21 3029 137.11 137.11
2 3030 194.68 194.68
20 3030 198.56 198.56
2 3031 -345.48 -345.48
23 3031 -0.649994 -0.649994
2 3032 -348.22 -348.22
18 3032 -38.54 -38.54
26 3032 171.64 171.64
28 3032 221.42 221.42
29 3032 271.12 271.12
36 3032 319.72 319.72
42 3032 364.98 364.98
2 3033 -11.3 -11.3
3 3033 -2.35001 -2.35001
17 3033 -32.73 -32.73
2 3034 -335.67 -335.67
18 3034 -24.95 -24.95
21 3034 133.17 133.17
24 3034 -79.37 -79.37
25 3034 -197.64 -197.64
26 3034 182.37 182.37
27 3034 -135.08 -135.08
28 3034 231.4 231.4
31 3034 -263.69 -263.69
37 3034 -329.7 -329.7
2 3035 -263.51 -263.51
21 3035 172.17 172.17
28 3035 301.62 301.62
2 3036 174.6 174.6
22 3036 132.08 132.08
35 3036 247.06 247.06
2 3037 -205.2 -205.2
19 3037 220.37 220.37
2 3038 -383.87 -383.87
23 3038 37.71 37.71
25 3038 -259.81 -259.81
27 3038 -193.02 -193.02
2 3039 -365.39 -365.39
21 3039 108.01 108.01
23 3039 54.5 54.5
25 3039 -236.95 -236.95
27 3039 -171.37 -171.37
31 3039 -305.75 -305.75
2 3040 -382.37 -382.37
23 3040 38.91 38.91
2 3041 -384.35 -384.35
19 3041 -15.66 -15.66
21 3041 93.28 93.28
23 3041 39.83 39.83
26 3041 144.78 144.78
27 3041 -187.95 -187.95
28 3041 194.95 194.95
31 3041 -323.2 -323.2
37 3041 -393.2 -393.2
2 3042 -384.68 -384.68
21 3042 92.5 92.5
23 3042 39.21 39.21
25 3042 -254.47 -254.47
26 3042 143.89 143.89
27 3042 -189.14 -189.14
28 3042 194.84 194.84
31 3042 -324.24 -324.24
37 3042 -394.11 -394.11
42 3042 340.77 340.77
2 3043 -262.34 -262.34
21 3043 173.16 173.16
28 3043 302.83 302.83
3 3044 -222.97 -222.97
23 3044 108.56 108.56
27 3044 -103.59 -103.59
3 3045 184.21 184.21
20 3045 212.39 212.39
3 3046 -270.32 -270.32
19 3046 -24.17 -24.17
23 3046 33.32 33.32
28 3046 191.48 191.48
3 3047 -324.59 -324.59
21 3047 41.6 41.6
3 3048 -262.02 -262.02
21 3048 99.36 99.36
3 3049 -137.9 -137.9
23 3049 301.86 301.86
3 3050 -379.15 -379.15
18 3050 -192.83 -192.83
19 3050 -132.4 -132.4
21 3050 -15.48 -15.48
23 3050 -72.59 -72.59
29 3050 146.78 146.78
36 3050 198.36 198.36
42 3050 246.46 246.46
3 3051 -209.38 -209.38
22 3051 -170.98 -170.98
3 3052 -211.79 -211.79
19 3052 111.43 111.43
21 3052 197.88 197.88
23 3052 155.19 155.19
24 3052 23.54 23.54
25 3052 -69.6 -69.6
27 3052 -20.34 -20.34
31 3052 -120.46 -120.46
32 3052 -223.55 -223.55
37 3052 -170.92 -170.92
3 3053 -376.34 -376.34
23 3053 -69.15 -69.15
3 3054 -376.34 -376.34
19 3054 -128.86 -128.86
21 3054 -12.72 -12.72
28 3054 95.63 95.63
36 3054 200.63 200.63
3 3055 -251.69 -251.69
21 3055 114.95 114.95
26 3055 165.71 165.71
28 3055 215.44 215.44
29 3055 265.98 265.98
36 3055 314.35 314.35
3 3056 -375.18 -375.18
21 3056 -11.72 -11.72
29 3056 150.32 150.32
3 3057 -354.76 -354.76
16 3057 -119.62 -119.62
30 3057 -113.58 -113.58
34 3057 -110.7 -110.7
39 3057 -92.22 -92.22
43 3057 -103.95 -103.95
3 3058 -259.77 -259.77
21 3058 106.13 106.13
25 3058 -234.92 -234.92
26 3058 158.7 158.7
28 3058 206.24 206.24
29 3058 259.7 259.7
36 3058 305.59 305.59
4 3059 169.31 169.31
17 3059 232.74 232.74
20 3059 223.26 223.26
35 3059 244.23 244.23
4 3060 -211 -211
19 3060 251.54 251.54
4 3061 -373.51 -373.51
18 3061 -1.23999 -1.23999
25 3061 -170.6 -170.6
27 3061 -109.47 -109.47
31 3061 -234.9 -234.9
32 3061 -367.3 -367.3
37 3061 -299.65 -299.65
4 3062 143.76 143.76
17 3062 167.24 167.24
4 3063 -112.53 -112.53
6 3063 -120.92 -120.92
17 3063 -226.11 -226.11
20 3063 -205.94 -205.94
31 3063 347.27 347.27
4 3064 -19.03 -19.03
6 3064 -21.61 -21.61
8 3064 -23.79 -23.79
15 3064 -30.8 -30.8
17 3064 -35.76 -35.76
38 3064 -43.86 -43.86
4 3065 -184.81 -184.81
21 3065 349.85 349.85
4 3066 -228.16 -228.16
21 3066 284.29 284.29
23 3066 221.45 221.45
4 3067 -250.75 -250.75
19 3067 101.52 101.52
21 3067 249.57 249.57
23 3067 178.91 178.91
4 3068 178.66 178.66
17 3068 182.06 182.06
47 3068 181.78 181.78
4 3069 -241.52 -241.52
18 3069 37.59 37.59
19 3069 117.67 117.67
21 3069 262.68 262.68
23 3069 193.07 193.07
24 3069 -45.26 -45.26
26 3069 328.72 328.72
4 3070 79.19 79.19
6 3070 79.51 79.51
8 3070 80.35 80.35
9 3070 80.99 80.99
14 3070 82.57 82.57
17 3070 86.15 86.15
33 3070 88.44 88.44
35 3070 87.27 87.27
38 3070 90 90
47 3070 92.53 92.53
4 3071 -314.8 -314.8
23 3071 166.17 166.17
24 3071 37.55 37.55
25 3071 -53.99 -53.99
27 3071 -6.06 -6.06
31 3071 -103.77 -103.77
36 3071 375.52 375.52
4 3072 99.34 99.34
8 3072 100.59 100.59
9 3072 101.16 101.16
12 3072 105 105
14 3072 103.03 103.03
15 3072 105.76 105.76
17 3072 107.29 107.29
20 3072 106.88 106.88
33 3072 108.68 108.68
35 3072 107.79 107.79
38 3072 109.35 109.35
47 3072 112.05 112.05
4 3073 -300.37 -300.37
21 3073 222.55 222.55
23 3073 181.77 181.77
26 3073 262.57 262.57
4 3074 -304.58 -304.58
18 3074 91.16 91.16
23 3074 175.92 175.92
24 3074 48.79 48.79
25 3074 -42.06 -42.06
26 3074 258.33 258.33
31 3074 -91.59 -91.59
32 3074 -191.48 -191.48
37 3074 -140.52 -140.52
40 3074 -365.14 -365.14
44 3074 -247.72 -247.72
4 3075 -267.6 -267.6
21 3075 258.9 258.9
24 3075 98.75 98.75
5 3076 -347.95 -347.95
19 3076 -298.43 -298.43
21 3076 -147.89 -147.89
28 3076 -12.23 -12.23
29 3076 53.64 53.64
36 3076 113.76 113.76
42 3076 172.39 172.39
5 3077 -328.82 -328.82
23 3077 -195.89 -195.89
26 3077 -56.18 -56.18
28 3077 9.06 9.06
36 3077 131.64 131.64
5 3078 -328.02 -328.02
21 3078 -121.86 -121.86
23 3078 -193.38 -193.38
26 3078 -54.76 -54.76
28 3078 10.57 10.57
29 3078 73.78 73.78
36 3078 133.34 133.34
42 3078 189.85 189.85
5 3079 -345.96 -345.96
19 3079 -296.22 -296.22
21 3079 -145.18 -145.18
23 3079 -218.42 -218.42
26 3079 -75.8 -75.8
28 3079 -9.11999 -9.11999
5 3080 -339.04 -339.04
19 3080 -285.84 -285.84
21 3080 -136.27 -136.27
23 3080 -208.98 -208.98
26 3080 -67.66 -67.66
28 3080 -1.76001 -1.76001
5 3081 -360.9 -360.9
18 3081 -398.37 -398.37
19 3081 -317.11 -317.11
21 3081 -162.85 -162.85
23 3081 -237.7 -237.7
26 3081 -92.11 -92.11
29 3081 41.52 41.52
5 3082 -360.9 -360.9
18 3082 -398.37 -398.37
19 3082 -317.11 -317.11
21 3082 -162.85 -162.85
23 3082 -237.7 -237.7
26 3082 -92.11 -92.11
28 3082 -24.21 -24.21
29 3082 41.52 41.52
5 3083 -362.63 -362.63
19 3083 -319.82 -319.82
23 3083 -240.12 -240.12
5 3084 -350.77 -350.77
18 3084 -382.72 -382.72
19 3084 -302.79 -302.79
21 3084 -150.72 -150.72
23 3084 -224.45 -224.45
26 3084 -80.96 -80.96
28 3084 -13.87 -13.87
29 3084 51.03 51.03
5 3085 -332.49 -332.49
19 3085 -276.24 -276.24
21 3085 -128.21 -128.21
23 3085 -200.1 -200.1
26 3085 -60.15 -60.15
28 3085 5.07999 5.07999
29 3085 68.89 68.89
36 3085 129.19 129.19
5 3086 -332.49 -332.49
19 3086 -276.24 -276.24
21 3086 -128.21 -128.21
23 3086 -200.1 -200.1
26 3086 -60.15 -60.15
28 3086 5.07999 5.07999
29 3086 68.89 68.89
36 3086 129.19 129.19
5 3087 -318.07 -318.07
21 3087 -108.82 -108.82
23 3087 -179.46 -179.46
26 3087 -40.39 -40.39
28 3087 21.56 21.56
36 3087 143.47 143.47
42 3087 199.22 199.22
5 3088 -316.16 -316.16
18 3088 -314.44 -314.44
21 3088 -99.88 -99.88
23 3088 -168.58 -168.58
26 3088 -35.03 -35.03
28 3088 27.71 27.71
29 3088 89.07 89.07
36 3088 147.22 147.22
42 3088 202 202
5 3089 -365.34 -365.34
19 3089 -323.38 -323.38
21 3089 -168.06 -168.06
23 3089 -243.33 -243.33
26 3089 -96.96 -96.96
28 3089 -28.7 -28.7
29 3089 37.43 37.43
36 3089 99.96 99.96
42 3089 158.28 158.28
5 3090 -365.34 -365.34
19 3090 -323.38 -323.38
21 3090 -168.06 -168.06
23 3090 -243.33 -243.33
26 3090 -96.96 -96.96
28 3090 -28.7 -28.7
29 3090 37.43 37.43
36 3090 99.96 99.96
42 3090 158.28 158.28
5 3091 -355 -355
18 3091 -389.63 -389.63
19 3091 -309.11 -309.11
21 3091 -155.96 -155.96
23 3091 -230.24 -230.24
26 3091 -85.82 -85.82
28 3091 -18.41 -18.41
29 3091 47.01 47.01
36 3091 108.67 108.67
42 3091 166.54 166.54
5 3092 -346.9 -346.9
23 3092 -219.68 -219.68
42 3092 173.01 173.01
5 3093 -346.9 -346.9
19 3093 -297.95 -297.95
21 3093 -146.2 -146.2
23 3093 -219.68 -219.68
26 3093 -76.82 -76.82
28 3093 -10.08 -10.08
29 3093 54.91 54.91
42 3093 173.01 173.01
5 3094 -233.16 -233.16
23 3094 -33.87 -33.87
26 3094 83.06 83.06
5 3095 238.04 238.04
22 3095 168.49 168.49
5 3096 -353.56 -353.56
19 3096 -306.44 -306.44
21 3096 -153.96 -153.96
23 3096 -228.2 -228.2
26 3096 -84.06 -84.06
28 3096 -16.62 -16.62
29 3096 48.14 48.14
36 3096 109.77 109.77
42 3096 168.23 168.23
5 3097 -327.1 -327.1
22 3097 -173.19 -173.19
30 3097 -149.84 -149.84
5 3098 -287.59 -287.59
18 3098 -211.84 -211.84
19 3098 -150.69 -150.69
21 3098 -31.17 -31.17
24 3098 -274.45 -274.45
28 3098 79.13 79.13
29 3098 133.46 133.46
36 3098 185.82 185.82
42 3098 234.44 234.44
6 3099 -213.72 -213.72
18 3099 264.26 264.26
19 3099 296.97 296.97
6 3100 -194.39 -194.39
19 3100 326.3 326.3
23 3100 360.7 360.7
6 3101 -206.99 -206.99
19 3101 307.83 307.83
23 3101 342.16 342.16
6 3102 103.19 103.19
8 3102 103.88 103.88
9 3102 104.94 104.94
12 3102 107.82 107.82
15 3102 109.06 109.06
17 3102 110.34 110.34
20 3102 109.8 109.8
33 3102 111.29 111.29
35 3102 111.31 111.31
38 3102 112.79 112.79
47 3102 114.88 114.88
6 3103 -294.81 -294.81
19 3103 181.76 181.76
23 3103 225.67 225.67
6 3104 236.54 236.54
17 3104 358.13 358.13
20 3104 335 335
35 3104 385.69 385.69
6 3105 -241.22 -241.22
19 3105 248.57 248.57
32 3105 -51.3 -51.3
6 3106 -356.67 -356.67
18 3106 88.53 88.53
21 3106 214.38 214.38
23 3106 173.36 173.36
24 3106 45.92 45.92
25 3106 -44.65 -44.65
26 3106 255.25 255.25
27 3106 2.66 2.66
31 3106 -93.99 -93.99
32 3106 -193.51 -193.51
37 3106 -142.73 -142.73
41 3106 -309.08 -309.08
44 3106 -249.89 -249.89
6 3107 -226.21 -226.21
23 3107 279.09 279.09
6 3108 -218.24 -218.24
23 3108 287.63 287.63
6 3109 -280.88 -280.88
19 3109 144.74 144.74
6 3110 -278.82 -278.82
23 3110 218.75 218.75
6 3111 -287.5 -287.5
19 3111 137.14 137.14
6 3112 148.47 148.47
8 3112 153.82 153.82
17 3112 198.04 198.04
6 3113 -252.7 -252.7
18 3113 193.6 193.6
19 3113 233.97 233.97
21 3113 313.86 313.86
23 3113 274.46 274.46
24 3113 153.92 153.92
25 3113 67.59 67.59
27 3113 113.49 113.49
31 3113 21.35 21.35
37 3113 -24.58 -24.58
6 3114 -351.92 -351.92
18 3114 93.1 93.1
19 3114 135.27 135.27
37 3114 -137.83 -137.83
41 3114 -302.97 -302.97
44 3114 -244.8 -244.8
6 3115 -300.11 -300.11
18 3115 143.75 143.75
19 3115 183.37 183.37
21 3115 262.76 262.76
23 3115 223.6 223.6
24 3115 103.92 103.92
26 3115 301.6 301.6
27 3115 62.9 62.9
6 3116 -356.67 -356.67
18 3116 88.25 88.25
19 3116 130.73 130.73
21 3116 214.66 214.66
23 3116 173.34 173.34
24 3116 45.71 45.71
25 3116 -44.86 -44.86
27 3116 2.54001 2.54001
31 3116 -94.21 -94.21
32 3116 -194 -194
37 3116 -142.88 -142.88
41 3116 -309.1 -309.1
44 3116 -249.97 -249.97
6 3117 -148.81 -148.81
18 3117 234.48 234.48
6 3118 -303.87 -303.87
18 3118 33.04 33.04
19 3118 113.82 113.82
21 3118 260.19 260.19
26 3118 326.25 326.25
6 3119 -299.25 -299.25
19 3119 178.41 178.41
6 3120 -351.59 -351.59
18 3120 92.68 92.68
19 3120 135.26 135.26
23 3120 177.18 177.18
24 3120 50.51 50.51
25 3120 -40.08 -40.08
26 3120 259.24 259.24
27 3120 7.17001 7.17001
31 3120 -90.26 -90.26
40 3120 -361.11 -361.11
41 3120 -302.18 -302.18
6 3121 -351.66 -351.66
18 3121 92.39 92.39
19 3121 135.22 135.22
21 3121 218.38 218.38
23 3121 177.29 177.29
24 3121 50.37 50.37
25 3121 -40.67 -40.67
27 3121 7.29001 7.29001
31 3121 -88.81 -88.81
32 3121 -188.54 -188.54
37 3121 -136.83 -136.83
41 3121 -302.17 -302.17
6 3122 -351.66 -351.66
18 3122 92.39 92.39
24 3122 50.37 50.37
25 3122 -40.67 -40.67
27 3122 7.29001 7.29001
31 3122 -88.81 -88.81
32 3122 -188.54 -188.54
37 3122 -136.83 -136.83
40 3122 -358.55 -358.55
6 3123 -367.33 -367.33
19 3123 121.8 121.8
21 3123 206.09 206.09
23 3123 164.84 164.84
24 3123 35.82 35.82
26 3123 247.57 247.57
27 3123 -7.45001 -7.45001
31 3123 -105.23 -105.23
32 3123 -206.05 -206.05
36 3123 374.85 374.85
37 3123 -154.44 -154.44
41 3123 -323.23 -323.23
6 3124 -221.04 -221.04
18 3124 255.27 255.27
21 3124 353.63 353.63
23 3124 320.98 320.98
24 3124 223.02 223.02
6 3125 -346.55 -346.55
18 3125 98.09 98.09
19 3125 139.61 139.61
23 3125 182.13 182.13
24 3125 56.04 56.04
25 3125 -32.29 -32.29
26 3125 263.15 263.15
27 3125 14.07 14.07
31 3125 -81.47 -81.47
32 3125 -179.24 -179.24
37 3125 -129.18 -129.18
40 3125 -351.39 -351.39
41 3125 -291.6 -291.6
44 3125 -234.19 -234.19
6 3126 -374.72 -374.72
18 3126 73.44 73.44
21 3126 201.94 201.94
24 3126 30.53 30.53
25 3126 -62.03 -62.03
27 3126 -14.6 -14.6
31 3126 -113.12 -113.12
32 3126 -214.97 -214.97
37 3126 -162.7 -162.7
44 3126 -272.12 -272.12
6 3127 -368.08 -368.08
19 3127 122.02 122.02
21 3127 206.74 206.74
23 3127 164.78 164.78
25 3127 -56.56 -56.56
31 3127 -105.64 -105.64
32 3127 -207.06 -207.06
37 3127 -155.07 -155.07
6 3128 -389.11 -389.11
21 3128 191.68 191.68
23 3128 148.53 148.53
6 3129 -381.07 -381.07
18 3129 67.25 67.25
19 3129 110.9 110.9
21 3129 197.03 197.03
23 3129 154.39 154.39
24 3129 23.28 23.28
25 3129 -70.6 -70.6
27 3129 -21.55 -21.55
31 3129 -121.62 -121.62
32 3129 -224.21 -224.21
37 3129 -172.59 -172.59
40 3129 -405.29 -405.29
44 3129 -282.72 -282.72
6 3130 -381.07 -381.07
18 3130 67.25 67.25
19 3130 110.9 110.9
21 3130 197.03 197.03
23 3130 154.39 154.39
24 3130 23.28 23.28
27 3130 -21.55 -21.55
31 3130 -121.62 -121.62
40 3130 -405.29 -405.29
44 3130 -282.72 -282.72
6 3131 -359.61 -359.61
18 3131 85.82 85.82
19 3131 127.64 127.64
21 3131 212.82 212.82
23 3131 171.48 171.48
24 3131 43.48 43.48
25 3131 -47.39 -47.39
27 3131 0.549988 0.549988
31 3131 -97.02 -97.02
32 3131 -196.48 -196.48
37 3131 -145.85 -145.85
40 3131 -370.97 -370.97
41 3131 -311.78 -311.78
44 3131 -253 -253
6 3132 -269.7 -269.7
18 3132 174.43 174.43
21 3132 294.31 294.31
23 3132 256.25 256.25
24 3132 135.84 135.84
27 3132 94.69 94.69
6 3133 -358.8 -358.8
18 3133 85.84 85.84
19 3133 128.51 128.51
21 3133 212.66 212.66
23 3133 171.24 171.24
24 3133 43.23 43.23
25 3133 -47.58 -47.58
27 3133 -0.170013 -0.170013
31 3133 -97.24 -97.24
32 3133 -197.24 -197.24
37 3133 -145.92 -145.92
6 3134 -345.51 -345.51
18 3134 99.03 99.03
19 3134 140.69 140.69
21 3134 223.42 223.42
23 3134 182.59 182.59
24 3134 57 57
25 3134 -32.4 -32.4
27 3134 14.45 14.45
31 3134 -80.5 -80.5
37 3134 -128.68 -128.68
6 3135 -248.86 -248.86
18 3135 197.6 197.6
6 3136 -317.21 -317.21
18 3136 126.3 126.3
19 3136 166.92 166.92
21 3136 247.86 247.86
23 3136 208 208
24 3136 85.43 85.43
25 3136 -1.32999 -1.32999
27 3136 43.87 43.87
31 3136 -48.43 -48.43
7 3137 159.88 159.88
11 3137 150.02 150.02
22 3137 125.58 125.58
7 3138 -304.27 -304.27
19 3138 -318.04 -318.04
7 3139 -34 -34
17 3139 -59.66 -59.66
7 3140 -283.21 -283.21
21 3140 -128.92 -128.92
23 3140 -200.95 -200.95
26 3140 -61.07 -61.07
28 3140 4.5 4.5
29 3140 68.08 68.08
36 3140 128.51 128.51
42 3140 185.14 185.14
7 3141 -315.7 -315.7
21 3141 -138.65 -138.65
23 3141 -205.35 -205.35
28 3141 -13.4 -13.4
29 3141 47.17 47.17
36 3141 104.5 104.5
7 3142 -344.4 -344.4
17 3142 -375.89 -375.89
7 3143 -262.58 -262.58
18 3143 -304.66 -304.66
29 3143 98.99 98.99
7 3144 -290.47 -290.47
21 3144 -140.74 -140.74
23 3144 -213.77 -213.77
26 3144 -71.77 -71.77
36 3144 119.81 119.81
42 3144 176.92 176.92
7 3145 -304.17 -304.17
19 3145 -318.02 -318.02
21 3145 -163.43 -163.43
23 3145 -238.55 -238.55
28 3145 -24.79 -24.79
7 3146 117.66 117.66
10 3146 109.61 109.61
13 3146 106.6 106.6
16 3146 98.53 98.53
22 3146 102.31 102.31
30 3146 92.08 92.08
7 3147 125.75 125.75
10 3147 112.72 112.72
11 3147 119.33 119.33
22 3147 101.6 101.6
30 3147 88.6 88.6
7 3148 364.07 364.07
22 3148 236.89 236.89
30 3148 198.55 198.55
34 3148 181.6 181.6
8 3149 165.03 165.03
20 3149 201.56 201.56
35 3149 220.5 220.5
8 3150 -329.94 -329.94
19 3150 193.07 193.07
8 3151 -317.74 -317.74
19 3151 203.75 203.75
8 3152 255.17 255.17
20 3152 348.92 348.92
8 3153 -153.88 -153.88
20 3153 -269.21 -269.21
25 3153 294.71 294.71
8 3154 -10.5 -10.5
17 3154 -51.16 -51.16
20 3154 -41.74 -41.74
8 3155 -188.86 -188.86
18 3155 308.16 308.16
19 3155 356.83 356.83
24 3155 258.82 258.82
8 3156 -310.46 -310.46
21 3156 323.61 323.61
8 3157 -278.43 -278.43
19 3157 206 206
24 3157 30.99 30.99
8 3158 -211.45 -211.45
18 3158 298.27 298.27
19 3158 331.7 331.7
23 3158 368.39 368.39
24 3158 263.05 263.05
27 3158 227.7 227.7
8 3159 -142.48 -142.48
9 3159 -156.12 -156.12
20 3159 -220.54 -220.54
8 3160 -318.2 -318.2
21 3160 287.74 287.74
8 3161 -284.29 -284.29
19 3161 237.44 237.44
8 3162 -255.27 -255.27
18 3162 145.07 145.07
19 3162 231.56 231.56
8 3163 -356.18 -356.18
19 3163 145.85 145.85
8 3164 -383.36 -383.36
19 3164 122.59 122.59
24 3164 -36.91 -36.91
8 3165 107.09 107.09
9 3165 107.83 107.83
12 3165 110.96 110.96
14 3165 109.5 109.5
15 3165 112.23 112.23
17 3165 114 114
20 3165 113.12 113.12
8 3166 -343.03 -343.03
18 3166 138.76 138.76
31 3166 -49.73 -49.73
8 3167 -309.67 -309.67
18 3167 171.5 171.5
8 3168 -179.35 -179.35
19 3168 347.96 347.96
8 3169 -240.97 -240.97
19 3169 290.94 290.94
21 3169 365.05 365.05
25 3169 139.98 139.98
27 3169 180.97 180.97
8 3170 -325.34 -325.34
19 3170 200.29 200.29
23 3170 239.67 239.67
8 3171 -339.99 -339.99
19 3171 186.84 186.84
8 3172 -45.88 -45.88
17 3172 -70.61 -70.61
8 3173 -221.11 -221.11
19 3173 319.45 319.45
27 3173 219.15 219.15
8 3174 -230.21 -230.21
19 3174 275.34 275.34
23 3174 344.86 344.86
8 3175 -48.92 -48.92
9 3175 -52.66 -52.66
12 3175 -58.6 -58.6
14 3175 -55.69 -55.69
15 3175 -61.88 -61.88
17 3175 -71.3 -71.3
20 3175 -66.56 -66.56
33 3175 -78.57 -78.57
35 3175 -75.62 -75.62
38 3175 -81.23 -81.23
47 3175 -87.75 -87.75
8 3176 -188.3 -188.3
18 3176 240.97 240.97
19 3176 326.94 326.94
9 3177 106.6 106.6
12 3177 109.93 109.93
14 3177 107.99 107.99
20 3177 112.16 112.16
38 3177 120.77 120.77
47 3177 123.33 123.33
9 3178 188.66 188.66
12 3178 202.61 202.61
14 3178 195.73 195.73
17 3178 224.51 224.51
20 3178 216.62 216.62
35 3178 233.12 233.12
9 3179 -312.29 -312.29
18 3179 212.58 212.58
25 3179 89.9 89.9
27 3179 133.98 133.98
31 3179 44.67 44.67
32 3179 -46.22 -46.22
37 3179 0.0899963 0.0899963
40 3179 -205.51 -205.51
41 3179 -151.37 -151.37
44 3179 -97.65 -97.65
9 3180 -267.49 -267.49
18 3180 260.91 260.91
19 3180 296.03 296.03
25 3180 146.18 146.18
27 3180 186.75 186.75
9 3181 140.14 140.14
14 3181 143.43 143.43
15 3181 149.02 149.02
17 3181 153.64 153.64
33 3181 159.73 159.73
9 3182 -329.18 -329.18
18 3182 197.04 197.04
9 3183 -327.41 -327.41
19 3183 239.05 239.05
23 3183 280.17 280.17
27 3183 116.29 116.29
9 3184 -60.91 -60.91
17 3184 -81.67 -81.67
20 3184 -76.58 -76.58
9 3185 -60.91 -60.91
20 3185 -76.58 -76.58
9 3186 154.39 154.39
17 3186 181.45 181.45
35 3186 187.85 187.85
38 3186 203.94 203.94
47 3186 214.33 214.33
9 3187 -211.16 -211.16
18 3187 336.17 336.17
9 3188 -230.88 -230.88
18 3188 292.77 292.77
9 3189 -55.93 -55.93
17 3189 -75.55 -75.55
9 3190 110.48 110.48
12 3190 113.96 113.96
14 3190 112.3 112.3
15 3190 115.64 115.64
17 3190 117.81 117.81
33 3190 120.75 120.75
35 3190 119.52 119.52
38 3190 122.73 122.73
47 3190 125.18 125.18
9 3191 91.52 91.52
12 3191 93.79 93.79
17 3191 95.43 95.43
20 3191 95.4 95.4
33 3191 96.2 96.2
35 3191 96.11 96.11
9 3192 -352.8 -352.8
18 3192 176.31 176.31
31 3192 -0.950012 -0.950012
46 3192 -323.28 -323.28
9 3193 -164.25 -164.25
17 3193 -262.14 -262.14
20 3193 -237.22 -237.22
27 3193 366.71 366.71
31 3193 302.3 302.3
33 3193 -325.14 -325.14
35 3193 -290.91 -290.91
37 3193 271.63 271.63
38 3193 -369.46 -369.46
40 3193 135.93 135.93
41 3193 170.71 170.71
44 3193 205.7 205.7
46 3193 103.77 103.77
48 3193 71.4 71.4
9 3194 -315.57 -315.57
18 3194 209.56 209.56
9 3195 186.57 186.57
20 3195 273.55 273.55
9 3196 223.21 223.21
17 3196 282.83 282.83
9 3197 -28.44 -28.44
20 3197 -66.28 -66.28
9 3198 -318.16 -318.16
18 3198 206.89 206.89
19 3198 246.28 246.28
27 3198 127.05 127.05
9 3199 -36.33 -36.33
17 3199 -53.4 -53.4
33 3199 -62.51 -62.51
35 3199 -57.75 -57.75
9 3200 92.98 92.98
14 3200 94.66 94.66
15 3200 97.03 97.03
17 3200 98.64 98.64
20 3200 97.91 97.91
9 3201 -365.64 -365.64
21 3201 291.54 291.54
23 3201 250.54 250.54
24 3201 125.03 125.03
25 3201 35.44 35.44
27 3201 82.37 82.37
31 3201 -13.74 -13.74
32 3201 -112.04 -112.04
37 3201 -61.98 -61.98
40 3201 -286.25 -286.25
41 3201 -226.82 -226.82
44 3201 -168.45 -168.45
46 3201 -341.87 -341.87
48 3201 -397.25 -397.25
9 3202 260.2 260.2
14 3202 275.68 275.68
17 3202 352.84 352.84
35 3202 378.88 378.88
9 3203 162.85 162.85
17 3203 200.99 200.99
20 3203 193.44 193.44
9 3204 -337.59 -337.59
23 3204 270.44 270.44
24 3204 149.04 149.04
27 3204 108.28 108.28
37 3204 -29.51 -29.51
40 3204 -244.63 -244.63
41 3204 -187.55 -187.55
44 3204 -131.6 -131.6
46 3204 -297.8 -297.8
48 3204 -350.72 -350.72
10 3205 -55.47 -55.47
22 3205 -47.95 -47.95
10 3206 -374.78 -374.78
21 3206 -347.06 -347.06
10 3207 -134.45 -134.45
22 3207 -107.04 -107.04
10 3208 96.72 96.72
11 3208 101.78 101.78
16 3208 82.91 82.91
10 3209 -71.86 -71.86
13 3209 -65.58 -65.58
16 3209 -61 -61
22 3209 -63.09 -63.09
10 3210 -55.42 -55.42
13 3210 -50.94 -50.94
22 3210 -48.41 -48.41
10 3211 -24.29 -24.29
16 3211 -22.54 -22.54
10 3212 -27.3 -27.3
13 3212 -25.14 -25.14
16 3212 -24.75 -24.75
10 3213 207.98 207.98
11 3213 222.64 222.64
16 3213 174.78 174.78
10 3214 274.29 274.29
16 3214 209.17 209.17
10 3215 267.89 267.89
16 3215 203.96 203.96
22 3215 221.85 221.85
10 3216 173.84 173.84
16 3216 145.78 145.78
10 3217 187.39 187.39
13 3217 178.51 178.51
16 3217 160.72 160.72
22 3217 169.14 169.14
10 3218 187.39 187.39
13 3218 178.51 178.51
16 3218 160.72 160.72
22 3218 169.14 169.14
10 3219 198.28 198.28
13 3219 188.4 188.4
16 3219 168.72 168.72
22 3219 177.93 177.93
30 3219 157.46 157.46
10 3220 187.32 187.32
11 3220 197.9 197.9
16 3220 160.34 160.34
22 3220 168.84 168.84
30 3220 149.99 149.99
10 3221 183.66 183.66
13 3221 175.14 175.14
16 3221 158.1 158.1
22 3221 166.24 166.24
30 3221 147.78 147.78
34 3221 137.04 137.04
10 3222 186.92 186.92
11 3222 197.81 197.81
16 3222 160.02 160.02
22 3222 168.76 168.76
10 3223 338.59 338.59
22 3223 266.07 266.07
10 3224 182.85 182.85
13 3224 171 171
16 3224 149.25 149.25
22 3224 159.45 159.45
30 3224 137.97 137.97
10 3225 188.05 188.05
13 3225 177.97 177.97
16 3225 157.35 157.35
22 3225 167.43 167.43
30 3225 145.92 145.92
43 3225 129.45 129.45
10 3226 119.86 119.86
13 3226 116.32 116.32
16 3226 106.75 106.75
22 3226 111.84 111.84
30 3226 99.52 99.52
34 3226 91.71 91.71
39 3226 91.87 91.87
43 3226 88.53 88.53
10 3227 212.94 212.94
13 3227 201.36 201.36
16 3227 178.64 178.64
10 3228 202.43 202.43
11 3228 215.29 215.29
16 3228 171.39 171.39
22 3228 181.11 181.11
30 3228 159.92 159.92
34 3228 148.25 148.25
10 3229 181.21 181.21
16 3229 151.57 151.57
10 3230 194.45 194.45
13 3230 184.87 184.87
16 3230 165.85 165.85
22 3230 174.88 174.88
30 3230 155 155
10 3231 204.5 204.5
13 3231 193.73 193.73
16 3231 172.9 172.9
22 3231 182.76 182.76
30 3231 161.35 161.35
34 3231 149.44 149.44
10 3232 -146.21 -146.21
16 3232 -115.71 -115.71
22 3232 -124.03 -124.03
10 3233 -146.21 -146.21
16 3233 -115.71 -115.71
22 3233 -124.03 -124.03
10 3234 -79.75 -79.75
13 3234 -72.27 -72.27
16 3234 -61.75 -61.75
10 3235 142.59 142.59
16 3235 120.19 120.19
22 3235 127.83 127.83
30 3235 111.08 111.08
34 3235 101.81 101.81
39 3235 100.41 100.41
43 3235 97.88 97.88
45 3235 104.05 104.05
10 3236 168.18 168.18
11 3236 180 180
16 3236 140.74 140.74
22 3236 149.21 149.21
30 3236 130.25 130.25
34 3236 120.06 120.06
39 3236 116.99 116.99
43 3236 115.14 115.14
45 3236 120.03 120.03
10 3237 -32.16 -32.16
11 3237 -36.36 -36.36
13 3237 -28.26 -28.26
16 3237 -24.01 -24.01
22 3237 -26.29 -26.29
30 3237 -25.64 -25.64
34 3237 -28.47 -28.47
39 3237 -19.54 -19.54
43 3237 -26.58 -26.58
45 3237 -11.46 -11.46
10 3238 184.05 184.05
11 3238 199.08 199.08
22 3238 160.22 160.22
30 3238 138.79 138.79
34 3238 126.73 126.73
39 3238 121.24 121.24
43 3238 121.07 121.07
45 3238 124.11 124.11
10 3239 191.19 191.19
22 3239 168.02 168.02
34 3239 130.87 130.87
39 3239 129.01 129.01
43 3239 124.76 124.76
10 3240 293.6 293.6
22 3240 248.24 248.24
10 3241 161.91 161.91
13 3241 152.77 152.77
22 3241 142.6 142.6
10 3242 138.49 138.49
13 3242 131.97 131.97
16 3242 117.65 117.65
22 3242 124.78 124.78
10 3243 -303.81 -303.81
22 3243 -202.46 -202.46
10 3244 -64.61 -64.61
11 3244 -69.27 -69.27
16 3244 -54.9 -54.9
22 3244 -56.87 -56.87
30 3244 -55.79 -55.79
34 3244 -57.81 -57.81
39 3244 -47.55 -47.55
43 3244 -55.13 -55.13
45 3244 -38.3 -38.3
10 3245 -147.03 -147.03
16 3245 -107.71 -107.71
30 3245 -102.42 -102.42
34 3245 -99.46 -99.46
10 3246 330.75 330.75
22 3246 261.51 261.51
10 3247 121.86 121.86
13 3247 114.94 114.94
16 3247 101.5 101.5
22 3247 107.98 107.98
30 3247 92.76 92.76
34 3247 83.43 83.43
39 3247 82.44 82.44
43 3247 79.79 79.79
45 3247 85.99 85.99
10 3248 -51.59 -51.59
11 3248 -57.66 -57.66
16 3248 -39.9 -39.9
22 3248 -42.98 -42.98
30 3248 -40.27 -40.27
34 3248 -42.71 -42.71
43 3248 -40.53 -40.53
10 3249 154.26 154.26
13 3249 144.95 144.95
16 3249 126.84 126.84
30 3249 117.32 117.32
34 3249 106.86 106.86
39 3249 103.78 103.78
43 3249 101.08 101.08
10 3250 -134.04 -134.04
22 3250 -112.3 -112.3
10 3251 328 328
22 3251 259 259
10 3252 350.26 350.26
16 3252 248.38 248.38
43 3252 188.4 188.4
10 3253 210.18 210.18
13 3253 195.81 195.81
22 3253 187.43 187.43
10 3254 -84.83 -84.83
13 3254 -77.18 -77.18
16 3254 -68.47 -68.47
22 3254 -72.02 -72.02
30 3254 -67.57 -67.57
34 3254 -68.09 -68.09
10 3255 -113.01 -113.01
16 3255 -85.94 -85.94
22 3255 -93.29 -93.29
30 3255 -83.22 -83.22
34 3255 -81.53 -81.53
39 3255 -66.96 -66.96
43 3255 -76.8 -76.8
45 3255 -55.53 -55.53
10 3256 149.56 149.56
11 3256 157.17 157.17
13 3256 143.23 143.23
16 3256 131.41 131.41
22 3256 137.64 137.64
30 3256 123.24 123.24
10 3257 -84.27 -84.27
13 3257 -76.44 -76.44
16 3257 -68.01 -68.01
22 3257 -71.59 -71.59
30 3257 -67.54 -67.54
34 3257 -68.04 -68.04
39 3257 -55.94 -55.94
43 3257 -64.73 -64.73
11 3258 110.37 110.37
22 3258 98.52 98.52
30 3258 87.59 87.59
34 3258 80.14 80.14
11 3259 -149.21 -149.21
22 3259 -111.5 -111.5
11 3260 -96.62 -96.62
22 3260 -70.95 -70.95
11 3261 -188.58 -188.58
16 3261 -131.06 -131.06
22 3261 -140.93 -140.93
11 3262 -380.29 -380.29
21 3262 -355.75 -355.75
26 3262 -269.44 -269.44
29 3262 -108.5 -108.5
11 3263 198.35 198.35
22 3263 169.65 169.65
11 3264 -110.61 -110.61
16 3264 -77.09 -77.09
22 3264 -82.55 -82.55
39 3264 -59.93 -59.93
45 3264 -49 -49
11 3265 -39.49 -39.49
22 3265 -31.58 -31.58
11 3266 302.84 302.84
22 3266 224.07 224.07
11 3267 196.39 196.39
16 3267 148.26 148.26
34 3267 125.07 125.07
11 3268 -260.43 -260.43
21 3268 -115.48 -115.48
26 3268 -53.49 -53.49
28 3268 6.60998 6.60998
29 3268 66.57 66.57
36 3268 121.75 121.75
11 3269 212.99 212.99
22 3269 172.43 172.43
30 3269 149.66 149.66
34 3269 138.63 138.63
39 3269 132.24 132.24
43 3269 131.71 131.71
45 3269 134.83 134.83
12 3270 -316.75 -316.75
15 3270 -366.85 -366.85
12 3271 -121.21 -121.21
15 3271 -130.33 -130.33
17 3271 -154.84 -154.84
12 3272 -125.98 -125.98
15 3272 -135.42 -135.42
17 3272 -161.3 -161.3
35 3272 -173.83 -173.83
12 3273 177.72 177.72
15 3273 184.52 184.52
20 3273 191.43 191.43
35 3273 209.12 209.12
12 3274 190.61 190.61
14 3274 182.53 182.53
17 3274 216.02 216.02
20 3274 206.33 206.33
35 3274 226.16 226.16
12 3275 -47.36 -47.36
14 3275 -44.46 -44.46
15 3275 -50.16 -50.16
17 3275 -58.62 -58.62
33 3275 -68.52 -68.52
35 3275 -63.01 -63.01
38 3275 -74.22 -74.22
12 3276 106.38 106.38
14 3276 104.9 104.9
15 3276 107.98 107.98
17 3276 110.44 110.44
20 3276 108.99 108.99
33 3276 114.37 114.37
35 3276 112.28 112.28
38 3276 117.08 117.08
12 3277 286.94 286.94
15 3277 304.26 304.26
17 3277 345.69 345.69
20 3277 323.3 323.3
35 3277 370.66 370.66
12 3278 247.58 247.58
15 3278 259.42 259.42
17 3278 286.75 286.75
20 3278 272.29 272.29
33 3278 320.72 320.72
35 3278 302.72 302.72
38 3278 343.18 343.18
47 3278 369.93 369.93
12 3279 -213.9 -213.9
15 3279 -219.79 -219.79
17 3279 -234.74 -234.74
20 3279 -227.08 -227.08
24 3279 363.92 363.92
25 3279 344.94 344.94
27 3279 355.27 355.27
31 3279 334.81 334.81
32 3279 317.53 317.53
33 3279 -248.14 -248.14
35 3279 -241.46 -241.46
37 3279 326.02 326.02
38 3279 -255.69 -255.69
40 3279 294.44 294.44
41 3279 300.74 300.74
44 3279 308.61 308.61
46 3279 292.08 292.08
47 3279 -262.38 -262.38
12 3280 270.87 270.87
15 3280 285.46 285.46
17 3280 320.54 320.54
20 3280 301.68 301.68
33 3280 365.4 365.4
35 3280 341.5 341.5
12 3281 256.5 256.5
17 3281 299.44 299.44
35 3281 317.11 317.11
38 3281 362.34 362.34
47 3281 392.5 392.5
12 3282 -141.39 -141.39
17 3282 -181.71 -181.71
20 3282 -166.25 -166.25
12 3283 260.35 260.35
17 3283 304.82 304.82
35 3283 323.2 323.2
12 3284 260.35 260.35
15 3284 273.51 273.51
17 3284 304.82 304.82
35 3284 323.2 323.2
12 3285 251.21 251.21
15 3285 263.44 263.44
17 3285 291.87 291.87
20 3285 276.88 276.88
33 3285 327.4 327.4
35 3285 308.51 308.51
38 3285 350.8 350.8
47 3285 379.16 379.16
12 3286 251.21 251.21
17 3286 291.87 291.87
33 3286 327.4 327.4
35 3286 308.51 308.51
38 3286 350.8 350.8
47 3286 379.16 379.16
12 3287 -92.47 -92.47
15 3287 -98.1 -98.1
17 3287 -112.75 -112.75
12 3288 -81.48 -81.48
17 3288 -101.1 -101.1
20 3288 -93.75 -93.75
12 3289 162.48 162.48
15 3289 167.82 167.82
17 3289 178.7 178.7
20 3289 172.85 172.85
33 3289 192.18 192.18
35 3289 184.97 184.97
38 3289 200.59 200.59
47 3289 210.91 210.91
12 3290 168.72 168.72
15 3290 174.82 174.82
17 3290 186.54 186.54
20 3290 179.46 179.46
33 3290 199.92 199.92
35 3290 192.33 192.33
38 3290 208.66 208.66
47 3290 219.49 219.49
12 3291 292.87 292.87
20 3291 333.46 333.46
12 3292 -224.58 -224.58
17 3292 -315.4 -315.4
18 3292 380.52 380.52
20 3292 -278.93 -278.93
35 3292 -355.98 -355.98
37 3292 214.94 214.94
12 3293 -146.21 -146.21
15 3293 -158.53 -158.53
20 3293 -173.25 -173.25
35 3293 -204.38 -204.38
12 3294 -137.03 -137.03
15 3294 -146.36 -146.36
17 3294 -170.96 -170.96
20 3294 -158.13 -158.13
33 3294 -197.87 -197.87
38 3294 -214.67 -214.67
40 3294 314.21 314.21
41 3294 338.33 338.33
44 3294 363.98 363.98
46 3294 292.29 292.29
47 3294 -232.82 -232.82
12 3295 -141.61 -141.61
20 3295 -164.1 -164.1
38 3295 -225.02 -225.02
44 3295 349.24 349.24
12 3296 -197.2 -197.2
20 3296 -236.03 -236.03
25 3296 334.13 334.13
12 3297 -197.2 -197.2
20 3297 -236.03 -236.03
25 3297 334.13 334.13
37 3297 275.38 275.38
12 3298 162.21 162.21
17 3298 178.5 178.5
33 3298 191.16 191.16
47 3298 210.18 210.18
12 3299 -136.98 -136.98
17 3299 -171.37 -171.37
12 3300 -35.03 -35.03
15 3300 -41.41 -41.41
17 3300 -59.22 -59.22
20 3300 -49.69 -49.69
12 3301 147.31 147.31
15 3301 156.18 156.18
20 3301 165.55 165.55
33 3301 207.62 207.62
35 3301 190.37 190.37
38 3301 229.21 229.21
47 3301 258.86 258.86
12 3302 -212.5 -212.5
20 3302 -271.27 -271.27
24 3302 367.81 367.81
25 3302 292.66 292.66
27 3302 334.12 334.12
12 3303 124.68 124.68
14 3303 119.97 119.97
20 3303 135.08 135.08
12 3304 124.68 124.68
14 3304 119.97 119.97
20 3304 135.08 135.08
12 3305 199.04 199.04
20 3305 247.99 247.99
35 3305 336.76 336.76
12 3306 -321.63 -321.63
19 3306 341.17 341.17
12 3307 254.34 254.34
20 3307 330.66 330.66
12 3308 64.38 64.38
20 3308 70.67 70.67
12 3309 -340.1 -340.1
18 3309 321.57 321.57
12 3310 -177.88 -177.88
15 3310 -207.24 -207.24
12 3311 195.66 195.66
20 3311 213.73 213.73
12 3312 -268.75 -268.75
18 3312 328.77 328.77
24 3312 295.45 295.45
25 3312 224.86 224.86
32 3312 111.45 111.45
40 3312 -17.76 -17.76
41 3312 25.4 25.4
48 3312 -101.68 -101.68
12 3313 258.75 258.75
20 3313 286.57 286.57
12 3314 171.37 171.37
14 3314 166.94 166.94
15 3314 175.63 175.63
17 3314 184.58 184.58
33 3314 194.55 194.55
35 3314 189.18 189.18
38 3314 201.21 201.21
12 3315 -374.62 -374.62
18 3315 233.3 233.3
12 3316 -174.55 -174.55
15 3316 -189.47 -189.47
20 3316 -207.88 -207.88
12 3317 -163.5 -163.5
15 3317 -176.94 -176.94
20 3317 -193.21 -193.21
32 3317 314.47 314.47
33 3317 -251.75 -251.75
35 3317 -230.36 -230.36
37 3317 341.69 341.69
38 3317 -278.28 -278.28
41 3317 255.12 255.12
44 3317 284.79 284.79
47 3317 -307.96 -307.96
12 3318 -20.83 -20.83
14 3318 -16.69 -16.69
15 3318 -24.98 -24.98
17 3318 -36.46 -36.46
20 3318 -30.79 -30.79
33 3318 -49.51 -49.51
35 3318 -43.3 -43.3
38 3318 -58.09 -58.09
47 3318 -67.8 -67.8
12 3319 -32.55 -32.55
20 3319 -53.41 -53.41
12 3320 206.94 206.94
17 3320 303.43 303.43
20 3320 261.16 261.16
12 3321 70.61 70.61
17 3321 94.36 94.36
12 3322 -230.44 -230.44
15 3322 -268.76 -268.76
12 3323 -230.44 -230.44
15 3323 -268.76 -268.76
12 3324 -312.96 -312.96
15 3324 -361.69 -361.69
12 3325 -179.88 -179.88
15 3325 -208.64 -208.64
12 3326 -121.68 -121.68
20 3326 -144.49 -144.49
12 3327 170.79 170.79
15 3327 177.94 177.94
17 3327 191.15 191.15
20 3327 184.44 184.44
33 3327 206.77 206.77
35 3327 199.57 199.57
12 3328 191.28 191.28
14 3328 183.55 183.55
20 3328 206.66 206.66
33 3328 235.23 235.23
12 3329 113.96 113.96
14 3329 112.3 112.3
15 3329 115.64 115.64
17 3329 117.81 117.81
20 3329 116.65 116.65
33 3329 120.75 120.75
35 3329 119.52 119.52
38 3329 122.73 122.73
47 3329 125.18 125.18
12 3330 -383.03 -383.03
18 3330 233.41 233.41
25 3330 114.9 114.9
27 3330 157.48 157.48
31 3330 71.5 71.5
32 3330 -15.92 -15.92
37 3330 28.35 28.35
41 3330 -116.79 -116.79
44 3330 -65.47 -65.47
48 3330 -267.08 -267.08
12 3331 -375.92 -375.92
23 3331 314.28 314.28
31 3331 76.54 76.54
32 3331 -10.79 -10.79
12 3332 -375.92 -375.92
23 3332 314.28 314.28
31 3332 76.54 76.54
32 3332 -10.79 -10.79
44 3332 -59.48 -59.48
12 3333 -191.36 -191.36
15 3333 -196.93 -196.93
17 3333 -209.06 -209.06
20 3333 -202.62 -202.62
31 3333 371.13 371.13
32 3333 354.09 354.09
33 3333 -220.41 -220.41
37 3333 362.05 362.05
38 3333 -226.33 -226.33
41 3333 338.62 338.62
47 3333 -231.97 -231.97
48 3333 334.79 334.79
12 3334 -180.47 -180.47
14 3334 -165.63 -165.63
20 3334 -216.24 -216.24
12 3335 -180.47 -180.47
14 3335 -165.63 -165.63
17 3335 -238.83 -238.83
20 3335 -216.24 -216.24
25 3335 362.77 362.77
31 3335 331.32 331.32
32 3335 271.1 271.1
33 3335 -291.76 -291.76
35 3335 -263.17 -263.17
37 3335 301.79 301.79
38 3335 -327.71 -327.71
40 3335 171.61 171.61
41 3335 205.13 205.13
44 3335 238.05 238.05
46 3335 141.56 141.56
47 3335 -371.07 -371.07
48 3335 111.64 111.64
12 3336 -87.45 -87.45
14 3336 -82.65 -82.65
20 3336 -99.25 -99.25
12 3337 -27.04 -27.04
15 3337 -31.69 -31.69
17 3337 -45.75 -45.75
20 3337 -38.38 -38.38
12 3338 143.5 143.5
20 3338 160.84 160.84
12 3339 130.61 130.61
15 3339 137.08 137.08
20 3339 145.03 145.03
12 3340 -30.98 -30.98
20 3340 -50.44 -50.44
12 3341 73.96 73.96
20 3341 79.37 79.37
12 3342 -121.73 -121.73
17 3342 -158.01 -158.01
20 3342 -144.35 -144.35
12 3343 -354.33 -354.33
18 3343 252.52 252.52
19 3343 290.23 290.23
21 3343 363.93 363.93
23 3343 328 328
25 3343 137.85 137.85
27 3343 179.58 179.58
37 3343 54.92 54.92
44 3343 -35.73 -35.73
46 3343 -182.16 -182.16
12 3344 159.99 159.99
15 3344 165.06 165.06
17 3344 174.38 174.38
20 3344 169.67 169.67
33 3344 185.32 185.32
35 3344 179.31 179.31
12 3345 193.49 193.49
17 3345 253.07 253.07
20 3345 228.75 228.75
33 3345 323.4 323.4
35 3345 283.16 283.16
38 3345 382.2 382.2
12 3346 278.37 278.37
20 3346 357.46 357.46
12 3347 -120.42 -120.42
15 3347 -129.44 -129.44
20 3347 -141.99 -141.99
12 3348 -121.56 -121.56
15 3348 -130.95 -130.95
17 3348 -155.96 -155.96
12 3349 136.43 136.43
20 3349 152.2 152.2
12 3350 -306.61 -306.61
18 3350 306.53 306.53
12 3351 186.81 186.81
15 3351 194.3 194.3
20 3351 201.92 201.92
12 3352 247.28 247.28
15 3352 258.64 258.64
17 3352 285.4 285.4
33 3352 317.9 317.9
35 3352 300.62 300.62
38 3352 339.18 339.18
12 3353 -179.57 -179.57
15 3353 -193.86 -193.86
17 3353 -232.68 -232.68
20 3353 -211.54 -211.54
31 3353 338.06 338.06
37 3353 311.08 311.08
38 3353 -309.91 -309.91
12 3354 -254 -254
16 3354 -229.79 -229.79
24 3354 314.41 314.41
12 3355 -191.31 -191.31
15 3355 -221.78 -221.78
12 3356 195.74 195.74
15 3356 202.87 202.87
20 3356 210.02 210.02
12 3357 195.19 195.19
14 3357 188.08 188.08
15 3357 202.64 202.64
17 3357 218.18 218.18
20 3357 210.19 210.19
35 3357 227.45 227.45
12 3358 -111.14 -111.14
20 3358 -131.36 -131.36
12 3359 -164.65 -164.65
20 3359 -194.12 -194.12
33 3359 -254.97 -254.97
12 3360 314.62 314.62
15 3360 334.63 334.63
20 3360 358.78 358.78
12 3361 -85.45 -85.45
20 3361 -106.02 -106.02
12 3362 -72.31 -72.31
15 3362 -76.72 -76.72
17 3362 -89.65 -89.65
20 3362 -83.12 -83.12
13 3363 -126.54 -126.54
22 3363 -116.32 -116.32
13 3364 -63.34 -63.34
22 3364 -58.14 -58.14
13 3365 -30.49 -30.49
16 3365 -28.14 -28.14
22 3365 -28.75 -28.75
30 3365 -30.26 -30.26
13 3366 -50.14 -50.14
16 3366 -45.85 -45.85
13 3367 -265.77 -265.77
18 3367 -81.42 -81.42
13 3368 -387.34 -387.34
16 3368 -281.81 -281.81
22 3368 -328.21 -328.21
13 3369 259.86 259.86
22 3369 236.56 236.56
13 3370 176.47 176.47
16 3370 154.88 154.88
22 3370 164.96 164.96
30 3370 143.56 143.56
13 3371 303.46 303.46
22 3371 270.23 270.23
13 3372 -174.88 -174.88
22 3372 -159.94 -159.94
13 3373 -107.24 -107.24
22 3373 -98.96 -98.96
13 3374 163.72 163.72
16 3374 144.28 144.28
13 3375 -56.81 -56.81
16 3375 -52.39 -52.39
22 3375 -54.26 -54.26
13 3376 -358.59 -358.59
22 3376 -302.57 -302.57
36 3376 -165.76 -165.76
13 3377 -345.24 -345.24
22 3377 -293.07 -293.07
29 3377 -234.3 -234.3
36 3377 -149.5 -149.5
13 3378 -338.03 -338.03
22 3378 -287.74 -287.74
29 3378 -223.96 -223.96
36 3378 -140 -140
42 3378 -64.68 -64.68
13 3379 -140.27 -140.27
22 3379 -129.1 -129.1
13 3380 -149.5 -149.5
16 3380 -126.95 -126.95
22 3380 -137.48 -137.48
30 3380 -121.85 -121.85
34 3380 -119.18 -119.18
43 3380 -112.39 -112.39
13 3381 347.7 347.7
16 3381 319.85 319.85
13 3382 -101.19 -101.19
16 3382 -84.62 -84.62
13 3383 -296.42 -296.42
22 3383 -255.88 -255.88
13 3384 -243.07 -243.07
22 3384 -176.64 -176.64
13 3385 -77.34 -77.34
22 3385 -70.94 -70.94
13 3386 -77.34 -77.34
22 3386 -70.94 -70.94
13 3387 135.65 135.65
16 3387 120.14 120.14
39 3387 100.24 100.24
43 3387 98.14 98.14
45 3387 103.87 103.87
13 3388 -51.22 -51.22
16 3388 -47.42 -47.42
22 3388 -48.81 -48.81
30 3388 -48.34 -48.34
34 3388 -50.59 -50.59
39 3388 -40.81 -40.81
43 3388 -48.27 -48.27
45 3388 -31.73 -31.73
13 3389 -351.08 -351.08
22 3389 -297.21 -297.21
29 3389 -242.63 -242.63
36 3389 -157.01 -157.01
13 3390 -320.29 -320.29
22 3390 -274.63 -274.63
13 3391 201.36 201.36
16 3391 178.64 178.64
22 3391 189.3 189.3
30 3391 166.37 166.37
13 3392 -317.93 -317.93
22 3392 -272.44 -272.44
34 3392 -200.82 -200.82
13 3393 363.6 363.6
22 3393 315.47 315.47
13 3394 256.65 256.65
16 3394 220.81 220.81
13 3395 169.03 169.03
16 3395 139.31 139.31
13 3396 357.98 357.98
16 3396 268.83 268.83
13 3397 -225.3 -225.3
22 3397 -164.73 -164.73
13 3398 -86.62 -86.62
16 3398 -73.39 -73.39
30 3398 -70.8 -70.8
13 3399 -104.14 -104.14
16 3399 -85.31 -85.31
22 3399 -93.57 -93.57
30 3399 -81.24 -81.24
34 3399 -79.7 -79.7
43 3399 -74.11 -74.11
13 3400 -104.14 -104.14
16 3400 -85.31 -85.31
22 3400 -93.57 -93.57
13 3401 196.76 196.76
16 3401 175.55 175.55
30 3401 163.81 163.81
13 3402 -383.36 -383.36
22 3402 -250.59 -250.59
13 3403 -361.4 -361.4
16 3403 -264.22 -264.22
22 3403 -304.79 -304.79
29 3403 -255.73 -255.73
30 3403 -236.93 -236.93
13 3404 -361.4 -361.4
22 3404 -304.79 -304.79
29 3404 -255.73 -255.73
30 3404 -236.93 -236.93
36 3404 -169.25 -169.25
13 3405 -355.12 -355.12
16 3405 -260.37 -260.37
29 3405 -246.94 -246.94
36 3405 -161.61 -161.61
13 3406 -337.93 -337.93
16 3406 -250.49 -250.49
22 3406 -287.36 -287.36
30 3406 -225.56 -225.56
34 3406 -208.22 -208.22
36 3406 -141.39 -141.39
13 3407 -334.73 -334.73
16 3407 -249.28 -249.28
22 3407 -285.16 -285.16
29 3407 -218.04 -218.04
30 3407 -224.7 -224.7
34 3407 -207.76 -207.76
36 3407 -135.1 -135.1
39 3407 -167.77 -167.77
43 3407 -189.93 -189.93
45 3407 -146.5 -146.5
13 3408 -334.73 -334.73
16 3408 -249.28 -249.28
22 3408 -285.16 -285.16
29 3408 -218.04 -218.04
30 3408 -224.7 -224.7
34 3408 -207.76 -207.76
36 3408 -135.1 -135.1
13 3409 293.74 293.74
16 3409 236.61 236.61
13 3410 197.84 197.84
16 3410 168.35 168.35
22 3410 181.23 181.23
30 3410 155.57 155.57
34 3410 140.25 140.25
39 3410 134.3 134.3
45 3410 133.33 133.33
13 3411 316.77 316.77
22 3411 278.22 278.22
30 3411 222.19 222.19
39 3411 180.8 180.8
43 3411 185.5 185.5
45 3411 178.46 178.46
13 3412 -341.9 -341.9
16 3412 -167.02 -167.02
13 3413 -376.17 -376.17
16 3413 -180.57 -180.57
22 3413 -246 -246
30 3413 -144.51 -144.51
34 3413 -122.72 -122.72
13 3414 -112.21 -112.21
22 3414 -103.05 -103.05
13 3415 -72.89 -72.89
16 3415 -62.09 -62.09
22 3415 -66.71 -66.71
13 3416 -109.14 -109.14
16 3416 -93.14 -93.14
22 3416 -100.43 -100.43
30 3416 -89.48 -89.48
34 3416 -87.84 -87.84
13 3417 -386.12 -386.12
22 3417 -323.3 -323.3
13 3418 -381.51 -381.51
16 3418 -275.05 -275.05
22 3418 -319.54 -319.54
29 3418 -280.38 -280.38
30 3418 -245.17 -245.17
34 3418 -224.69 -224.69
39 3418 -178.81 -178.81
43 3418 -203.05 -203.05
45 3418 -155.85 -155.85
13 3419 -344.03 -344.03
22 3419 -291.6 -291.6
29 3419 -232.87 -232.87
36 3419 -148.23 -148.23
13 3420 -341.31 -341.31
16 3420 -259.15 -259.15
34 3420 -213.99 -213.99
45 3420 -148.63 -148.63
13 3421 -325.28 -325.28
16 3421 -243.16 -243.16
22 3421 -277.85 -277.85
30 3421 -220.6 -220.6
34 3421 -203.92 -203.92
39 3421 -164.65 -164.65
43 3421 -186.15 -186.15
45 3421 -144.25 -144.25
13 3422 -126.18 -126.18
16 3422 -109.71 -109.71
30 3422 -106.55 -106.55
13 3423 360.64 360.64
22 3423 239.95 239.95
30 3423 149.18 149.18
13 3424 360.64 360.64
22 3424 239.95 239.95
30 3424 149.18 149.18
13 3425 -313.46 -313.46
16 3425 -235.67 -235.67
22 3425 -268.68 -268.68
30 3425 -213.73 -213.73
34 3425 -198.4 -198.4
39 3425 -159.57 -159.57
42 3425 -34.21 -34.21
43 3425 -180.97 -180.97
45 3425 -139.49 -139.49
13 3426 -327.48 -327.48
22 3426 -277.69 -277.69
30 3426 -222.26 -222.26
39 3426 -166.74 -166.74
43 3426 -188.34 -188.34
45 3426 -146.38 -146.38
13 3427 -102.76 -102.76
16 3427 -90.98 -90.98
22 3427 -96.24 -96.24
30 3427 -88.17 -88.17
13 3428 -239.51 -239.51
22 3428 -200.44 -200.44
13 3429 271.41 271.41
16 3429 223.95 223.95
22 3429 245.3 245.3
13 3430 327.21 327.21
22 3430 285.71 285.71
14 3431 -289.54 -289.54
19 3431 306.66 306.66
23 3431 341.93 341.93
24 3431 239.88 239.88
27 3431 206.41 206.41
14 3432 -31.1 -31.1
20 3432 -39.95 -39.95
35 3432 -47.59 -47.59
47 3432 -60.53 -60.53
14 3433 -280.86 -280.86
18 3433 280.65 280.65
23 3433 349.63 349.63
14 3434 173.89 173.89
20 3434 195.91 195.91
33 3434 224.69 224.69
14 3435 -267.65 -267.65
19 3435 330.26 330.26
24 3435 263 263
27 3435 228.97 228.97
14 3436 254.66 254.66
20 3436 298.85 298.85
33 3436 361.67 361.67
35 3436 337.84 337.84
38 3436 391.38 391.38
14 3437 -264.42 -264.42
20 3437 -389.31 -389.31
14 3438 158.37 158.37
20 3438 174.16 174.16
35 3438 186.24 186.24
14 3439 158.37 158.37
20 3439 174.16 174.16
14 3440 282.01 282.01
20 3440 337.56 337.56
14 3441 -149.97 -149.97
20 3441 -328.86 -328.86
32 3441 -107.76 -107.76
37 3441 22.52 22.52
44 3441 -267.46 -267.46
14 3442 -247.26 -247.26
20 3442 -321.74 -321.74
14 3443 -358.09 -358.09
19 3443 252.71 252.71
21 3443 330.62 330.62
24 3443 174.74 174.74
25 3443 91.46 91.46
31 3443 46.09 46.09
32 3443 -44.16 -44.16
40 3443 -203.06 -203.06
44 3443 -95.61 -95.61
46 3443 -254.07 -254.07
14 3444 -348.88 -348.88
21 3444 336.78 336.78
23 3444 298.46 298.46
14 3445 -298.5 -298.5
18 3445 264.27 264.27
19 3445 299.88 299.88
23 3445 337.09 337.09
24 3445 228.11 228.11
27 3445 191.26 191.26
31 3445 109.14 109.14
14 3446 -367.87 -367.87
19 3446 246.27 246.27
24 3446 167.32 167.32
25 3446 83.33 83.33
27 3446 127.07 127.07
31 3446 37.01 37.01
14 3447 -344.8 -344.8
19 3447 258.61 258.61
24 3447 188.68 188.68
32 3447 -4.26001 -4.26001
44 3447 -47.95 -47.95
46 3447 -182.41 -182.41
48 3447 -225.47 -225.47
14 3448 -340.74 -340.74
19 3448 261.71 261.71
24 3448 191.91 191.91
44 3448 -43.89 -43.89
46 3448 -176.99 -176.99
48 3448 -220.22 -220.22
14 3449 -363.44 -363.44
19 3449 249.38 249.38
14 3450 -295.75 -295.75
19 3450 302.86 302.86
24 3450 231.69 231.69
14 3451 147.05 147.05
15 3451 153.32 153.32
17 3451 159.22 159.22
20 3451 156.45 156.45
33 3451 166.41 166.41
35 3451 162.28 162.28
38 3451 170.49 170.49
14 3452 -344.37 -344.37
18 3452 224.13 224.13
19 3452 259.13 259.13
24 3452 189.01 189.01
25 3452 114.86 114.86
27 3452 153.87 153.87
31 3452 75.13 75.13
32 3452 -3.94 -3.94
37 3452 36.01 36.01
44 3452 -47.95 -47.95
46 3452 -182.42 -182.42
48 3452 -225.12 -225.12
14 3453 -328.04 -328.04
20 3453 -374.67 -374.67
14 3454 -363.9 -363.9
18 3454 209.86 209.86
19 3454 248.95 248.95
23 3454 288.95 288.95
24 3454 171.66 171.66
25 3454 86.43 86.43
31 3454 42.11 42.11
32 3454 -50.02 -50.02
44 3454 -102.78 -102.78
46 3454 -260.64 -260.64
14 3455 -265.4 -265.4
18 3455 299.32 299.32
19 3455 347.68 347.68
15 3456 224.65 224.65
17 3456 245.3 245.3
20 3456 234.27 234.27
33 3456 271.32 271.32
35 3456 258.07 258.07
15 3457 -100.97 -100.97
20 3457 -110.89 -110.89
15 3458 -111.95 -111.95
17 3458 -134.95 -134.95
20 3458 -122.92 -122.92
33 3458 -161.49 -161.49
35 3458 -146.91 -146.91
38 3458 -179.86 -179.86
15 3459 -340.95 -340.95
18 3459 296.61 296.61
24 3459 261.8 261.8
15 3460 293.4 293.4
17 3460 330.99 330.99
20 3460 310.61 310.61
33 3460 379.7 379.7
35 3460 353.57 353.57
15 3461 300.56 300.56
17 3461 340.73 340.73
33 3461 392.69 392.69
35 3461 364.92 364.92
15 3462 285.85 285.85
17 3462 321.26 321.26
20 3462 302.59 302.59
33 3462 366.84 366.84
35 3462 342.77 342.77
15 3463 269.56 269.56
17 3463 299.72 299.72
20 3463 283.56 283.56
33 3463 338.86 338.86
35 3463 317.75 317.75
38 3463 364.62 364.62
15 3464 296.1 296.1
17 3464 334.88 334.88
20 3464 314.44 314.44
33 3464 384.95 384.95
35 3464 358.29 358.29
15 3465 -357.69 -357.69
18 3465 284.54 284.54
27 3465 214.14 214.14
31 3465 134.47 134.47
40 3465 -82.71 -82.71
48 3465 -172.09 -172.09
15 3466 275.98 275.98
17 3466 308.17 308.17
20 3466 290.97 290.97
33 3466 348.9 348.9
35 3466 327.01 327.01
38 3466 376.04 376.04
15 3467 -182.01 -182.01
17 3467 -219.84 -219.84
20 3467 -200.3 -200.3
31 3467 356.23 356.23
32 3467 298.33 298.33
33 3467 -266.27 -266.27
35 3467 -241.41 -241.41
37 3467 326.46 326.46
38 3467 -296.31 -296.31
40 3467 203.87 203.87
41 3467 235.06 235.06
46 3467 175.15 175.15
47 3467 -331.58 -331.58
48 3467 146.94 146.94
15 3468 -198 -198
17 3468 -241.64 -241.64
15 3469 -153.14 -153.14
17 3469 -182.8 -182.8
20 3469 -167.4 -167.4
33 3469 -217.7 -217.7
35 3469 -199.33 -199.33
38 3469 -240.18 -240.18
40 3469 269.57 269.57
41 3469 299.31 299.31
46 3469 243.5 243.5
47 3469 -265.29 -265.29
48 3469 217.41 217.41
15 3470 -158.79 -158.79
17 3470 -189.58 -189.58
32 3470 348.82 348.82
33 3470 -225.45 -225.45
35 3470 -206.61 -206.61
37 3470 376.4 376.4
38 3470 -248.18 -248.18
41 3470 289 289
46 3470 233.79 233.79
47 3470 -274.38 -274.38
48 3470 208.13 208.13
15 3471 -272.62 -272.62
17 3471 -353.79 -353.79
20 3471 -309.04 -309.04
25 3471 254.49 254.49
15 3472 -198.2 -198.2
17 3472 -239.8 -239.8
32 3472 270.76 270.76
35 3472 -263.87 -263.87
38 3472 -326.73 -326.73
40 3472 174.67 174.67
41 3472 206.59 206.59
15 3473 149.94 149.94
17 3473 170.08 170.08
20 3473 159.18 159.18
33 3473 198.04 198.04
35 3473 182.99 182.99
38 3473 218.61 218.61
47 3473 246.7 246.7
15 3474 287.92 287.92
17 3474 387.35 387.35
20 3474 329.48 329.48
15 3475 190.78 190.78
17 3475 228.78 228.78
33 3475 289.48 289.48
35 3475 254.81 254.81
38 3475 339.53 339.53
15 3476 190.78 190.78
17 3476 228.78 228.78
33 3476 289.48 289.48
35 3476 254.81 254.81
38 3476 339.53 339.53
15 3477 195.76 195.76
17 3477 235.85 235.85
20 3477 213.37 213.37
35 3477 263.24 263.24
38 3477 353.92 353.92
15 3478 -170.84 -170.84
17 3478 -315.68 -315.68
20 3478 -225.69 -225.69
25 3478 351.88 351.88
15 3479 244.65 244.65
17 3479 323.87 323.87
20 3479 278.09 278.09
15 3480 -183.84 -183.84
17 3480 -343.95 -343.95
15 3481 255.76 255.76
17 3481 342.27 342.27
20 3481 291.91 291.91
15 3482 284.64 284.64
17 3482 390.22 390.22
15 3483 248 248
17 3483 330.07 330.07
20 3483 282.1 282.1
15 3484 243.68 243.68
17 3484 323.15 323.15
20 3484 276.93 276.93
35 3484 386.25 386.25
15 3485 255.4 255.4
17 3485 342.02 342.02
15 3486 246.69 246.69
17 3486 328.12 328.12
20 3486 280.8 280.8
15 3487 250.9 250.9
17 3487 335.48 335.48
20 3487 285.18 285.18
15 3488 -53.44 -53.44
17 3488 -83.21 -83.21
20 3488 -66.37 -66.37
15 3489 -145.05 -145.05
17 3489 -173.46 -173.46
15 3490 -84.98 -84.98
20 3490 -93.3 -93.3
15 3491 -103.71 -103.71
20 3491 -114.06 -114.06
15 3492 -133.25 -133.25
20 3492 -144.46 -144.46
15 3493 -327.18 -327.18
18 3493 310.27 310.27
15 3494 -368.57 -368.57
19 3494 306.22 306.22
21 3494 375.34 375.34
23 3494 341.94 341.94
25 3494 168.11 168.11
37 3494 92.44 92.44
15 3495 -354.4 -354.4
18 3495 286.93 286.93
25 3495 177.22 177.22
15 3496 -354.4 -354.4
18 3496 286.93 286.93
15 3497 -216 -216
20 3497 -239.53 -239.53
15 3498 -207.23 -207.23
17 3498 -253.99 -253.99
25 3498 343.99 343.99
27 3498 375.48 375.48
32 3498 250.53 250.53
33 3498 -313.28 -313.28
35 3498 -281.35 -281.35
38 3498 -354.75 -354.75
41 3498 182.55 182.55
46 3498 117.12 117.12
48 3498 87.84 87.84
15 3499 -253.93 -253.93
17 3499 -325.01 -325.01
20 3499 -285.99 -285.99
24 3499 344.2 344.2
25 3499 276.75 276.75
27 3499 312.17 312.17
31 3499 240.89 240.89
35 3499 -369.59 -369.59
37 3499 205.53 205.53
40 3499 49.17 49.17
41 3499 89.94 89.94
44 3499 130.17 130.17
46 3499 10.59 10.59
48 3499 -27.98 -27.98
15 3500 -322.28 -322.28
18 3500 310.55 310.55
19 3500 345.23 345.23
24 3500 277.4 277.4
27 3500 242.83 242.83
15 3501 -265.24 -265.24
17 3501 -342.59 -342.59
20 3501 -300.15 -300.15
24 3501 331.16 331.16
25 3501 261.79 261.79
27 3501 298.4 298.4
32 3501 153.44 153.44
15 3502 -151.85 -151.85
17 3502 -178 -178
20 3502 -164.25 -164.25
33 3502 -206.28 -206.28
35 3502 -191.6 -191.6
38 3502 -224.01 -224.01
40 3502 300.56 300.56
41 3502 324.64 324.64
44 3502 349.94 349.94
46 3502 279.9 279.9
48 3502 260.6 260.6
15 3503 -205.44 -205.44
17 3503 -248.75 -248.75
20 3503 -225.78 -225.78
27 3503 377.13 377.13
32 3503 261.61 261.61
35 3503 -272.88 -272.88
37 3503 290.44 290.44
38 3503 -337.03 -337.03
41 3503 198.56 198.56
46 3503 139.59 139.59
48 3503 111.68 111.68
15 3504 -256.69 -256.69
20 3504 -289.08 -289.08
27 3504 308.98 308.98
31 3504 237.46 237.46
37 3504 202.25 202.25
15 3505 177.22 177.22
17 3505 205.4 205.4
20 3505 189.73 189.73
15 3506 -41.41 -41.41
17 3506 -59.22 -59.22
20 3506 -49.69 -49.69
15 3507 226.75 226.75
20 3507 247.67 247.67
15 3508 -39.8 -39.8
20 3508 -50.68 -50.68
15 3509 313.84 313.84
20 3509 359.25 359.25
15 3510 274.09 274.09
20 3510 316.1 316.1
15 3511 -183.65 -183.65
20 3511 -240.4 -240.4
15 3512 -255.87 -255.87
20 3512 -335.28 -335.28
27 3512 309.9 309.9
15 3513 -197.2 -197.2
20 3513 -255.38 -255.38
15 3514 -203.29 -203.29
20 3514 -258.94 -258.94
15 3515 -363.82 -363.82
19 3515 310.81 310.81
15 3516 362.68 362.68
20 3516 392.14 392.14
15 3517 -385.98 -385.98
18 3517 267.5 267.5
40 3517 -114.34 -114.34
15 3518 -278.94 -278.94
17 3518 -361.72 -361.72
19 3518 380.39 380.39
25 3518 248.3 248.3
27 3518 283.53 283.53
32 3518 139.33 139.33
41 3518 56.12 56.12
44 3518 97.77 97.77
46 3518 -24.22 -24.22
48 3518 -64.85 -64.85
15 3519 -254.85 -254.85
17 3519 -325.64 -325.64
15 3520 -195.85 -195.85
20 3520 -214.3 -214.3
25 3520 364.42 364.42
15 3521 -248.81 -248.81
17 3521 -316.32 -316.32
20 3521 -279.17 -279.17
25 3521 283.36 283.36
31 3521 247.88 247.88
32 3521 180.14 180.14
35 3521 -357.94 -357.94
37 3521 214.46 214.46
41 3521 103.55 103.55
44 3521 142.41 142.41
15 3522 232.26 232.26
20 3522 260.33 260.33
15 3523 305.02 305.02
20 3523 350.75 350.75
15 3524 302.03 302.03
20 3524 347.79 347.79
15 3525 -191.35 -191.35
20 3525 -248.44 -248.44
15 3526 225.06 225.06
17 3526 246.26 246.26
33 3526 271.22 271.22
35 3526 258.58 258.58
15 3527 -98.49 -98.49
20 3527 -108.96 -108.96
15 3528 -256.21 -256.21
17 3528 -325.19 -325.19
20 3528 -287.54 -287.54
24 3528 340.49 340.49
25 3528 275.18 275.18
27 3528 309.62 309.62
31 3528 240 240
32 3528 172.42 172.42
37 3528 206.49 206.49
41 3528 94.82 94.82
44 3528 133.76 133.76
15 3529 -179.42 -179.42
20 3529 -229.26 -229.26
15 3530 209.43 209.43
20 3530 228.75 228.75
15 3531 -112.4 -112.4
20 3531 -136.07 -136.07
15 3532 47.88 47.88
20 3532 52.43 52.43
15 3533 47.88 47.88
20 3533 52.43 52.43
15 3534 -91.11 -91.11
17 3534 -137.72 -137.72
20 3534 -110.57 -110.57
33 3534 -218.65 -218.65
35 3534 -170.23 -170.23
38 3534 -300.27 -300.27
40 3534 38.47 38.47
41 3534 159.7 159.7
44 3534 266.72 266.72
15 3535 295.35 295.35
20 3535 340.49 340.49
15 3536 -279.22 -279.22
20 3536 -335.28 -335.28
15 3537 -273.83 -273.83
17 3537 -356.95 -356.95
20 3537 -310.99 -310.99
27 3537 289.56 289.56
31 3537 216.88 216.88
32 3537 141.81 141.81
37 3537 175.9 175.9
40 3537 14.29 14.29
41 3537 56.54 56.54
44 3537 101.34 101.34
46 3537 -25.71 -25.71
48 3537 -68.32 -68.32
15 3538 -258.46 -258.46
20 3538 -291.52 -291.52
25 3538 271.18 271.18
27 3538 306.71 306.71
15 3539 320.93 320.93
20 3539 366.83 366.83
15 3540 -132.89 -132.89
17 3540 -159.42 -159.42
35 3540 -173.75 -173.75
15 3541 -147.03 -147.03
20 3541 -160.38 -160.38
15 3542 260.01 260.01
20 3542 297.85 297.85
15 3543 -272.19 -272.19
20 3543 -307.56 -307.56
25 3543 257.02 257.02
27 3543 292.21 292.21
31 3543 221 221
15 3544 240.59 240.59
20 3544 274.52 274.52
15 3545 -90.26 -90.26
20 3545 -110.24 -110.24
15 3546 181.62 181.62
17 3546 216.91 216.91
20 3546 196.8 196.8
15 3547 334.63 334.63
20 3547 358.78 358.78
15 3548 334.63 334.63
20 3548 358.78 358.78
16 3549 -105.42 -105.42
22 3549 -113.67 -113.67
30 3549 -101.51 -101.51
34 3549 -98.78 -98.78
16 3550 -107.55 -107.55
22 3550 -116.39 -116.39
16 3551 -260.02 -260.02
22 3551 -299.55 -299.55
16 3552 -260.02 -260.02
22 3552 -299.55 -299.55
16 3553 -254.52 -254.52
22 3553 -299.48 -299.48
16 3554 -57.98 -57.98
22 3554 -73.08 -73.08
30 3554 -52.3 -52.3
16 3555 -103.37 -103.37
22 3555 -128.8 -128.8
16 3556 -56.86 -56.86
22 3556 -60.58 -60.58
16 3557 -63.88 -63.88
22 3557 -68.9 -68.9
30 3557 -62.28 -62.28
34 3557 -62.09 -62.09
43 3557 -57.59 -57.59
16 3558 -250.9 -250.9
22 3558 -288.01 -288.01
29 3558 -223.72 -223.72
36 3558 -139.96 -139.96
42 3558 -64.39 -64.39
16 3559 -243.88 -243.88
22 3559 -278.68 -278.68
16 3560 -191.56 -191.56
22 3560 -224.55 -224.55
30 3560 -171.19 -171.19
16 3561 246.33 246.33
22 3561 271.91 271.91
16 3562 -153.97 -153.97
22 3562 -208.73 -208.73
16 3563 66.59 66.59
22 3563 74.79 74.79
30 3563 58.19 58.19
16 3564 -104.3 -104.3
22 3564 -112.44 -112.44
30 3564 -100.15 -100.15
34 3564 -97.38 -97.38
39 3564 -80.83 -80.83
43 3564 -91.27 -91.27
16 3565 -75.36 -75.36
22 3565 -80.9 -80.9
30 3565 -73.45 -73.45
34 3565 -72.44 -72.44
39 3565 -58.78 -58.78
43 3565 -68.03 -68.03
16 3566 -255.02 -255.02
22 3566 -293.55 -293.55
30 3566 -229.66 -229.66
16 3567 -74.43 -74.43
22 3567 -100.91 -100.91
16 3568 -51.91 -51.91
22 3568 -55.96 -55.96
39 3568 -38.97 -38.97
16 3569 -259.1 -259.1
22 3569 -299.53 -299.53
30 3569 -232.31 -232.31
16 3570 -188.74 -188.74
22 3570 -256.35 -256.35
30 3570 -151.23 -151.23
16 3571 -188.74 -188.74
22 3571 -256.35 -256.35
30 3571 -151.23 -151.23
39 3571 -88.02 -88.02
43 3571 -108.92 -108.92
16 3572 240.97 240.97
22 3572 266.31 266.31
30 3572 217.27 217.27
34 3572 196.55 196.55
16 3573 -187.85 -187.85
22 3573 -256 -256
30 3573 -150.16 -150.16
34 3573 -127.49 -127.49
39 3573 -87.35 -87.35
43 3573 -107.86 -107.86
16 3574 -190.59 -190.59
22 3574 -258.22 -258.22
30 3574 -153.12 -153.12
34 3574 -130.11 -130.11
39 3574 -89.33 -89.33
45 3574 -71.18 -71.18
16 3575 -221.05 -221.05
22 3575 -300.19 -300.19
30 3575 -177.74 -177.74
34 3575 -150.69 -150.69
16 3576 -234.62 -234.62
22 3576 -267.15 -267.15
30 3576 -212.69 -212.69
34 3576 -197.36 -197.36
39 3576 -159.77 -159.77
43 3576 -181.17 -181.17
45 3576 -139.51 -139.51
16 3577 -195.63 -195.63
22 3577 -225.96 -225.96
30 3577 -175.43 -175.43
34 3577 -160.17 -160.17
39 3577 -125.45 -125.45
45 3577 -107.54 -107.54
16 3578 -206.16 -206.16
22 3578 -233.2 -233.2
30 3578 -183.16 -183.16
16 3579 225.18 225.18
22 3579 247.21 247.21
30 3579 206.04 206.04
16 3580 227.69 227.69
22 3580 251.35 251.35
30 3580 206.98 206.98
34 3580 186.34 186.34
16 3581 257.45 257.45
22 3581 286.72 286.72
16 3582 -123.94 -123.94
22 3582 -142.36 -142.36
17 3583 -98.01 -98.01
20 3583 -89.05 -89.05
35 3583 -106.43 -106.43
17 3584 -388.39 -388.39
20 3584 -336.38 -336.38
40 3584 -9.36999 -9.36999
17 3585 338.35 338.35
20 3585 317.28 317.28
33 3585 389.79 389.79
17 3586 349.77 349.77
20 3586 327.09 327.09
35 3586 375.76 375.76
17 3587 -268.48 -268.48
20 3587 -240.84 -240.84
27 3587 360.75 360.75
37 3587 264.05 264.05
38 3587 -381.93 -381.93
40 3587 126.39 126.39
44 3587 197.79 197.79
17 3588 196.73 196.73
20 3588 154.01 154.01
17 3589 -238.22 -238.22
20 3589 -216.22 -216.22
17 3590 -238.22 -238.22
20 3590 -216.22 -216.22
17 3591 -215.11 -215.11
20 3591 -196.47 -196.47
17 3592 -238.6 -238.6
20 3592 -216.38 -216.38
31 3592 330.48 330.48
32 3592 272.14 272.14
33 3592 -290.39 -290.39
35 3592 -262.88 -262.88
37 3592 301.59 301.59
38 3592 -324.77 -324.77
41 3592 207.87 207.87
44 3592 240.26 240.26
47 3592 -365.79 -365.79
17 3593 234.42 234.42
20 3593 212.87 212.87
17 3594 234.42 234.42
20 3594 212.87 212.87
17 3595 253.61 253.61
20 3595 228.59 228.59
33 3595 326.57 326.57
17 3596 200.82 200.82
20 3596 184.37 184.37
17 3597 350.37 350.37
20 3597 298.02 298.02
17 3598 338.29 338.29
20 3598 287.49 287.49
17 3599 381.29 381.29
20 3599 320.85 320.85
17 3600 -148.95 -148.95
20 3600 -136.36 -136.36
35 3600 -162.17 -162.17
17 3601 -93.58 -93.58
20 3601 -84.74 -84.74
35 3601 -101.48 -101.48
17 3602 -111.85 -111.85
20 3602 -101.98 -101.98
17 3603 -118.99 -118.99
20 3603 -108.69 -108.69
33 3603 -144.2 -144.2
35 3603 -130.08 -130.08
38 3603 -161.95 -161.95
17 3604 -365.1 -365.1
20 3604 -318.35 -318.35
25 3604 245.89 245.89
27 3604 282.34 282.34
32 3604 135.4 135.4
40 3604 10.04 10.04
41 3604 52.3 52.3
44 3604 94.67 94.67
48 3604 -70.85 -70.85
17 3605 -215.63 -215.63
20 3605 -196.46 -196.46
31 3605 362.53 362.53
33 3605 -259.93 -259.93
41 3605 242.47 242.47
17 3606 -380.52 -380.52
18 3606 341.28 341.28
19 3606 374.04 374.04
20 3606 -329.98 -329.98
31 3606 198.31 198.31
32 3606 121.66 121.66
37 3606 160.23 160.23
40 3606 -8.23999 -8.23999
41 3606 35.76 35.76
44 3606 78.71 78.71
46 3606 -50.31 -50.31
48 3606 -93.53 -93.53
17 3607 -381.92 -381.92
20 3607 -331.34 -331.34
17 3608 -373.71 -373.71
20 3608 -324.78 -324.78
25 3608 241.12 241.12
32 3608 127.34 127.34
37 3608 165.63 165.63
41 3608 42.22 42.22
44 3608 86.58 86.58
17 3609 197.45 197.45
20 3609 180.9 180.9
33 3609 244.04 244.04
17 3610 286.95 286.95
20 3610 249.59 249.59
35 3610 337.29 337.29
17 3611 204.06 204.06
20 3611 186.62 186.62
17 3612 304.22 304.22
20 3612 261.22 261.22
17 3613 -185.74 -185.74
20 3613 -135.99 -135.99
17 3614 285.89 285.89
20 3614 248.3 248.3
35 3614 336.91 336.91
17 3615 303.24 303.24
20 3615 261.44 261.44
17 3616 -334.5 -334.5
20 3616 -238.25 -238.25
31 3616 234.9 234.9
17 3617 -346.99 -346.99
20 3617 -245.33 -245.33
37 3617 116.84 116.84
17 3618 -135.78 -135.78
20 3618 -124.16 -124.16
33 3618 -164.53 -164.53
35 3618 -147.72 -147.72
38 3618 -185.95 -185.95
17 3619 -92.82 -92.82
20 3619 -84 -84
33 3619 -113.16 -113.16
35 3619 -101.18 -101.18
17 3620 -146.82 -146.82
20 3620 -135.06 -135.06
17 3621 -119.27 -119.27
20 3621 -108.49 -108.49
33 3621 -143.81 -143.81
38 3621 -161.46 -161.46
17 3622 -226.11 -226.11
20 3622 -205.94 -205.94
31 3622 347.27 347.27
32 3622 288.54 288.54
33 3622 -274.53 -274.53
37 3622 317.98 317.98
40 3622 192.07 192.07
41 3622 223.81 223.81
46 3622 163.18 163.18
48 3622 134.43 134.43
17 3623 -158.42 -158.42
20 3623 -128.72 -128.72
32 3623 316.53 316.53
33 3623 -253.53 -253.53
35 3623 -196.93 -196.93
38 3623 -348.7 -348.7
40 3623 -2.70999 -2.70999
41 3623 116.57 116.57
44 3623 224.04 224.04
17 3624 290.73 290.73
20 3624 252 252
35 3624 342.64 342.64
17 3625 -83.21 -83.21
20 3625 -66.37 -66.37
17 3626 392.54 392.54
20 3626 330.66 330.66
17 3627 358.65 358.65
20 3627 303.62 303.62
17 3628 -349.64 -349.64
20 3628 -244.04 -244.04
31 3628 224.49 224.49
17 3629 -112.83 -112.83
20 3629 -102.75 -102.75
17 3630 -357.48 -357.48
20 3630 -310.97 -310.97
31 3630 214.95 214.95
32 3630 141.15 141.15
41 3630 56.06 56.06
44 3630 99.31 99.31
48 3630 -64.68 -64.68
17 3631 253.07 253.07
20 3631 228.75 228.75
17 3632 131.69 131.69
20 3632 93.78 93.78
17 3633 -153.95 -153.95
20 3633 -125.07 -125.07
35 3633 -192.09 -192.09
17 3634 -353.44 -353.44
20 3634 -244.2 -244.2
17 3635 -353.44 -353.44
20 3635 -244.2 -244.2
17 3636 -333.83 -333.83
20 3636 -243.63 -243.63
17 3637 -157.64 -157.64
20 3637 -144.46 -144.46
17 3638 -174.42 -174.42
20 3638 -159.07 -159.07
33 3638 -207.97 -207.97
35 3638 -188.5 -188.5
38 3638 -231.59 -231.59
47 3638 -259.66 -259.66
17 3639 -343.72 -343.72
20 3639 -240.29 -240.29
17 3640 -343.72 -343.72
20 3640 -240.29 -240.29
17 3641 -268.19 -268.19
20 3641 -188.01 -188.01
17 3642 389.47 389.47
20 3642 360.7 360.7
17 3643 -152.3 -152.3
20 3643 -123.58 -123.58
33 3643 -242.88 -242.88
35 3643 -189.36 -189.36
38 3643 -333.94 -333.94
40 3643 6.64002 6.64002
41 3643 128.06 128.06
44 3643 235.38 235.38
17 3644 386.42 386.42
20 3644 326.12 326.12
17 3645 -327.69 -327.69
20 3645 -227.56 -227.56
17 3646 -138.82 -138.82
20 3646 -126.97 -126.97
17 3647 -360 -360
20 3647 -249.87 -249.87
17 3648 -374.4 -374.4
20 3648 -257.75 -257.75
17 3649 -264.35 -264.35
20 3649 -187.74 -187.74
17 3650 -370.27 -370.27
20 3650 -322.61 -322.61
25 3650 242.97 242.97
31 3650 205.66 205.66
32 3650 132.67 132.67
37 3650 169.46 169.46
40 3650 7.53 7.53
41 3650 49.7 49.7
44 3650 91.5 91.5
46 3650 -32.62 -32.62
48 3650 -73.07 -73.07
17 3651 -370.27 -370.27
20 3651 -322.61 -322.61
31 3651 205.66 205.66
32 3651 132.67 132.67
37 3651 169.46 169.46
40 3651 7.53 7.53
41 3651 49.7 49.7
44 3651 91.5 91.5
46 3651 -32.62 -32.62
48 3651 -73.07 -73.07
17 3652 294.36 294.36
20 3652 257.11 257.11
17 3653 -375.48 -375.48
20 3653 -326.31 -326.31
25 3653 239.36 239.36
31 3653 201.57 201.57
32 3653 127.31 127.31
37 3653 165 165
40 3653 0.019989 0.019989
41 3653 42.99 42.99
44 3653 85.9 85.9
46 3653 -40.82 -40.82
48 3653 -82.1 -82.1
17 3654 -346.65 -346.65
20 3654 -239.72 -239.72
17 3655 -328.65 -328.65
20 3655 -234.94 -234.94
31 3655 239.81 239.81
17 3656 -135.54 -135.54
20 3656 -124.24 -124.24
33 3656 -162.93 -162.93
35 3656 -147.6 -147.6
17 3657 -135.54 -135.54
20 3657 -124.24 -124.24
33 3657 -162.93 -162.93
35 3657 -147.6 -147.6
38 3657 -182.47 -182.47
47 3657 -204.24 -204.24
17 3658 -340.67 -340.67
20 3658 -299.28 -299.28
25 3658 264.18 264.18
27 3658 300.6 300.6
31 3658 227.7 227.7
32 3658 155.85 155.85
37 3658 192.26 192.26
40 3658 33.59 33.59
41 3658 74.7 74.7
44 3658 115.87 115.87
48 3658 -44.85 -44.85
17 3659 -324.62 -324.62
20 3659 -287.09 -287.09
18 3660 308.08 308.08
19 3660 349.04 349.04
18 3661 -310.19 -310.19
19 3661 -237.84 -237.84
24 3661 -384.89 -384.89
18 3662 305.12 305.12
23 3662 376.63 376.63
18 3663 305.12 305.12
19 3663 339.74 339.74
23 3663 376.63 376.63
18 3664 287.7 287.7
19 3664 321.58 321.58
18 3665 -109.52 -109.52
23 3665 8.73999 8.73999
18 3666 270.8 270.8
19 3666 303.78 303.78
21 3666 373.04 373.04
23 3666 338.51 338.51
25 3666 166.43 166.43
31 3666 128.46 128.46
18 3667 296.5 296.5
19 3667 330.99 330.99
24 3667 261.97 261.97
25 3667 187.52 187.52
18 3668 -81.15 -81.15
21 3668 87.94 87.94
23 3668 33.18 33.18
25 3668 -267.21 -267.21
27 3668 -199.46 -199.46
18 3669 278.95 278.95
23 3669 347.56 347.56
18 3670 -387.48 -387.48
19 3670 -307.02 -307.02
18 3671 -102.12 -102.12
23 3671 15.09 15.09
24 3671 -162.05 -162.05
31 3671 -366.56 -366.56
18 3672 -397.84 -397.84
23 3672 -237.31 -237.31
18 3673 -397.84 -397.84
19 3673 -316.8 -316.8
23 3673 -237.31 -237.31
18 3674 -375.86 -375.86
19 3674 -296.66 -296.66
23 3674 -218.73 -218.73
18 3675 -84.36 -84.36
19 3675 -27.04 -27.04
18 3676 -398.13 -398.13
19 3676 -316.98 -316.98
21 3676 -162.72 -162.72
23 3676 -237.59 -237.59
18 3677 -395.02 -395.02
23 3677 -234.86 -234.86
18 3678 -395.02 -395.02
23 3678 -234.86 -234.86
18 3679 -79.9 -79.9
21 3679 88.95 88.95
27 3679 -197.95 -197.95
18 3680 -119.99 -119.99
23 3680 -0.100006 -0.100006
18 3681 -119.99 -119.99
23 3681 -0.100006 -0.100006
31 3681 -390.69 -390.69
18 3682 260.58 260.58
23 3682 333.65 333.65
18 3683 256.28 256.28
21 3683 367.19 367.19
18 3684 1.23999 1.23999
19 3684 53.56 53.56
24 3684 -51.96 -51.96
25 3684 -167.39 -167.39
27 3684 -106.47 -106.47
18 3685 -23.68 -23.68
21 3685 134.68 134.68
24 3685 -77.78 -77.78
18 3686 -23.68 -23.68
21 3686 134.68 134.68
24 3686 -77.78 -77.78
25 3686 -196.77 -196.77
27 3686 -133.95 -133.95
31 3686 -262.32 -262.32
18 3687 -313.24 -313.24
21 3687 -101.04 -101.04
18 3688 -395.88 -395.88
19 3688 -305.1 -305.1
21 3688 -114.1 -114.1
18 3689 -315.04 -315.04
21 3689 -114.1 -114.1
23 3689 -178.63 -178.63
18 3690 -391.98 -391.98
23 3690 -243.43 -243.43
18 3691 -220.45 -220.45
23 3691 -96.01 -96.01
18 3692 -241.7 -241.7
19 3692 -177.6 -177.6
18 3693 -190.23 -190.23
19 3693 -130.08 -130.08
24 3693 -251.4 -251.4
18 3694 -190.43 -190.43
19 3694 -129.94 -129.94
24 3694 -251.35 -251.35
18 3695 -188.93 -188.93
21 3695 -12.86 -12.86
23 3695 -69.26 -69.26
24 3695 -250.46 -250.46
18 3696 -81.82 -81.82
19 3696 -24.76 -24.76
23 3696 31.36 31.36
25 3696 -265.45 -265.45
27 3696 -198.89 -198.89
31 3696 -335.86 -335.86
37 3696 -406.75 -406.75
18 3697 186.05 186.05
19 3697 226.43 226.43
21 3697 307.48 307.48
23 3697 267.61 267.61
18 3698 83.41 83.41
19 3698 126.21 126.21
32 3698 -199.94 -199.94
18 3699 59.9 59.9
19 3699 103.9 103.9
24 3699 15.96 15.96
25 3699 -79.04 -79.04
27 3699 -29.17 -29.17
31 3699 -130.76 -130.76
18 3700 -237.87 -237.87
19 3700 -174.06 -174.06
23 3700 -111.22 -111.22
18 3701 -268.63 -268.63
19 3701 -164.3 -164.3
24 3701 -378.82 -378.82
18 3702 218.75 218.75
19 3702 310.02 310.02
24 3702 120.07 120.07
18 3703 134.87 134.87
19 3703 219.65 219.65
18 3704 113.48 113.48
19 3704 198.37 198.37
21 3704 350.77 350.77
24 3704 23.33 23.33
27 3704 -74.36 -74.36
18 3705 226.76 226.76
19 3705 318.52 318.52
24 3705 126.7 126.7
18 3706 77.38 77.38
21 3706 123.59 123.59
18 3707 308.51 308.51
19 3707 348.6 348.6
18 3708 315.06 315.06
19 3708 350.1 350.1
18 3709 308.31 308.31
19 3709 343.04 343.04
23 3709 380.35 380.35
24 3709 272.73 272.73
25 3709 197.29 197.29
27 3709 237.24 237.24
18 3710 308.31 308.31
23 3710 380.35 380.35
24 3710 272.73 272.73
25 3710 197.29 197.29
27 3710 237.24 237.24
18 3711 264.26 264.26
19 3711 296.97 296.97
21 3711 365.28 365.28
23 3711 331.66 331.66
24 3711 231.28 231.28
25 3711 161.19 161.19
27 3711 198.25 198.25
31 3711 123.81 123.81
18 3712 277.18 277.18
19 3712 310.36 310.36
23 3712 345.83 345.83
24 3712 243.52 243.52
25 3712 171.68 171.68
27 3712 209.64 209.64
18 3713 -410.61 -410.61
21 3713 -171.84 -171.84
18 3714 -400.91 -400.91
19 3714 -319.47 -319.47
21 3714 -164.74 -164.74
23 3714 -239.83 -239.83
18 3715 -400.91 -400.91
19 3715 -319.47 -319.47
21 3715 -164.74 -164.74
23 3715 -239.83 -239.83
18 3716 266.22 266.22
23 3716 334.72 334.72
18 3717 -95.21 -95.21
19 3717 -37.16 -37.16
21 3717 76.49 76.49
23 3717 21.1 21.1
25 3717 -284.53 -284.53
26 3717 129.37 129.37
28 3717 181.63 181.63
29 3717 233.85 233.85
31 3717 -357.47 -357.47
18 3718 -404.65 -404.65
19 3718 -322.62 -322.62
21 3718 -167.36 -167.36
26 3718 -96.56 -96.56
18 3719 -93.19 -93.19
19 3719 -34.96 -34.96
21 3719 78.48 78.48
23 3719 23.1 23.1
25 3719 -282.25 -282.25
26 3719 132.03 132.03
28 3719 183.62 183.62
31 3719 -354.63 -354.63
18 3720 -391.7 -391.7
19 3720 -311.11 -311.11
21 3720 -157.59 -157.59
23 3720 -232.03 -232.03
26 3720 -87.28 -87.28
18 3721 -378.66 -378.66
19 3721 -299.05 -299.05
23 3721 -220.99 -220.99
26 3721 -77.94 -77.94
18 3722 -109.31 -109.31
19 3722 -50.83 -50.83
21 3722 65.13 65.13
24 3722 -169.96 -169.96
25 3722 -302.65 -302.65
26 3722 119.61 119.61
28 3722 172.15 172.15
31 3722 -376.94 -376.94
18 3723 -394.53 -394.53
19 3723 -313.67 -313.67
21 3723 -159.78 -159.78
23 3723 -234.54 -234.54
26 3723 -89.39 -89.39
28 3723 -21.65 -21.65
18 3724 -394.53 -394.53
19 3724 -313.67 -313.67
21 3724 -159.78 -159.78
23 3724 -234.54 -234.54
28 3724 -21.65 -21.65
36 3724 106.12 106.12
18 3725 -410.06 -410.06
19 3725 -327.78 -327.78
21 3725 -172.17 -172.17
23 3725 -247.58 -247.58
28 3725 -31.95 -31.95
29 3725 35.08 35.08
18 3726 -115.99 -115.99
19 3726 -56.2 -56.2
24 3726 -176.99 -176.99
26 3726 114.19 114.19
28 3726 167.38 167.38
31 3726 -385.34 -385.34
18 3727 -323.09 -323.09
23 3727 -173.78 -173.78
24 3727 -400.46 -400.46
18 3728 -359.79 -359.79
19 3728 -250.51 -250.51
18 3729 217.68 217.68
19 3729 256.6 256.6
18 3730 -364.71 -364.71
19 3730 -253.97 -253.97
18 3731 227.35 227.35
21 3731 342.59 342.59
26 3731 379.73 379.73
18 3732 161.45 161.45
19 3732 203.02 203.02
24 3732 119.09 119.09
25 3732 28.6 28.6
32 3732 -119.96 -119.96
40 3732 -295.87 -295.87
41 3732 -235.97 -235.97
44 3732 -176.83 -176.83
46 3732 -352.14 -352.14
18 3733 -206.56 -206.56
21 3733 -26.37 -26.37
18 3734 -395.42 -395.42
23 3734 -246.2 -246.2
26 3734 -109.9 -109.9
28 3734 -45.58 -45.58
18 3735 -209.32 -209.32
19 3735 -147.97 -147.97
24 3735 -271.61 -271.61
27 3735 -336.55 -336.55
18 3736 -355.1 -355.1
19 3736 -247.07 -247.07
18 3737 -11.73 -11.73
19 3737 42.53 42.53
24 3737 -66.93 -66.93
27 3737 -122.89 -122.89
18 3738 -367.15 -367.15
19 3738 -255.94 -255.94
18 3739 76.23 76.23
21 3739 205.81 205.81
18 3740 -205.53 -205.53
19 3740 -144.06 -144.06
21 3740 -25.57 -25.57
18 3741 -193.33 -193.33
19 3741 -132.86 -132.86
23 3741 -73.08 -73.08
24 3741 -254.72 -254.72
27 3741 -317.79 -317.79
18 3742 -94.5 -94.5
19 3742 -36.71 -36.71
23 3742 20.39 20.39
25 3742 -281.53 -281.53
26 3742 128.17 128.17
27 3742 -213.99 -213.99
31 3742 -353.77 -353.77
18 3743 -193.45 -193.45
21 3743 -15.52 -15.52
23 3743 -73.27 -73.27
18 3744 -189.26 -189.26
19 3744 -128.91 -128.91
21 3744 -12.1 -12.1
18 3745 226.76 226.76
19 3745 261.68 261.68
24 3745 191.89 191.89
18 3746 -236.88 -236.88
19 3746 -172.98 -172.98
18 3747 -342.04 -342.04
23 3747 -200.32 -200.32
26 3747 -71.1 -71.1
28 3747 -9.76001 -9.76001
18 3748 -87.26 -87.26
19 3748 -29 -29
18 3749 -143.1 -143.1
19 3749 -81.2 -81.2
21 3749 38.71 38.71
23 3749 -20.46 -20.46
24 3749 -206.68 -206.68
26 3749 94.46 94.46
29 3749 204.04 204.04
18 3750 -143.1 -143.1
19 3750 -81.2 -81.2
21 3750 38.71 38.71
23 3750 -20.46 -20.46
24 3750 -206.68 -206.68
26 3750 94.46 94.46
29 3750 204.04 204.04
18 3751 64.87 64.87
19 3751 134.74 134.74
18 3752 -274.76 -274.76
19 3752 -169.75 -169.75
24 3752 -385.35 -385.35
18 3753 44.85 44.85
19 3753 123.93 123.93
23 3753 199.26 199.26
25 3753 -227.92 -227.92
27 3753 -126.34 -126.34
31 3753 -340.33 -340.33
18 3754 44.85 44.85
19 3754 123.93 123.93
23 3754 199.26 199.26
18 3755 -146.76 -146.76
19 3755 -46.91 -46.91
21 3755 130.7 130.7
23 3755 45.82 45.82
24 3755 -252.3 -252.3
18 3756 132.01 132.01
19 3756 216.88 216.88
21 3756 369.18 369.18
24 3756 41.91 41.91
18 3757 121.31 121.31
19 3757 206 206
21 3757 358.54 358.54
23 3757 285.62 285.62
24 3757 30.99 30.99
25 3757 -180.47 -180.47
27 3757 -66.27 -66.27
31 3757 -308.33 -308.33
18 3758 -392.57 -392.57
21 3758 -36.35 -36.35
23 3758 -143.36 -143.36
18 3759 308.55 308.55
19 3759 348.88 348.88
18 3760 -312.33 -312.33
19 3760 -240.03 -240.03
21 3760 -99.23 -99.23
23 3760 -167.93 -167.93
24 3760 -387.43 -387.43
26 3760 -34.87 -34.87
18 3761 -312.33 -312.33
19 3761 -240.03 -240.03
24 3761 -387.43 -387.43
18 3762 -312.86 -312.86
19 3762 -240.31 -240.31
18 3763 -330.33 -330.33
21 3763 -109.95 -109.95
23 3763 -180.3 -180.3
24 3763 -408.54 -408.54
26 3763 -43.38 -43.38
18 3764 308.56 308.56
19 3764 343.54 343.54
24 3764 273 273
25 3764 197.17 197.17
27 3764 237.44 237.44
18 3765 -406.41 -406.41
19 3765 -324.76 -324.76
21 3765 -169.35 -169.35
23 3765 -244.58 -244.58
26 3765 -97.88 -97.88
28 3765 -29.63 -29.63
29 3765 36.69 36.69
36 3765 99.1 99.1
42 3765 157.46 157.46
18 3766 -394.79 -394.79
19 3766 -314.02 -314.02
21 3766 -159.89 -159.89
26 3766 -89.43 -89.43
28 3766 -21.94 -21.94
36 3766 105.84 105.84
42 3766 163.71 163.71
18 3767 311.13 311.13
23 3767 381.13 381.13
24 3767 276.97 276.97
27 3767 242.05 242.05
18 3768 -336.99 -336.99
21 3768 -115.02 -115.02
23 3768 -185.72 -185.72
29 3768 79.33 79.33
18 3769 -115.04 -115.04
19 3769 -56.4 -56.4
24 3769 -176.89 -176.89
28 3769 166.84 166.84
31 3769 -385.59 -385.59
18 3770 292.8 292.8
19 3770 326.74 326.74
23 3770 362.41 362.41
18 3771 -87.97 -87.97
19 3771 -30.28 -30.28
21 3771 82.32 82.32
26 3771 135.23 135.23
18 3772 -161.87 -161.87
19 3772 -98.61 -98.61
18 3773 262.09 262.09
19 3773 294.83 294.83
18 3774 -113.82 -113.82
19 3774 -54.06 -54.06
21 3774 61.71 61.71
24 3774 -174.59 -174.59
26 3774 115.68 115.68
18 3775 -91.72 -91.72
19 3775 -33.57 -33.57
23 3775 24.1 24.1
25 3775 -279.82 -279.82
31 3775 -352.04 -352.04
18 3776 -181.07 -181.07
21 3776 9.60001 9.60001
23 3776 -51.52 -51.52
24 3776 -247.92 -247.92
26 3776 67.92 67.92
18 3777 -181.07 -181.07
19 3777 -115.67 -115.67
21 3777 9.60001 9.60001
23 3777 -51.52 -51.52
18 3778 -361.09 -361.09
19 3778 -251.62 -251.62
18 3779 162.39 162.39
19 3779 204.07 204.07
24 3779 120.14 120.14
27 3779 77 77
31 3779 -19.85 -19.85
32 3779 -118.72 -118.72
40 3779 -295.12 -295.12
41 3779 -235.15 -235.15
44 3779 -175.87 -175.87
46 3779 -351.38 -351.38
18 3780 2.09 2.09
19 3780 54.24 54.24
23 3780 106.46 106.46
24 3780 -50.63 -50.63
18 3781 2.09 2.09
19 3781 54.24 54.24
18 3782 2.09 2.09
19 3782 54.24 54.24
23 3782 106.46 106.46
18 3783 -358.67 -358.67
19 3783 -249.54 -249.54
18 3784 -352.05 -352.05
19 3784 -245.19 -245.19
18 3785 -237.98 -237.98
19 3785 -174.37 -174.37
18 3786 -146.71 -146.71
19 3786 -84.7 -84.7
21 3786 33.47 33.47
24 3786 -209.04 -209.04
18 3787 -221.84 -221.84
19 3787 -125.16 -125.16
24 3787 -322.05 -322.05
18 3788 119 119
19 3788 203.12 203.12
23 3788 282.33 282.33
24 3788 29.06 29.06
18 3789 124.31 124.31
19 3789 209.09 209.09
24 3789 34.57 34.57
27 3789 -62.78 -62.78
18 3790 124.31 124.31
23 3790 287.63 287.63
27 3790 -62.78 -62.78
18 3791 114.88 114.88
19 3791 199.63 199.63
21 3791 351.54 351.54
23 3791 278.78 278.78
24 3791 25.16 25.16
18 3792 129.86 129.86
19 3792 214.1 214.1
21 3792 365.81 365.81
23 3792 293.26 293.26
24 3792 40.21 40.21
27 3792 -57.2 -57.2
18 3793 121.78 121.78
19 3793 206.35 206.35
23 3793 285.49 285.49
24 3793 31.87 31.87
25 3793 -179.26 -179.26
27 3793 -65.48 -65.48
18 3794 121.78 121.78
19 3794 206.35 206.35
21 3794 358.08 358.08
23 3794 285.49 285.49
24 3794 31.87 31.87
25 3794 -179.26 -179.26
27 3794 -65.48 -65.48
18 3795 -370.01 -370.01
23 3795 -127.04 -127.04
18 3796 -315.51 -315.51
19 3796 -242.73 -242.73
24 3796 -391 -391
18 3797 -309.44 -309.44
19 3797 -237.75 -237.75
24 3797 -384.38 -384.38
18 3798 -373.73 -373.73
19 3798 -263.1 -263.1
18 3799 -209.92 -209.92
19 3799 -141.89 -141.89
23 3799 -74.24 -74.24
18 3800 -72.54 -72.54
19 3800 5.78 5.78
23 3800 80.54 80.54
24 3800 -154.28 -154.28
18 3801 -113.99 -113.99
19 3801 -54.15 -54.15
21 3801 61.47 61.47
23 3801 4.94 4.94
24 3801 -174.73 -174.73
28 3801 168.68 168.68
18 3802 251.92 251.92
21 3802 350.72 350.72
18 3803 -92.99 -92.99
19 3803 -34.88 -34.88
23 3803 22.86 22.86
18 3804 -12.43 -12.43
19 3804 40.49 40.49
24 3804 -66.44 -66.44
18 3805 -12.43 -12.43
19 3805 40.49 40.49
18 3806 -225.61 -225.61
19 3806 -157.91 -157.91
21 3806 -26.62 -26.62
18 3807 -225.61 -225.61
19 3807 -157.91 -157.91
18 3808 -357.93 -357.93
19 3808 -249.36 -249.36
18 3809 -375.08 -375.08
19 3809 -265.18 -265.18
18 3810 64.16 64.16
19 3810 112.28 112.28
21 3810 207.8 207.8
23 3810 160.84 160.84
24 3810 14.94 14.94
26 3810 253.27 253.27
27 3810 -34.59 -34.59
44 3810 -339.5 -339.5
18 3811 -359.03 -359.03
19 3811 -249.97 -249.97
18 3812 -197.84 -197.84
23 3812 -76.98 -76.98
18 3813 -87.48 -87.48
19 3813 -29.49 -29.49
23 3813 26.92 26.92
25 3813 -271.75 -271.75
26 3813 133.42 133.42
27 3813 -204.15 -204.15
31 3813 -341.82 -341.82
18 3814 103.91 103.91
19 3814 144.64 144.64
24 3814 62.57 62.57
27 3814 19.87 19.87
31 3814 -72.99 -72.99
37 3814 -122.47 -122.47
41 3814 -281.46 -281.46
18 3815 -258.38 -258.38
19 3815 -193.33 -193.33
23 3815 -127.81 -127.81
18 3816 206.22 206.22
21 3816 324.01 324.01
26 3816 362.6 362.6
18 3817 -268.42 -268.42
19 3817 -164.16 -164.16
23 3817 -67.09 -67.09
24 3817 -378.88 -378.88
26 3817 105.37 105.37
28 3817 183.06 183.06
29 3817 257.61 257.61
18 3818 -253.06 -253.06
19 3818 -151.41 -151.41
23 3818 -55.84 -55.84
24 3818 -360.64 -360.64
18 3819 30.95 30.95
19 3819 111.15 111.15
23 3819 187.68 187.68
18 3820 -184.36 -184.36
23 3820 -54.97 -54.97
27 3820 -318.32 -318.32
18 3821 264.99 264.99
19 3821 297.94 297.94
21 3821 366.81 366.81
24 3821 231.93 231.93
25 3821 161.19 161.19
27 3821 198.8 198.8
31 3821 123.42 123.42
18 3822 -109.07 -109.07
19 3822 -49.83 -49.83
21 3822 65.42 65.42
23 3822 9.10998 9.10998
26 3822 118.91 118.91
28 3822 171.53 171.53
31 3822 -375.4 -375.4
18 3823 -109.07 -109.07
19 3823 -49.83 -49.83
21 3823 65.42 65.42
23 3823 9.10998 9.10998
26 3823 118.91 118.91
18 3824 -365.24 -365.24
19 3824 -254.91 -254.91
18 3825 -356.93 -356.93
19 3825 -248.88 -248.88
18 3826 -356.93 -356.93
19 3826 -248.88 -248.88
18 3827 -361.54 -361.54
19 3827 -251.59 -251.59
18 3828 -315.98 -315.98
23 3828 -179.04 -179.04
24 3828 -386.41 -386.41
18 3829 -318.01 -318.01
23 3829 -179.93 -179.93
18 3830 10.35 10.35
19 3830 61.08 61.08
24 3830 -40.77 -40.77
18 3831 65.02 65.02
19 3831 109.08 109.08
18 3832 57.03 57.03
19 3832 101.38 101.38
24 3832 13.22 13.22
25 3832 -82.39 -82.39
27 3832 -33.01 -33.01
18 3833 -113.37 -113.37
19 3833 -53.9 -53.9
21 3833 62.01 62.01
23 3833 5.47 5.47
24 3833 -174.22 -174.22
26 3833 116.16 116.16
28 3833 169.25 169.25
31 3833 -382.35 -382.35
18 3834 -97.65 -97.65
19 3834 -39.77 -39.77
21 3834 74.32 74.32
23 3834 18.78 18.78
26 3834 127.57 127.57
28 3834 179.7 179.7
18 3835 -169.24 -169.24
19 3835 -104.93 -104.93
24 3835 -234.97 -234.97
25 3835 -379.7 -379.7
27 3835 -302.74 -302.74
18 3836 -211.84 -211.84
19 3836 -150.69 -150.69
24 3836 -274.45 -274.45
18 3837 74.47 74.47
19 3837 117.46 117.46
21 3837 203.1 203.1
25 3837 -61.49 -61.49
27 3837 -12.93 -12.93
36 3837 372.38 372.38
18 3838 -100.1 -100.1
23 3838 15.14 15.14
25 3838 -289.06 -289.06
26 3838 123.82 123.82
28 3838 175.44 175.44
31 3838 -362.18 -362.18
18 3839 85.8 85.8
19 3839 128.33 128.33
21 3839 212.59 212.59
23 3839 171.09 171.09
24 3839 43.12 43.12
25 3839 -47.83 -47.83
26 3839 253.39 253.39
27 3839 -0.200012 -0.200012
31 3839 -97.29 -97.29
37 3839 -146.38 -146.38
40 3839 -371.94 -371.94
41 3839 -312.89 -312.89
44 3839 -253.72 -253.72
18 3840 -129.96 -129.96
19 3840 -49.21 -49.21
23 3840 26.77 26.77
18 3841 -270.04 -270.04
19 3841 -165.71 -165.71
21 3841 21.03 21.03
23 3841 -68.05 -68.05
24 3841 -380.22 -380.22
18 3842 -270.04 -270.04
19 3842 -165.71 -165.71
21 3842 21.03 21.03
23 3842 -68.05 -68.05
24 3842 -380.22 -380.22
26 3842 103.98 103.98
28 3842 181.49 181.49
29 3842 256.36 256.36
36 3842 326.54 326.54
18 3843 -144.04 -144.04
19 3843 -82.15 -82.15
21 3843 36.95 36.95
23 3843 -21.58 -21.58
24 3843 -207.54 -207.54
26 3843 92.64 92.64
27 3843 -270.65 -270.65
18 3844 -338.13 -338.13
19 3844 -235.94 -235.94
18 3845 -338.13 -338.13
19 3845 -235.94 -235.94
18 3846 -319.74 -319.74
21 3846 -117.49 -117.49
23 3846 -181.55 -181.55
24 3846 -389.04 -389.04
26 3846 -54.77 -54.77
28 3846 5.76999 5.76999
29 3846 64.87 64.87
36 3846 122.03 122.03
18 3847 212.72 212.72
19 3847 250.98 250.98
18 3848 117.87 117.87
19 3848 158.96 158.96
25 3848 -11.47 -11.47
18 3849 -260.1 -260.1
19 3849 -157.06 -157.06
21 3849 27.93 27.93
23 3849 -60.55 -60.55
24 3849 -368.89 -368.89
26 3849 110.2 110.2
18 3850 -398.47 -398.47
19 3850 -281.68 -281.68
18 3851 -127.63 -127.63
19 3851 -67.15 -67.15
23 3851 -6.91 -6.91
24 3851 -189.13 -189.13
26 3851 104.93 104.93
28 3851 158.38 158.38
31 3851 -399.43 -399.43
18 3852 -189.54 -189.54
19 3852 -124.15 -124.15
23 3852 -58.35 -58.35
18 3853 -371.47 -371.47
19 3853 -258.9 -258.9
18 3854 -267.96 -267.96
19 3854 -167.13 -167.13
24 3854 -375.59 -375.59
18 3855 20.14 20.14
19 3855 97.29 97.29
18 3856 -215.99 -215.99
19 3856 -120.72 -120.72
18 3857 -282.22 -282.22
19 3857 -176.49 -176.49
21 3857 11.76 11.76
23 3857 -77.99 -77.99
26 3857 95.34 95.34
18 3858 -150.43 -150.43
19 3858 -88.05 -88.05
21 3858 33.4 33.4
23 3858 -25.99 -25.99
24 3858 -214.47 -214.47
26 3858 89.49 89.49
18 3859 -192.13 -192.13
19 3859 -131.8 -131.8
23 3859 -73.58 -73.58
18 3860 46.39 46.39
19 3860 91.87 91.87
23 3860 137.14 137.14
25 3860 -94.89 -94.89
27 3860 -44.64 -44.64
37 3860 -201.22 -201.22
18 3861 72.18 72.18
19 3861 115.44 115.44
21 3861 201.18 201.18
24 3861 28.72 28.72
25 3861 -63.97 -63.97
27 3861 -15.45 -15.45
31 3861 -114.58 -114.58
32 3861 -216.54 -216.54
37 3861 -164.43 -164.43
18 3862 -247.84 -247.84
19 3862 -183.07 -183.07
18 3863 266.43 266.43
19 3863 303.56 303.56
18 3864 101.58 101.58
19 3864 143.88 143.88
24 3864 60.68 60.68
31 3864 -76.33 -76.33
18 3865 -193.3 -193.3
23 3865 -68.96 -68.96
24 3865 -257.69 -257.69
18 3866 288.2 288.2
19 3866 319.23 319.23
18 3867 52.37 52.37
19 3867 98.23 98.23
18 3868 -194.27 -194.27
19 3868 -127.19 -127.19
21 3868 0.399994 0.399994
23 3868 -60.95 -60.95
24 3868 -264.25 -264.25
27 3868 -336.86 -336.86
18 3869 52.73 52.73
19 3869 127.5 127.5
21 3869 266.8 266.8
23 3869 198.83 198.83
24 3869 -25.18 -25.18
18 3870 283.84 283.84
19 3870 321.71 321.71
19 3871 -407.24 -407.24
23 3871 -320.05 -320.05
19 3872 307.02 307.02
23 3872 342.09 342.09
19 3873 327.34 327.34
23 3873 363.59 363.59
19 3874 -301.74 -301.74
21 3874 -149.85 -149.85
19 3875 -298.86 -298.86
23 3875 -220.96 -220.96
19 3876 316.78 316.78
23 3876 352.58 352.58
19 3877 -279.69 -279.69
21 3877 -131.11 -131.11
19 3878 343.6 343.6
23 3878 380.4 380.4
19 3879 -279.9 -279.9
23 3879 -203.41 -203.41
26 3879 -62.98 -62.98
19 3880 294.21 294.21
23 3880 328.23 328.23
19 3881 -18.97 -18.97
23 3881 37.71 37.71
27 3881 -193.02 -193.02
19 3882 -37.38 -37.38
21 3882 76.28 76.28
19 3883 -279.94 -279.94
23 3883 -203.56 -203.56
19 3884 -316.98 -316.98
23 3884 -237.59 -237.59
19 3885 -275.23 -275.23
21 3885 -127.57 -127.57
23 3885 -199.59 -199.59
19 3886 -275.23 -275.23
21 3886 -127.57 -127.57
23 3886 -199.59 -199.59
19 3887 -78.36 -78.36
21 3887 40.74 40.74
24 3887 -202.18 -202.18
19 3888 -54.09 -54.09
23 3888 4.73999 4.73999
24 3888 -174.78 -174.78
19 3889 -12.78 -12.78
23 3889 43.4 43.4
25 3889 -253.18 -253.18
27 3889 -186.61 -186.61
31 3889 -323.4 -323.4
37 3889 -393.5 -393.5
19 3890 -36.65 -36.65
21 3890 127.67 127.67
19 3891 -175.4 -175.4
23 3891 -112.23 -112.23
19 3892 184.31 184.31
23 3892 224.24 224.24
19 3893 112.6 112.6
21 3893 198.53 198.53
27 3893 -16.63 -16.63
32 3893 -217.46 -217.46
19 3894 -272.56 -272.56
21 3894 -135.74 -135.74
19 3895 -279.45 -279.45
23 3895 -208.91 -208.91
28 3895 -16.63 -16.63
19 3896 -17.66 -17.66
23 3896 38.01 38.01
26 3896 142.89 142.89
28 3896 193.55 193.55
31 3896 -325.63 -325.63
37 3896 -395.72 -395.72
19 3897 -17.66 -17.66
21 3897 90.81 90.81
23 3897 38.01 38.01
25 3897 -256.4 -256.4
26 3897 142.89 142.89
27 3897 -190.08 -190.08
31 3897 -325.63 -325.63
37 3897 -395.72 -395.72
19 3898 -18.49 -18.49
23 3898 37.11 37.11
25 3898 -257.2 -257.2
27 3898 -191.23 -191.23
31 3898 -326.77 -326.77
37 3898 -397.16 -397.16
19 3899 333.76 333.76
23 3899 366.09 366.09
19 3900 183.4 183.4
21 3900 262.89 262.89
19 3901 208.48 208.48
23 3901 287.63 287.63
24 3901 34.45 34.45
19 3902 -409.27 -409.27
21 3902 -239.4 -239.4
23 3902 -321.62 -321.62
19 3903 -405.92 -405.92
21 3903 -236.48 -236.48
19 3904 -313.3 -313.3
21 3904 -159.45 -159.45
26 3904 -89.09 -89.09
19 3905 -295.57 -295.57
21 3905 -144.79 -144.79
26 3905 -75.48 -75.48
28 3905 -8.67999 -8.67999
29 3905 55.89 55.89
19 3906 -285.46 -285.46
21 3906 -135.92 -135.92
23 3906 -208.73 -208.73
26 3906 -67.47 -67.47
19 3907 -318.68 -318.68
21 3907 -164.2 -164.2
23 3907 -239.18 -239.18
26 3907 -93.68 -93.68
28 3907 -25.26 -25.26
29 3907 40.4 40.4
19 3908 -318.68 -318.68
21 3908 -164.2 -164.2
23 3908 -239.18 -239.18
26 3908 -93.68 -93.68
28 3908 -25.26 -25.26
29 3908 40.4 40.4
19 3909 -15.22 -15.22
21 3909 93.44 93.44
26 3909 145.98 145.98
29 3909 247.63 247.63
19 3910 -280.97 -280.97
21 3910 -132.32 -132.32
23 3910 -204.63 -204.63
26 3910 -64.2 -64.2
19 3911 -49.67 -49.67
21 3911 66.19 66.19
24 3911 -169.6 -169.6
26 3911 119.6 119.6
28 3911 172.28 172.28
29 3911 225.02 225.02
19 3912 -46.18 -46.18
21 3912 68.37 68.37
26 3912 122.26 122.26
28 3912 174.74 174.74
29 3912 227.2 227.2
19 3913 -46.18 -46.18
21 3913 68.37 68.37
24 3913 -164.69 -164.69
25 3913 -296.66 -296.66
26 3913 122.26 122.26
28 3913 174.74 174.74
29 3913 227.2 227.2
19 3914 -289.37 -289.37
21 3914 -139.56 -139.56
23 3914 -212.34 -212.34
26 3914 -70.71 -70.71
19 3915 -319.82 -319.82
23 3915 -240.12 -240.12
19 3916 -284.17 -284.17
21 3916 -134.99 -134.99
23 3916 -207.38 -207.38
26 3916 -66.32 -66.32
19 3917 -272.92 -272.92
21 3917 -125.19 -125.19
23 3917 -196.93 -196.93
19 3918 -10.08 -10.08
21 3918 100.06 100.06
24 3918 -123.73 -123.73
19 3919 -269.46 -269.46
21 3919 -122.5 -122.5
23 3919 -194.07 -194.07
26 3919 -54.99 -54.99
28 3919 10.06 10.06
19 3920 -269.46 -269.46
21 3920 -122.5 -122.5
23 3920 -194.07 -194.07
26 3920 -54.99 -54.99
28 3920 10.06 10.06
19 3921 -289.48 -289.48
23 3921 -212.4 -212.4
26 3921 -70.61 -70.61
19 3922 -283.04 -283.04
21 3922 -134.1 -134.1
26 3922 -65.6 -65.6
19 3923 -293.62 -293.62
21 3923 -143.01 -143.01
23 3923 -216.12 -216.12
26 3923 -73.8 -73.8
28 3923 -7.28 -7.28
19 3924 -293.62 -293.62
23 3924 -216.12 -216.12
28 3924 -7.28 -7.28
19 3925 -148.98 -148.98
23 3925 -80.88 -80.88
19 3926 242.26 242.26
21 3926 321.08 321.08
24 3926 163.4 163.4
26 3926 360.24 360.24
19 3927 251.23 251.23
21 3927 330.41 330.41
32 3927 -46.84 -46.84
37 3927 -0.549988 -0.549988
44 3927 -98.6 -98.6
19 3928 296.03 296.03
23 3928 333.54 333.54
25 3928 146.18 146.18
27 3928 186.75 186.75
19 3929 309.33 309.33
23 3929 346.03 346.03
24 3929 238.38 238.38
25 3929 162.15 162.15
27 3929 202.34 202.34
46 3929 -146.35 -146.35
48 3929 -192.6 -192.6
19 3930 181.76 181.76
23 3930 225.67 225.67
25 3930 1.44 1.44
27 3930 50.73 50.73
31 3930 -49.73 -49.73
37 3930 -100.49 -100.49
40 3930 -337.05 -337.05
41 3930 -274.3 -274.3
44 3930 -212.69 -212.69
46 3930 -395.47 -395.47
19 3931 324.55 324.55
23 3931 360.48 360.48
19 3932 -395.57 -395.57
21 3932 -230.14 -230.14
19 3933 -300.8 -300.8
21 3933 -180.44 -180.44
19 3934 -300.8 -300.8
21 3934 -180.44 -180.44
19 3935 -245.19 -245.19
23 3935 -144.55 -144.55
19 3936 198.3 198.3
21 3936 280.95 280.95
19 3937 -132.86 -132.86
23 3937 -73.08 -73.08
24 3937 -254.72 -254.72
25 3937 -389.68 -389.68
27 3937 -317.79 -317.79
19 3938 -9.42001 -9.42001
21 3938 98.52 98.52
23 3938 45.82 45.82
24 3938 -121.84 -121.84
25 3938 -245.03 -245.03
27 3938 -179.98 -179.98
31 3938 -313.61 -313.61
37 3938 -382.88 -382.88
19 3939 -279.71 -279.71
23 3939 -209.63 -209.63
26 3939 -78.61 -78.61
28 3939 -16.69 -16.69
19 3940 -24.17 -24.17
23 3940 33.32 33.32
25 3940 -269.22 -269.22
27 3940 -201.39 -201.39
19 3941 -74.04 -74.04
21 3941 44.06 44.06
26 3941 99.74 99.74
19 3942 -74.04 -74.04
21 3942 44.06 44.06
26 3942 99.74 99.74
19 3943 -21.31 -21.31
23 3943 52.21 52.21
19 3944 -141.53 -141.53
21 3944 -24.02 -24.02
42 3944 239.98 239.98
19 3945 -109.59 -109.59
21 3945 64 64
23 3945 -19.64 -19.64
19 3946 -168.35 -168.35
23 3946 -70.5 -70.5
19 3947 200.99 200.99
21 3947 353.14 353.14
23 3947 280.55 280.55
24 3947 26.76 26.76
25 3947 -184.8 -184.8
27 3947 -70.99 -70.99
19 3948 -269.17 -269.17
21 3948 -41.47 -41.47
19 3949 -318.67 -318.67
23 3949 -239.3 -239.3
19 3950 -296.72 -296.72
21 3950 -146.01 -146.01
23 3950 -219.21 -219.21
26 3950 -76.78 -76.78
19 3951 -318.04 -318.04
21 3951 -163.59 -163.59
23 3951 -238.81 -238.81
26 3951 -92.94 -92.94
28 3951 -24.93 -24.93
29 3951 40.96 40.96
36 3951 103.12 103.12
42 3951 161.26 161.26
19 3952 -301.01 -301.01
23 3952 -222.97 -222.97
19 3953 -301.01 -301.01
23 3953 -222.97 -222.97
19 3954 -5.78 -5.78
21 3954 105.61 105.61
23 3954 52.3 52.3
24 3954 -118.85 -118.85
26 3954 157.09 157.09
28 3954 205.46 205.46
29 3954 256.41 256.41
19 3955 -41.21 -41.21
23 3955 17.16 17.16
19 3956 -281.27 -281.27
21 3956 -132.48 -132.48
23 3956 -204.62 -204.62
26 3956 -64.3 -64.3
28 3956 1.48999 1.48999
29 3956 65.32 65.32
19 3957 -299.85 -299.85
21 3957 -148 -148
23 3957 -221.59 -221.59
28 3957 -11.62 -11.62
29 3957 53.21 53.21
19 3958 -324.76 -324.76
21 3958 -169.35 -169.35
23 3958 -244.58 -244.58
26 3958 -97.88 -97.88
28 3958 -29.63 -29.63
29 3958 36.69 36.69
36 3958 99.1 99.1
42 3958 157.46 157.46
19 3959 -71.14 -71.14
23 3959 -10.36 -10.36
26 3959 102.06 102.06
19 3960 -19.3 -19.3
23 3960 37.44 37.44
27 3960 -193.72 -193.72
28 3960 194.84 194.84
19 3961 -11.98 -11.98
21 3961 97.99 97.99
25 3961 -250.83 -250.83
27 3961 -184.81 -184.81
28 3961 200.67 200.67
31 3961 -320.98 -320.98
19 3962 -5.20999 -5.20999
21 3962 103.26 103.26
24 3962 -118.19 -118.19
26 3962 154.56 154.56
27 3962 -176.38 -176.38
31 3962 -311.37 -311.37
37 3962 -381.55 -381.55
19 3963 -33.57 -33.57
23 3963 24.1 24.1
25 3963 -279.82 -279.82
19 3964 -26.57 -26.57
23 3964 30.72 30.72
26 3964 137.84 137.84
19 3965 -19.42 -19.42
21 3965 91.55 91.55
27 3965 -193.66 -193.66
28 3965 194.73 194.73
31 3965 -331.59 -331.59
36 3965 296.08 296.08
19 3966 -399.6 -399.6
23 3966 -313.86 -313.86
19 3967 -132.92 -132.92
21 3967 -15.62 -15.62
23 3967 -73.21 -73.21
19 3968 -124.96 -124.96
21 3968 -9.70999 -9.70999
23 3968 -65.91 -65.91
26 3968 45.17 45.17
28 3968 98.32 98.32
29 3968 151.61 151.61
19 3969 214.1 214.1
23 3969 293.26 293.26
24 3969 40.21 40.21
25 3969 -170.63 -170.63
27 3969 -57.2 -57.2
19 3970 -321.45 -321.45
21 3970 -166.46 -166.46
23 3970 -241.66 -241.66
26 3970 -95.14 -95.14
28 3970 -27.09 -27.09
29 3970 38.87 38.87
36 3970 101.21 101.21
42 3970 159.5 159.5
19 3971 -28.44 -28.44
21 3971 84.06 84.06
19 3972 -283.14 -283.14
21 3972 -133.94 -133.94
28 3972 0.119995 0.119995
36 3972 124.83 124.83
19 3973 -141.7 -141.7
23 3973 -74.26 -74.26
19 3974 -173.74 -173.74
23 3974 -110.64 -110.64
19 3975 -128.49 -128.49
21 3975 -12.41 -12.41
26 3975 42.21 42.21
28 3975 95.63 95.63
29 3975 149.06 149.06
19 3976 -281.03 -281.03
23 3976 -210.12 -210.12
19 3977 121.8 121.8
23 3977 164.84 164.84
24 3977 35.82 35.82
27 3977 -7.45001 -7.45001
31 3977 -105.23 -105.23
32 3977 -206.05 -206.05
37 3977 -154.44 -154.44
40 3977 -383.71 -383.71
41 3977 -323.23 -323.23
19 3978 -303.74 -303.74
23 3978 -232.08 -232.08
26 3978 -96.77 -96.77
19 3979 -326.78 -326.78
23 3979 -154.93 -154.93
19 3980 -358.28 -358.28
23 3980 -126.48 -126.48
19 3981 -62.94 -62.94
21 3981 54.32 54.32
23 3981 -1.37 -1.37
28 3981 162.84 162.84
19 3982 -248.81 -248.81
23 3982 -146.61 -146.61
19 3983 -304.83 -304.83
23 3983 -232.65 -232.65
19 3984 116.5 116.5
23 3984 164.68 164.68
19 3985 -21.47 -21.47
21 3985 88.57 88.57
23 3985 34.15 34.15
25 3985 -262.24 -262.24
26 3985 139.13 139.13
27 3985 -195.33 -195.33
28 3985 190.4 190.4
31 3985 -332.74 -332.74
19 3986 -380.53 -380.53
23 3986 -301.16 -301.16
19 3987 -108.25 -108.25
21 3987 15.6 15.6
23 3987 -45.36 -45.36
26 3987 72.7 72.7
19 3988 -138.97 -138.97
21 3988 -8.38001 -8.38001
23 3988 -72.58 -72.58
19 3989 -29.52 -29.52
21 3989 83 83
23 3989 27.95 27.95
28 3989 187.21 187.21
31 3989 -346.42 -346.42
19 3990 -75.82 -75.82
21 3990 42.84 42.84
23 3990 -15.28 -15.28
24 3990 -199.53 -199.53
26 3990 98.06 98.06
28 3990 152.17 152.17
19 3991 -38.69 -38.69
23 3991 19.08 19.08
26 3991 128.52 128.52
28 3991 180.51 180.51
19 3992 -239.83 -239.83
23 3992 -140.95 -140.95
19 3993 -312.01 -312.01
21 3993 -169.39 -169.39
23 3993 -238.89 -238.89
26 3993 -103.22 -103.22
29 3993 23.05 23.05
19 3994 -312.01 -312.01
21 3994 -169.39 -169.39
23 3994 -238.89 -238.89
26 3994 -103.22 -103.22
29 3994 23.05 23.05
19 3995 -128.21 -128.21
21 3995 -11.5 -11.5
23 3995 -68.52 -68.52
19 3996 -44.93 -44.93
21 3996 70.03 70.03
23 3996 13.7 13.7
26 3996 123.53 123.53
28 3996 175.91 175.91
31 3996 -369.6 -369.6
19 3997 -313.64 -313.64
23 3997 -239.92 -239.92
19 3998 -313.64 -313.64
21 3998 -170.36 -170.36
23 3998 -239.92 -239.92
26 3998 -104.04 -104.04
28 3998 -40.28 -40.28
19 3999 -312.99 -312.99
23 3999 -239.55 -239.55
19 4000 -189.56 -189.56
23 4000 -89.96 -89.96
19 4001 -257.07 -257.07
23 4001 -155.72 -155.72
19 4002 283.93 283.93
21 4002 359.15 359.15
23 4002 320.66 320.66
24 4002 207.88 207.88
27 4002 169 169
19 4003 235.62 235.62
23 4003 275.83 275.83
31 4003 25.36 25.36
19 4004 -285.37 -285.37
23 4004 -177.14 -177.14
19 4005 -128.67 -128.67
21 4005 45.92 45.92
23 4005 -38.07 -38.07
19 4006 -38.68 -38.68
23 4006 24.9 24.9
19 4007 -87.33 -87.33
23 4007 -7.20999 -7.20999
21 4008 -99.23 -99.23
23 4008 -167.93 -167.93
21 4009 -62.88 -62.88
23 4009 -151 -151
21 4010 -169.51 -169.51
23 4010 -199.9 -199.9
21 4011 -130.98 -130.98
23 4011 -203.02 -203.02
21 4012 -109.95 -109.95
23 4012 -180.3 -180.3
26 4012 -43.38 -43.38
21 4013 -129.25 -129.25
23 4013 -201.26 -201.26
21 4014 -129.25 -129.25
23 4014 -201.26 -201.26
21 4015 -126.51 -126.51
23 4015 -198.27 -198.27
21 4016 -126.51 -126.51
23 4016 -198.27 -198.27
21 4017 -150.37 -150.37
23 4017 -224.1 -224.1
21 4018 67.5 67.5
23 4018 11.85 11.85
25 4018 -298.08 -298.08
31 4018 -371.43 -371.43
21 4019 78.48 78.48
23 4019 23.1 23.1
26 4019 132.03 132.03
28 4019 183.62 183.62
21 4020 67.6 67.6
23 4020 11.74 11.74
21 4021 32.46 32.46
23 4021 -25.85 -25.85
21 4022 -103.4 -103.4
23 4022 -172.84 -172.84
24 4022 -399.19 -399.19
28 4022 26.79 26.79
29 4022 88.96 88.96
21 4023 106.44 106.44
23 4023 53.24 53.24
24 4023 -114.76 -114.76
27 4023 -172.75 -172.75
29 4023 258.6 258.6
21 4024 -227.81 -227.81
23 4024 -307.5 -307.5
21 4025 179.34 179.34
23 4025 134.46 134.46
21 4026 -16.15 -16.15
23 4026 -73.43 -73.43
21 4027 62.02 62.02
23 4027 6.38 6.38
31 4027 -375.52 -375.52
21 4028 47.04 47.04
23 4028 -5.72 -5.72
24 4028 -177.2 -177.2
29 4028 208.4 208.4
21 4029 210.71 210.71
23 4029 169.04 169.04
24 4029 40.58 40.58
31 4029 -100.33 -100.33
32 4029 -200.83 -200.83
40 4029 -375.95 -375.95
21 4030 76.43 76.43
23 4030 21.54 21.54
25 4030 -287.24 -287.24
21 4031 354.38 354.38
23 4031 281.98 281.98
24 4031 28.51 28.51
27 4031 -68.12 -68.12
21 4032 -107.15 -107.15
23 4032 -175.51 -175.51
36 4032 144.7 144.7
21 4033 -121.86 -121.86
23 4033 -193.38 -193.38
26 4033 -54.76 -54.76
28 4033 10.57 10.57
29 4033 73.78 73.78
42 4033 189.85 189.85
21 4034 -122.97 -122.97
23 4034 -194.34 -194.34
26 4034 -55.32 -55.32
29 4034 72.83 72.83
21 4035 -113.43 -113.43
23 4035 -184.07 -184.07
26 4035 -46.77 -46.77
28 4035 17.89 17.89
36 4035 140.04 140.04
21 4036 -113.43 -113.43
23 4036 -184.07 -184.07
28 4036 17.89 17.89
21 4037 72.86 72.86
23 4037 17.44 17.44
21 4038 -123.25 -123.25
23 4038 -194.66 -194.66
28 4038 9.41 9.41
21 4039 -118.83 -118.83
23 4039 -189.89 -189.89
26 4039 -51.62 -51.62
29 4039 76.25 76.25
21 4040 -111.08 -111.08
23 4040 -181.37 -181.37
26 4040 -44.42 -44.42
29 4040 82.52 82.52
21 4041 103.78 103.78
23 4041 50.25 50.25
29 4041 256.47 256.47
21 4042 109.46 109.46
23 4042 56.55 56.55
24 4042 -110.47 -110.47
26 4042 160.46 160.46
28 4042 210.86 210.86
21 4043 121.69 121.69
23 4043 68.52 68.52
21 4044 381.79 381.79
23 4044 346.03 346.03
21 4045 -22.94 -22.94
23 4045 -81.06 -81.06
21 4046 11.7 11.7
23 4046 -47.91 -47.91
26 4046 67.97 67.97
28 4046 123 123
36 4046 232.55 232.55
42 4046 281.34 281.34
21 4047 32.03 32.03
23 4047 -10.16 -10.16
21 4048 358.08 358.08
23 4048 285.49 285.49
21 4049 -256.92 -256.92
23 4049 -396.43 -396.43
21 4050 11.79 11.79
23 4050 -121.93 -121.93
21 4051 -179.24 -179.24
23 4051 -244.24 -244.24
21 4052 372.89 372.89
23 4052 338.68 338.68
21 4053 123.36 123.36
23 4053 71.3 71.3
24 4053 -93.13 -93.13
25 4053 -213.63 -213.63
26 4053 173.76 173.76
27 4053 -149.68 -149.68
31 4053 -280.76 -280.76
37 4053 -348.79 -348.79
21 4054 -192.87 -192.87
23 4054 -263.82 -263.82
21 4055 328.12 328.12
23 4055 288.84 288.84
25 4055 86 86
31 4055 40.86 40.86
37 4055 -4.62 -4.62
41 4055 -156.8 -156.8
21 4056 -19.59 -19.59
23 4056 -77.14 -77.14
29 4056 143.78 143.78
36 4056 195.1 195.1
21 4057 -19.94 -19.94
23 4057 -77.4 -77.4
21 4058 82.09 82.09
23 4058 28.23 28.23
21 4059 45.86 45.86
23 4059 -36.64 -36.64
21 4060 349.22 349.22
23 4060 276.19 276.19
21 4061 -20.43 -20.43
23 4061 -83.47 -83.47
21 4062 -134.79 -134.79
23 4062 -207.28 -207.28
28 4062 -0.269989 -0.269989
29 4062 63.43 63.43
36 4062 124.43 124.43
42 4062 181.23 181.23
21 4063 88.83 88.83
23 4063 34.2 34.2
25 4063 -265.41 -265.41
27 4063 -197.82 -197.82
28 4063 192.49 192.49
21 4064 53.87 53.87
23 4064 -3.59 -3.59
28 4064 161.83 161.83
21 4065 334.44 334.44
23 4065 297.94 297.94
21 4066 -138.65 -138.65
23 4066 -205.35 -205.35
28 4066 -13.4 -13.4
29 4066 47.17 47.17
21 4067 195.29 195.29
23 4067 153.12 153.12
21 4068 -144.06 -144.06
23 4068 -210.01 -210.01
26 4068 -79.89 -79.89
21 4069 -133.57 -133.57
23 4069 -199.6 -199.6
26 4069 -69.77 -69.77
28 4069 -8.84 -8.84
29 4069 51.28 51.28
21 4070 322.16 322.16
23 4070 252.07 252.07
21 4071 322.16 322.16
23 4071 252.07 252.07
21 4072 34.4 34.4
23 4072 -53.63 -53.63
21 4073 -179.09 -179.09
23 4073 -248.92 -248.92
21 4074 50.62 50.62
23 4074 -31.31 -31.31
21 4075 50.62 50.62
23 4075 -31.31 -31.31
21 4076 -78.58 -78.58
23 4076 -191.11 -191.11
21 4077 -154.32 -154.32
23 4077 -221.74 -221.74
29 4077 35.06 35.06
42 4077 148.04 148.04
21 4078 40.08 40.08
23 4078 -17.38 -17.38
26 4078 96.09 96.09
21 4079 -216.99 -216.99
23 4079 -295.18 -295.18
26 4079 -140.26 -140.26
21 4080 -186.84 -186.84
23 4080 -256.93 -256.93
26 4080 -120.7 -120.7
28 4080 -57.67 -57.67
21 4081 117.17 117.17
23 4081 88.28 88.28
0 4082 -164.95 -164.95
25 4082 86.78 86.78
27 4082 130.41 130.41
31 4082 40.86 40.86
0 4083 -310.28 -310.28
26 4083 150.42 150.42
28 4083 200.83 200.83
0 4084 -372.69 -372.69
24 4084 -209.69 -209.69
0 4085 -308.96 -308.96
28 4085 170.1 170.1
0 4086 -290.84 -290.84
28 4086 220.69 220.69
0 4087 -325.51 -325.51
28 4087 188.41 188.41
0 4088 -315.67 -315.67
28 4088 196.83 196.83
0 4089 -262.02 -262.02
28 4089 254.42 254.42
0 4090 -301.17 -301.17
28 4090 187.99 187.99
29 4090 262.44 262.44
0 4091 -319.02 -319.02
26 4091 98.14 98.14
28 4091 173.94 173.94
29 4091 247.04 247.04
0 4092 -307.28 -307.28
28 4092 206.1 206.1
29 4092 256.03 256.03
1 4093 -324.5 -324.5
28 4093 85.7 85.7
36 4093 192 192
42 4093 240.07 240.07
1 4094 -317 -317
26 4094 39.5 39.5
28 4094 93.57 93.57
29 4094 146.95 146.95
42 4094 246.51 246.51
2 4095 -374.51 -374.51
24 4095 -123.11 -123.11
2 4096 -263.37 -263.37
26 4096 240.18 240.18
28 4096 301.69 301.69
2 4097 -385.15 -385.15
25 4097 -253.66 -253.66
27 4097 -188.18 -188.18
31 4097 -322.86 -322.86
37 4097 -392.73 -392.73
2 4098 -208.15 -208.15
26 4098 239.08 239.08
2 4099 -324.54 -324.54
26 4099 129.15 129.15
2 4100 -261.33 -261.33
26 4100 240.77 240.77
28 4100 303.67 303.67
2 4101 -358.3 -358.3
26 4101 112.41 112.41
28 4101 215.9 215.9
2 4102 -356.19 -356.19
26 4102 166.31 166.31
3 4103 -287.83 -287.83
28 4103 167.25 167.25
3 4104 -291.47 -291.47
26 4104 114.67 114.67
3 4105 -183.79 -183.79
28 4105 29.63 29.63
4 4106 -301.12 -301.12
27 4106 -80.51 -80.51
4 4107 -355.47 -355.47
25 4107 157.91 157.91
5 4108 -219.27 -219.27
24 4108 -178.11 -178.11
5 4109 -287.59 -287.59
28 4109 79.13 79.13
29 4109 133.46 133.46
36 4109 185.82 185.82
42 4109 234.44 234.44
5 4110 -332.79 -332.79
28 4110 10.81 10.81
42 4110 186.06 186.06
6 4111 -365.19 -365.19
24 4111 37.39 37.39
25 4111 -54.44 -54.44
32 4111 -205.31 -205.31
41 4111 -322.15 -322.15
6 4112 -292.26 -292.26
24 4112 -31.42 -31.42
25 4112 -219.67 -219.67
6 4113 -243.98 -243.98
25 4113 81.76 81.76
31 4113 35.6 35.6
6 4114 -272 -272
24 4114 124.93 124.93
25 4114 34.82 34.82
26 4114 331.81 331.81
27 4114 81.91 81.91
6 4115 -253.27 -253.27
26 4115 351.36 351.36
6 4116 -348.53 -348.53
21 4116 221.75 221.75
26 4116 265.74 265.74
7 4117 -268.49 -268.49
26 4117 -210.68 -210.68
28 4117 -104.75 -104.75
29 4117 -6.67999 -6.67999
36 4117 82.07 82.07
42 4117 162.9 162.9
7 4118 -272.08 -272.08
28 4118 -109.59 -109.59
29 4118 -11.52 -11.52
36 4118 77.1 77.1
42 4118 157.37 157.37
8 4119 -344.36 -344.36
24 4119 94.58 94.58
8 4120 -310.92 -310.92
25 4120 38.12 38.12
27 4120 85.2 85.2
31 4120 -10.56 -10.56
32 4120 -108.65 -108.65
40 4120 -282.08 -282.08
41 4120 -222.99 -222.99
44 4120 -164.69 -164.69
48 4120 -392.45 -392.45
8 4121 -387.87 -387.87
26 4121 329.62 329.62
8 4122 -289.28 -289.28
25 4122 66.96 66.96
32 4122 -73.27 -73.27
44 4122 -126.4 -126.4
8 4123 -109.05 -109.05
27 4123 309.55 309.55
9 4124 -372.89 -372.89
24 4124 119.45 119.45
48 4124 -407 -407
9 4125 -372.89 -372.89
24 4125 119.45 119.45
48 4125 -407 -407
9 4126 -351.22 -351.22
25 4126 48.99 48.99
27 4126 95.6 95.6
31 4126 0.929993 0.929993
32 4126 -95.58 -95.58
37 4126 -46.48 -46.48
40 4126 -266.35 -266.35
41 4126 -208.07 -208.07
44 4126 -150.84 -150.84
46 4126 -320.53 -320.53
48 4126 -374.73 -374.73
9 4127 -307.66 -307.66
24 4127 178.83 178.83
9 4128 -311.02 -311.02
27 4128 135.1 135.1
9 4129 -353.13 -353.13
25 4129 47.37 47.37
27 4129 93.71 93.71
31 4129 -0.799988 -0.799988
32 4129 -97.57 -97.57
37 4129 -48.45 -48.45
40 4129 -268.59 -268.59
41 4129 -210.27 -210.27
44 4129 -152.81 -152.81
46 4129 -323.39 -323.39
48 4129 -377.9 -377.9
9 4130 -345.91 -345.91
27 4130 100.6 100.6
31 4130 7.10001 7.10001
32 4130 -89.1 -89.1
37 4130 -40.27 -40.27
40 4130 -258.35 -258.35
44 4130 -143.67 -143.67
46 4130 -312.45 -312.45
48 4130 -366.42 -366.42
9 4131 -348.23 -348.23
24 4131 140.03 140.03
25 4131 51.92 51.92
27 4131 98.12 98.12
31 4131 4.13 4.13
32 4131 -92.16 -92.16
37 4131 -43.04 -43.04
40 4131 -261.86 -261.86
41 4131 -203.9 -203.9
44 4131 -147 -147
46 4131 -316.08 -316.08
48 4131 -370.26 -370.26
9 4132 -330.31 -330.31
25 4132 -36.56 -36.56
9 4133 -176.06 -176.06
19 4133 319.97 319.97
9 4134 -268.54 -268.54
24 4134 118.52 118.52
9 4135 -323.29 -323.29
27 4135 123.49 123.49
44 4135 -111.49 -111.49
9 4136 -369.36 -369.36
24 4136 122.31 122.31
25 4136 32.26 32.26
27 4136 79.47 79.47
31 4136 -16.8 -16.8
32 4136 -115.87 -115.87
37 4136 -65.45 -65.45
40 4136 -290.83 -290.83
41 4136 -231.23 -231.23
44 4136 -172.32 -172.32
46 4136 -346.61 -346.61
48 4136 -402.03 -402.03
9 4137 -363 -363
25 4137 38.12 38.12
27 4137 85.2 85.2
31 4137 -10.56 -10.56
32 4137 -108.65 -108.65
40 4137 -282.08 -282.08
41 4137 -222.99 -222.99
44 4137 -164.69 -164.69
46 4137 -337.51 -337.51
48 4137 -392.45 -392.45
9 4138 -268.06 -268.06
24 4138 223.52 223.52
31 4138 103.48 103.48
9 4139 -360.98 -360.98
19 4139 211.83 211.83
24 4139 129.02 129.02
25 4139 40.04 40.04
27 4139 87.09 87.09
31 4139 -8.53 -8.53
32 4139 -106.47 -106.47
37 4139 -56.63 -56.63
40 4139 -278.8 -278.8
48 4139 -389.52 -389.52
9 4140 -315 -315
19 4140 248.72 248.72
27 4140 129.63 129.63
9 4141 -344.64 -344.64
27 4141 101.4 101.4
32 4141 -87.66 -87.66
9 4142 -139.37 -139.37
25 4142 208.85 208.85
10 4143 -188.3 -188.3
26 4143 -209.44 -209.44
29 4143 -7.06 -7.06
10 4144 331.98 331.98
22 4144 255.85 255.85
11 4145 -295.07 -295.07
22 4145 -271.4 -271.4
11 4146 -331.94 -331.94
28 4146 -149.95 -149.95
29 4146 -74.02 -74.02
11 4147 -356.73 -356.73
26 4147 -240.42 -240.42
28 4147 -160.94 -160.94
29 4147 -84.28 -84.28
36 4147 -13.17 -13.17
12 4148 -363.4 -363.4
24 4148 210.15 210.15
25 4148 130.94 130.94
27 4148 172.48 172.48
31 4148 88.02 88.02
32 4148 2.56 2.56
44 4148 -45.81 -45.81
46 4148 -194.32 -194.32
48 4148 -242.58 -242.58
12 4149 -311.85 -311.85
25 4149 177.22 177.22
12 4150 -372.35 -372.35
27 4150 99.72 99.72
12 4151 -357.25 -357.25
24 4151 214.86 214.86
25 4151 136.16 136.16
27 4151 177.52 177.52
31 4151 93.41 93.41
32 4151 8.48001 8.48001
37 4151 51.67 51.67
44 4151 -39.4 -39.4
46 4151 -186.71 -186.71
48 4151 -234.75 -234.75
12 4152 -260.74 -260.74
27 4152 184.37 184.37
12 4153 -253.89 -253.89
27 4153 234.05 234.05
12 4154 -242.62 -242.62
24 4154 326.67 326.67
27 4154 282.43 282.43
12 4155 -275.51 -275.51
27 4155 248.17 248.17
12 4156 -288.61 -288.61
24 4156 283.19 283.19
27 4156 211.83 211.83
12 4157 -305.68 -305.68
27 4157 156.81 156.81
13 4158 314.03 314.03
22 4158 271.6 271.6
13 4159 -366.52 -366.52
28 4159 -358.1 -358.1
29 4159 -262.47 -262.47
36 4159 -175.6 -175.6
13 4160 -206.06 -206.06
16 4160 -146.53 -146.53
22 4160 -164.66 -164.66
13 4161 305.52 305.52
22 4161 264.56 264.56
13 4162 305.52 305.52
22 4162 264.56 264.56
13 4163 -228.51 -228.51
22 4163 -189.6 -189.6
13 4164 -224.55 -224.55
22 4164 -186.05 -186.05
13 4165 -220.97 -220.97
22 4165 -183.34 -183.34
13 4166 -333.95 -333.95
28 4166 -309.81 -309.81
29 4166 -219.08 -219.08
36 4166 -135.63 -135.63
13 4167 -358.59 -358.59
16 4167 -318.4 -318.4
13 4168 -341.78 -341.78
28 4168 -321.26 -321.26
29 4168 -229.29 -229.29
36 4168 -145.19 -145.19
13 4169 -338.71 -338.71
22 4169 -276.89 -276.89
13 4170 307.43 307.43
22 4170 266.09 266.09
13 4171 -228.34 -228.34
22 4171 -189.34 -189.34
13 4172 -367.03 -367.03
28 4172 -357.68 -357.68
29 4172 -262.47 -262.47
36 4172 -175.54 -175.54
13 4173 141.03 141.03
16 4173 122.5 122.5
39 4173 97.03 97.03
43 4173 96.43 96.43
13 4174 -212.8 -212.8
16 4174 -153.1 -153.1
22 4174 -178.37 -178.37
13 4175 306.65 306.65
22 4175 265.49 265.49
13 4176 -262.02 -262.02
16 4176 -186.49 -186.49
22 4176 -217.61 -217.61
13 4177 -378.85 -378.85
28 4177 -376.15 -376.15
29 4177 -278.79 -278.79
42 4177 -110.15 -110.15
13 4178 280.58 280.58
22 4178 246.25 246.25
13 4179 284.93 284.93
22 4179 250.94 250.94
13 4180 373.22 373.22
22 4180 321.99 321.99
13 4181 -322.26 -322.26
26 4181 -379.76 -379.76
28 4181 -288.7 -288.7
29 4181 -200.78 -200.78
36 4181 -118.57 -118.57
13 4182 -330.46 -330.46
16 4182 -238.2 -238.2
22 4182 -276.1 -276.1
30 4182 -213.25 -213.25
34 4182 -193.75 -193.75
39 4182 -152.59 -152.59
43 4182 -173.86 -173.86
13 4183 -233.93 -233.93
16 4183 -166.98 -166.98
22 4183 -194.39 -194.39
13 4184 -250.47 -250.47
22 4184 -208.83 -208.83
13 4185 -238.24 -238.24
16 4185 -169.98 -169.98
22 4185 -198.51 -198.51
13 4186 -238.24 -238.24
22 4186 -198.51 -198.51
13 4187 -371.65 -371.65
28 4187 -365.78 -365.78
29 4187 -269.22 -269.22
13 4188 339.26 339.26
16 4188 263.43 263.43
22 4188 297.52 297.52
30 4188 235.22 235.22
39 4188 191.1 191.1
43 4188 196.99 196.99
45 4188 187.03 187.03
13 4189 309.44 309.44
22 4189 268.18 268.18
13 4190 364.33 364.33
22 4190 315.98 315.98
14 4191 -215.4 -215.4
27 4191 259.44 259.44
14 4192 -262.99 -262.99
18 4192 302.3 302.3
24 4192 267.25 267.25
25 4192 192.3 192.3
27 4192 231.75 231.75
14 4193 -345.7 -345.7
18 4193 223.05 223.05
27 4193 145.93 145.93
37 4193 13.82 13.82
40 4193 -187.02 -187.02
44 4193 -80.83 -80.83
14 4194 -319.71 -319.71
25 4194 128.28 128.28
14 4195 -353.65 -353.65
24 4195 178.61 178.61
14 4196 -120.1 -120.1
25 4196 312.04 312.04
31 4196 205.94 205.94
14 4197 -282.35 -282.35
25 4197 169.7 169.7
14 4198 -282.35 -282.35
25 4198 169.7 169.7
27 4198 209.06 209.06
14 4199 -252.97 -252.97
24 4199 278.73 278.73
14 4200 -226.36 -226.36
24 4200 277.39 277.39
14 4201 -349.23 -349.23
18 4201 220.4 220.4
25 4201 110.67 110.67
31 4201 71.04 71.04
37 4201 31.56 31.56
46 4201 -187.75 -187.75
48 4201 -230.97 -230.97
14 4202 -349.23 -349.23
18 4202 220.4 220.4
24 4202 184.91 184.91
25 4202 110.67 110.67
31 4202 71.04 71.04
32 4202 -8.5 -8.5
44 4202 -52.6 -52.6
14 4203 -195.4 -195.4
27 4203 242.3 242.3
14 4204 -349.44 -349.44
18 4204 220.15 220.15
25 4204 110.51 110.51
31 4204 70.59 70.59
32 4204 -9.03 -9.03
44 4204 -53.29 -53.29
46 4204 -188.79 -188.79
48 4204 -231.86 -231.86
14 4205 -370.87 -370.87
27 4205 38.02 38.02
14 4206 -189.33 -189.33
24 4206 306.6 306.6
14 4207 -179.3 -179.3
24 4207 324.05 324.05
14 4208 -242.45 -242.45
24 4208 288.78 288.78
15 4209 -340.89 -340.89
25 4209 188.52 188.52
32 4209 70.47 70.47
48 4209 -151.56 -151.56
15 4210 -234.08 -234.08
24 4210 371.42 371.42
27 4210 336.89 336.89
15 4211 -369.9 -369.9
24 4211 238.4 238.4
15 4212 -378.85 -378.85
24 4212 235.8 235.8
15 4213 -338.37 -338.37
25 4213 191.06 191.06
32 4213 73.23 73.23
48 4213 -148 -148
15 4214 -346.8 -346.8
24 4214 257.86 257.86
31 4214 144.12 144.12
40 4214 -71.31 -71.31
41 4214 -25.1 -25.1
46 4214 -115.03 -115.03
15 4215 -251.43 -251.43
25 4215 229.5 229.5
27 4215 317.29 317.29
31 4215 130.55 130.55
15 4216 -155.98 -155.98
25 4216 14.28 14.28
15 4217 -179.39 -179.39
25 4217 333.01 333.01
31 4217 228.06 228.06
32 4217 -19.54 -19.54
37 4217 113.78 113.78
41 4217 -390.27 -390.27
44 4217 -186.12 -186.12
15 4218 -360.1 -360.1
24 4218 290.38 290.38
27 4218 214.76 214.76
15 4219 -248.81 -248.81
24 4219 346.23 346.23
25 4219 281.45 281.45
27 4219 317.96 317.96
31 4219 247.38 247.38
15 4220 -240.14 -240.14
24 4220 359.19 359.19
15 4221 -270.87 -270.87
20 4221 -327.72 -327.72
15 4222 -270.87 -270.87
20 4222 -327.72 -327.72
15 4223 -252.52 -252.52
25 4223 279.21 279.21
37 4223 207.66 207.66
41 4223 93.47 93.47
44 4223 133.55 133.55
46 4223 15.73 15.73
48 4223 -21.39 -21.39
15 4224 -309.68 -309.68
25 4224 176.26 176.26
15 4225 -277.3 -277.3
25 4225 198.56 198.56
27 4225 288.68 288.68
31 4225 96.68 96.68
16 4226 -140.09 -140.09
22 4226 -164.04 -164.04
30 4226 -125.75 -125.75
16 4227 -153.1 -153.1
22 4227 -178.37 -178.37
16 4228 228.58 228.58
22 4228 258.52 258.52
16 4229 238.09 238.09
22 4229 270.53 270.53
16 4230 238.09 238.09
22 4230 270.53 270.53
16 4231 -222.64 -222.64
22 4231 -257.8 -257.8
16 4232 -217.49 -217.49
22 4232 -250.94 -250.94
16 4233 233.16 233.16
22 4233 262.15 262.15
30 4233 208.1 208.1
16 4234 -180.86 -180.86
22 4234 -211.18 -211.18
30 4234 -161.11 -161.11
16 4235 -180.91 -180.91
22 4235 -211.42 -211.42
16 4236 -182.38 -182.38
22 4236 -212.77 -212.77
16 4237 -182.38 -182.38
22 4237 -212.77 -212.77
30 4237 -162.71 -162.71
34 4237 -147.93 -147.93
16 4238 -296.56 -296.56
22 4238 -348.27 -348.27
16 4239 -290.64 -290.64
22 4239 -339.57 -339.57
16 4240 -318.4 -318.4
22 4240 -377.61 -377.61
16 4241 -288.34 -288.34
22 4241 -336.95 -336.95
16 4242 -278.25 -278.25
22 4242 -323.47 -323.47
16 4243 349.41 349.41
22 4243 393.8 393.8
16 4244 -301.05 -301.05
22 4244 -354.34 -354.34
36 4244 -242.52 -242.52
42 4244 -158.67 -158.67
16 4245 -276.31 -276.31
22 4245 -320.73 -320.73
30 4245 -247.14 -247.14
16 4246 -273.42 -273.42
22 4246 -317.92 -317.92
42 4246 -111.43 -111.43
16 4247 -281.65 -281.65
22 4247 -328.08 -328.08
16 4248 -312.07 -312.07
22 4248 -369.25 -369.25
16 4249 -290.91 -290.91
22 4249 -340.59 -340.59
36 4249 -224.48 -224.48
42 4249 -141.83 -141.83
16 4250 -284.11 -284.11
22 4250 -331.62 -331.62
16 4251 -284.11 -284.11
22 4251 -331.62 -331.62
28 4251 -402.89 -402.89
16 4252 352.51 352.51
22 4252 396.25 396.25
16 4253 349.92 349.92
22 4253 393.79 393.79
16 4254 343.57 343.57
22 4254 385.9 385.9
16 4255 319.23 319.23
22 4255 368.21 368.21
16 4256 319.98 319.98
22 4256 369.35 369.35
30 4256 280.1 280.1
16 4257 276.92 276.92
22 4257 318.04 318.04
30 4257 243.17 243.17
16 4258 341.15 341.15
22 4258 391.74 391.74
30 4258 299.89 299.89
16 4259 -235.47 -235.47
22 4259 -273.95 -273.95
30 4259 -210.4 -210.4
16 4260 345.67 345.67
22 4260 396.5 396.5
30 4260 303.43 303.43
16 4261 -232.8 -232.8
22 4261 -270.22 -270.22
16 4262 -157.26 -157.26
22 4262 -183.14 -183.14
16 4263 252.34 252.34
22 4263 283.95 283.95
16 4264 313.85 313.85
22 4264 356.91 356.91
16 4265 313.85 313.85
22 4265 356.91 356.91
16 4266 -294.01 -294.01
22 4266 -345.28 -345.28
34 4266 -236.44 -236.44
36 4266 -232.69 -232.69
16 4267 -312.55 -312.55
22 4267 -369.91 -369.91
30 4267 -274.98 -274.98
34 4267 -248.36 -248.36
36 4267 -263.81 -263.81
42 4267 -177.91 -177.91
16 4268 -269.27 -269.27
22 4268 -312.12 -312.12
29 4268 -269.46 -269.46
30 4268 -241.03 -241.03
34 4268 -220.97 -220.97
42 4268 -102.13 -102.13
43 4268 -199.97 -199.97
16 4269 -269.27 -269.27
22 4269 -312.12 -312.12
30 4269 -241.03 -241.03
34 4269 -220.97 -220.97
43 4269 -199.97 -199.97
16 4270 -290.19 -290.19
22 4270 -339.88 -339.88
30 4270 -257.38 -257.38
16 4271 -281.41 -281.41
22 4271 -327.85 -327.85
28 4271 -396.5 -396.5
30 4271 -250.46 -250.46
34 4271 -228.72 -228.72
42 4271 -125.2 -125.2
16 4272 318.66 318.66
22 4272 367.9 367.9
30 4272 278.95 278.95
34 4272 246.61 246.61
16 4273 317.55 317.55
22 4273 366.68 366.68
16 4274 317.55 317.55
22 4274 366.68 366.68
30 4274 277.15 277.15
39 4274 214.46 214.46
16 4275 185.96 185.96
22 4275 253.69 253.69
16 4276 -226.85 -226.85
22 4276 -270.56 -270.56
30 4276 -199.1 -199.1
39 4276 -136.79 -136.79
43 4276 -158.02 -158.02
16 4277 346.23 346.23
22 4277 397.86 397.86
16 4278 -214.06 -214.06
22 4278 -247.15 -247.15
30 4278 -193.04 -193.04
16 4279 224.32 224.32
22 4279 250.94 250.94
16 4280 319.03 319.03
22 4280 364.07 364.07
30 4280 282.06 282.06
16 4281 321.9 321.9
22 4281 371.91 371.91
30 4281 281.8 281.8
34 4281 249.2 249.2
39 4281 218.59 218.59
43 4281 228.47 228.47
16 4282 321.9 321.9
22 4282 371.91 371.91
30 4282 281.8 281.8
34 4282 249.2 249.2
39 4282 218.59 218.59
43 4282 228.47 228.47
16 4283 289.44 289.44
22 4283 334.67 334.67
30 4283 251.9 251.9
34 4283 221.73 221.73
16 4284 -226.22 -226.22
22 4284 -312.3 -312.3
30 4284 -179.28 -179.28
16 4285 -168.73 -168.73
22 4285 -198.68 -198.68
16 4286 -320.43 -320.43
22 4286 -380.58 -380.58
30 4286 -281.25 -281.25
36 4286 -277.2 -277.2
42 4286 -190.36 -190.36
16 4287 -315.29 -315.29
22 4287 -373.03 -373.03
36 4287 -268.15 -268.15
42 4287 -182.19 -182.19
43 4287 -224.2 -224.2
16 4288 -308.53 -308.53
22 4288 -364.05 -364.05
30 4288 -271.8 -271.8
34 4288 -246.1 -246.1
36 4288 -257.16 -257.16
39 4288 -193.99 -193.99
42 4288 -171.8 -171.8
43 4288 -221.04 -221.04
45 4288 -168.46 -168.46
16 4289 -308.53 -308.53
22 4289 -364.05 -364.05
30 4289 -271.8 -271.8
34 4289 -246.1 -246.1
36 4289 -257.16 -257.16
42 4289 -171.8 -171.8
16 4290 -288.97 -288.97
22 4290 -337.47 -337.47
39 4290 -186.54 -186.54
42 4290 -138.73 -138.73
45 4290 -162.52 -162.52
16 4291 -263.21 -263.21
28 4291 -339.42 -339.42
29 4291 -245.34 -245.34
36 4291 -159.37 -159.37
16 4292 322.93 322.93
22 4292 373.02 373.02
30 4292 282.55 282.55
34 4292 249.98 249.98
39 4292 219.34 219.34
43 4292 229.42 229.42
45 4292 212.07 212.07
16 4293 322.93 322.93
22 4293 373.02 373.02
30 4293 282.55 282.55
34 4293 249.98 249.98
39 4293 219.34 219.34
43 4293 229.42 229.42
45 4293 212.07 212.07
16 4294 -176.94 -176.94
22 4294 -208.37 -208.37
16 4295 324.82 324.82
22 4295 375.1 375.1
30 4295 284.28 284.28
34 4295 253.37 253.37
16 4296 314.75 314.75
22 4296 357.56 357.56
16 4297 333.47 333.47
22 4297 380.28 380.28
16 4298 -298 -298
22 4298 -350.73 -350.73
30 4298 -263.74 -263.74
36 4298 -233.45 -233.45
39 4298 -189.16 -189.16
43 4298 -215.64 -215.64
45 4298 -164.9 -164.9
16 4299 -298 -298
22 4299 -350.73 -350.73
30 4299 -263.74 -263.74
36 4299 -233.45 -233.45
39 4299 -189.16 -189.16
43 4299 -215.64 -215.64
45 4299 -164.9 -164.9
16 4300 274.37 274.37
22 4300 310.16 310.16
30 4300 244.12 244.12
34 4300 219.05 219.05
39 4300 196.21 196.21
43 4300 202.73 202.73
45 4300 191.46 191.46
16 4301 315.48 315.48
22 4301 364.25 364.25
30 4301 276.27 276.27
34 4301 244.33 244.33
39 4301 214.79 214.79
43 4301 224.12 224.12
45 4301 207.74 207.74
16 4302 315.48 315.48
22 4302 364.25 364.25
30 4302 276.27 276.27
34 4302 244.33 244.33
45 4302 207.74 207.74
16 4303 329.42 329.42
22 4303 380.69 380.69
30 4303 288.34 288.34
34 4303 255 255
39 4303 223.63 223.63
43 4303 233.8 233.8
45 4303 216.07 216.07
16 4304 329.42 329.42
22 4304 380.69 380.69
30 4304 288.34 288.34
34 4304 255 255
39 4304 223.63 223.63
43 4304 233.8 233.8
45 4304 216.07 216.07
16 4305 314.62 314.62
22 4305 362.96 362.96
34 4305 243.26 243.26
16 4306 327.33 327.33
22 4306 378.19 378.19
30 4306 286.6 286.6
34 4306 253.38 253.38
39 4306 222.28 222.28
43 4306 232.32 232.32
16 4307 -318.57 -318.57
22 4307 -372.41 -372.41
30 4307 -283.18 -283.18
34 4307 -258.54 -258.54
36 4307 -215.29 -215.29
42 4307 -139.77 -139.77
16 4308 -318.53 -318.53
22 4308 -372.43 -372.43
30 4308 -281.88 -281.88
42 4308 -139.55 -139.55
16 4309 309.53 309.53
22 4309 355.87 355.87
30 4309 271.99 271.99
34 4309 239.86 239.86
39 4309 211.85 211.85
16 4310 203.37 203.37
22 4310 310.3 310.3
16 4311 -180.27 -180.27
22 4311 -212 -212
16 4312 -249.02 -249.02
22 4312 -292.1 -292.1
16 4313 -212.1 -212.1
22 4313 -244.99 -244.99
30 4313 -190.55 -190.55
16 4314 232.21 232.21
22 4314 260.96 260.96
16 4315 216 216
22 4315 305.72 305.72
16 4316 216 216
22 4316 305.72 305.72
16 4317 -170.59 -170.59
22 4317 -200.58 -200.58
16 4318 -160.81 -160.81
22 4318 -186.63 -186.63
30 4318 -143.29 -143.29
16 4319 -160.81 -160.81
22 4319 -186.63 -186.63
30 4319 -143.29 -143.29
16 4320 317.2 317.2
22 4320 362.94 362.94
30 4320 279.97 279.97
16 4321 266.82 266.82
22 4321 300.43 300.43
30 4321 236.63 236.63
34 4321 212.81 212.81
39 4321 191.74 191.74
43 4321 197.8 197.8
45 4321 187.83 187.83
16 4322 -322.91 -322.91
22 4322 -383.34 -383.34
42 4322 -192.34 -192.34
16 4323 267.79 267.79
22 4323 304.99 304.99
16 4324 330.4 330.4
22 4324 378.67 378.67
16 4325 -175.29 -175.29
22 4325 -203.98 -203.98
16 4326 228.06 228.06
22 4326 256.42 256.42
16 4327 -215.56 -215.56
22 4327 -253.85 -253.85
16 4328 -196.05 -196.05
22 4328 -228.7 -228.7
30 4328 -172.95 -172.95
16 4329 -226.53 -226.53
22 4329 -261.82 -261.82
16 4330 -190.11 -190.11
22 4330 -222.71 -222.71
30 4330 -169.29 -169.29
34 4330 -153.69 -153.69
39 4330 -118.98 -118.98
43 4330 -137.24 -137.24
45 4330 -100.72 -100.72
16 4331 231.55 231.55
22 4331 263.12 263.12
16 4332 322.14 322.14
22 4332 372.03 372.03
30 4332 281.95 281.95
17 4333 334.93 334.93
20 4333 314.41 314.41
35 4333 357.79 357.79
17 4334 -296.86 -296.86
25 4334 299.82 299.82
31 4334 265.95 265.95
32 4334 199.85 199.85
33 4334 -377.67 -377.67
35 4334 -333.34 -333.34
40 4334 88.62 88.62
41 4334 125.85 125.85
44 4334 163.3 163.3
46 4334 53.55 53.55
17 4335 -296.86 -296.86
25 4335 299.82 299.82
31 4335 265.95 265.95
32 4335 199.85 199.85
33 4335 -377.67 -377.67
35 4335 -333.34 -333.34
37 4335 233.46 233.46
40 4335 88.62 88.62
41 4335 125.85 125.85
44 4335 163.3 163.3
46 4335 53.55 53.55
17 4336 -254.48 -254.48
25 4336 343.38 343.38
27 4336 374.84 374.84
31 4336 311.57 311.57
32 4336 249.68 249.68
33 4336 -314.37 -314.37
35 4336 -282.01 -282.01
37 4336 280.79 280.79
38 4336 -355.85 -355.85
40 4336 146.84 146.84
41 4336 180.86 180.86
44 4336 215.51 215.51
46 4336 114.98 114.98
48 4336 83.25 83.25
17 4337 -353.6 -353.6
25 4337 254.66 254.66
17 4338 -238.42 -238.42
25 4338 362.46 362.46
33 4338 -291.23 -291.23
37 4338 301.71 301.71
38 4338 -327.19 -327.19
40 4338 172.19 172.19
41 4338 205.11 205.11
44 4338 238.59 238.59
47 4338 -370.45 -370.45
48 4338 111.79 111.79
17 4339 -244.58 -244.58
25 4339 355.02 355.02
31 4339 323.28 323.28
32 4339 262.9 262.9
33 4339 -299.87 -299.87
35 4339 -270.29 -270.29
37 4339 293.58 293.58
38 4339 -337.94 -337.94
40 4339 162.77 162.77
41 4339 195.81 195.81
44 4339 229.91 229.91
46 4339 132.57 132.57
47 4339 -383.3 -383.3
48 4339 101.39 101.39
17 4340 -355.54 -355.54
25 4340 253.18 253.18
17 4341 -318.24 -318.24
25 4341 281.79 281.79
27 4341 315.52 315.52
31 4341 246.46 246.46
35 4341 -359.57 -359.57
37 4341 213.07 213.07
40 4341 62.73 62.73
44 4341 140.53 140.53
46 4341 26.46 26.46
48 4341 -10.14 -10.14
17 4342 -309.45 -309.45
25 4342 288.37 288.37
40 4342 73.62 73.62
17 4343 -293.31 -293.31
27 4343 336.95 336.95
31 4343 269.57 269.57
32 4343 203.73 203.73
33 4343 -372.66 -372.66
35 4343 -328.89 -328.89
37 4343 237.38 237.38
41 4343 129.77 129.77
46 4343 57.56 57.56
48 4343 22.81 22.81
17 4344 -246.39 -246.39
25 4344 352.6 352.6
33 4344 -302.97 -302.97
35 4344 -272.72 -272.72
38 4344 -340.97 -340.97
40 4344 159.29 159.29
41 4344 192.75 192.75
48 4344 97.3 97.3
17 4345 -348.77 -348.77
27 4345 294.54 294.54
17 4346 -348.77 -348.77
27 4346 294.54 294.54
17 4347 -349.18 -349.18
27 4347 293.67 293.67
31 4347 220.5 220.5
17 4348 -255.54 -255.54
25 4348 341.88 341.88
27 4348 373.91 373.91
31 4348 310.19 310.19
33 4348 -315.97 -315.97
35 4348 -283.24 -283.24
38 4348 -357.3 -357.3
40 4348 145.52 145.52
41 4348 179.63 179.63
44 4348 214.22 214.22
46 4348 113.97 113.97
48 4348 82.24 82.24
17 4349 -255.54 -255.54
25 4349 341.88 341.88
27 4349 373.91 373.91
31 4349 310.19 310.19
33 4349 -315.97 -315.97
35 4349 -283.24 -283.24
38 4349 -357.3 -357.3
40 4349 145.52 145.52
41 4349 179.63 179.63
44 4349 214.22 214.22
46 4349 113.97 113.97
48 4349 82.24 82.24
17 4350 -376.26 -376.26
25 4350 239.8 239.8
31 4350 202.65 202.65
46 4350 -46.69 -46.69
17 4351 -331.37 -331.37
25 4351 270.86 270.86
17 4352 -331.37 -331.37
25 4352 270.86 270.86
17 4353 -354.68 -354.68
25 4353 253.7 253.7
37 4353 180.91 180.91
17 4354 -293.16 -293.16
24 4354 357.87 357.87
18 4355 276.87 276.87
23 4355 359.31 359.31
18 4356 284.6 284.6
19 4356 324.4 324.4
23 4356 368.3 368.3
24 4356 241.78 241.78
18 4357 284.6 284.6
19 4357 324.4 324.4
23 4357 368.3 368.3
24 4357 241.78 241.78
18 4358 331.93 331.93
23 4358 384.02 384.02
18 4359 297.11 297.11
24 4359 256.03 256.03
18 4360 281.05 281.05
19 4360 320.34 320.34
24 4360 241.16 241.16
18 4361 274.57 274.57
19 4361 314.24 314.24
24 4361 234.21 234.21
18 4362 333.63 333.63
19 4362 375.38 375.38
18 4363 336.53 336.53
19 4363 377.24 377.24
18 4364 302.3 302.3
24 4364 267.25 267.25
25 4364 192.3 192.3
27 4364 231.75 231.75
18 4365 267.39 267.39
24 4365 234.27 234.27
27 4365 201.17 201.17
18 4366 278.72 278.72
24 4366 244.7 244.7
25 4366 173.15 173.15
18 4367 287.21 287.21
24 4367 253.87 253.87
18 4368 296.91 296.91
25 4368 188.14 188.14
18 4369 303.06 303.06
27 4369 232.76 232.76
18 4370 288.06 288.06
24 4370 253.81 253.81
18 4371 -101.96 -101.96
25 4371 -293.05 -293.05
18 4372 -104.76 -104.76
24 4372 -164.58 -164.58
18 4373 -234.55 -234.55
27 4373 -377.46 -377.46
18 4374 -143.29 -143.29
24 4374 -206.06 -206.06
18 4375 -151.74 -151.74
24 4375 -215.65 -215.65
18 4376 -151.74 -151.74
24 4376 -215.65 -215.65
18 4377 -116.34 -116.34
26 4377 113.12 113.12
31 4377 -385.77 -385.77
18 4378 -257.02 -257.02
24 4378 -339.28 -339.28
18 4379 -37.62 -37.62
24 4379 -93.13 -93.13
27 4379 -149.68 -149.68
18 4380 -168.72 -168.72
24 4380 -234.23 -234.23
25 4380 -378.9 -378.9
18 4381 -31.77 -31.77
25 4381 -205.57 -205.57
27 4381 -143.08 -143.08
31 4381 -272.32 -272.32
37 4381 -338.72 -338.72
18 4382 -105.03 -105.03
25 4382 -297.44 -297.44
31 4382 -371.22 -371.22
18 4383 -169.1 -169.1
24 4383 -234.32 -234.32
25 4383 -379.57 -379.57
27 4383 -302.76 -302.76
18 4384 -244.71 -244.71
24 4384 -318.44 -318.44
18 4385 264.06 264.06
25 4385 150.45 150.45
18 4386 160.16 160.16
24 4386 118.11 118.11
40 4386 -296.62 -296.62
41 4386 -236.71 -236.71
46 4386 -352.87 -352.87
18 4387 -1.14002 -1.14002
25 4387 -170.05 -170.05
32 4387 -366.79 -366.79
18 4388 -1.14002 -1.14002
24 4388 -54.54 -54.54
25 4388 -170.05 -170.05
27 4388 -109.03 -109.03
18 4389 147.12 147.12
24 4389 104.11 104.11
18 4390 -18.65 -18.65
24 4390 -71.94 -71.94
25 4390 -189.77 -189.77
18 4391 131.56 131.56
27 4391 51.75 51.75
18 4392 65.58 65.58
25 4392 -70.92 -70.92
31 4392 -122.55 -122.55
44 4392 -283.99 -283.99
18 4393 146.62 146.62
24 4393 107.54 107.54
18 4394 -94.91 -94.91
27 4394 -214.32 -214.32
31 4394 -353.79 -353.79
18 4395 -94.79 -94.79
25 4395 -282.07 -282.07
27 4395 -214.13 -214.13
18 4396 239.23 239.23
27 4396 170.76 170.76
31 4396 93.71 93.71
18 4397 223.86 223.86
24 4397 189.03 189.03
18 4398 226.98 226.98
24 4398 191.91 191.91
18 4399 -91.83 -91.83
27 4399 -210.76 -210.76
18 4400 -91.83 -91.83
26 4400 129.88 129.88
27 4400 -210.76 -210.76
18 4401 -316.4 -316.4
24 4401 -387.39 -387.39
18 4402 -189.75 -189.75
24 4402 -250.98 -250.98
18 4403 297.08 297.08
24 4403 249.06 249.06
18 4404 -110.25 -110.25
24 4404 -170.66 -170.66
18 4405 -132.78 -132.78
27 4405 -252.61 -252.61
18 4406 -73.94 -73.94
27 4406 -244 -244
18 4407 79.09 79.09
24 4407 61.93 61.93
18 4408 305.81 305.81
24 4408 257.05 257.05
27 4408 206.44 206.44
18 4409 -274.7 -274.7
24 4409 -382.73 -382.73
18 4410 350.38 350.38
24 4410 282.03 282.03
18 4411 273.82 273.82
25 4411 7.25 7.25
18 4412 111.93 111.93
24 4412 22.22 22.22
27 4412 -75.13 -75.13
18 4413 -98.85 -98.85
24 4413 -198.98 -198.98
18 4414 276.32 276.32
19 4414 316.66 316.66
23 4414 360.47 360.47
18 4415 321.13 321.13
19 4415 361.74 361.74
18 4416 -197.51 -197.51
28 4416 -66.35 -66.35
18 4417 -94.33 -94.33
25 4417 -283.18 -283.18
18 4418 -382.72 -382.72
28 4418 -13.87 -13.87
29 4418 51.03 51.03
18 4419 -132.24 -132.24
26 4419 101.74 101.74
31 4419 -407.01 -407.01
18 4420 -2.48999 -2.48999
24 4420 -56.2 -56.2
25 4420 -172.08 -172.08
27 4420 -111.02 -111.02
31 4420 -236.46 -236.46
32 4420 -368.88 -368.88
37 4420 -301.42 -301.42
18 4421 327.87 327.87
24 4421 294.52 294.52
18 4422 209.9 209.9
24 4422 170.56 170.56
27 4422 131.02 131.02
31 4422 41.17 41.17
37 4422 -3.89002 -3.89002
41 4422 -156.67 -156.67
44 4422 -101.87 -101.87
18 4423 -14.77 -14.77
24 4423 -68.97 -68.97
18 4424 8.26001 8.26001
26 4424 206.79 206.79
18 4425 68.95 68.95
25 4425 -67.52 -67.52
31 4425 -118.5 -118.5
18 4426 -211.95 -211.95
24 4426 -278.56 -278.56
18 4427 -32.02 -32.02
24 4427 -87.46 -87.46
18 4428 -89.04 -89.04
25 4428 -272.78 -272.78
29 4428 234.19 234.19
36 4428 283.31 283.31
18 4429 -81.8 -81.8
27 4429 -251.44 -251.44
18 4430 -81.8 -81.8
27 4430 -251.44 -251.44
18 4431 -186.35 -186.35
24 4431 -253.22 -253.22
18 4432 183.37 183.37
27 4432 102.37 102.37
18 4433 363.6 363.6
24 4433 292 292
18 4434 291.83 291.83
19 4434 332.06 332.06
18 4435 276.37 276.37
19 4435 315.8 315.8
18 4436 -175.44 -175.44
25 4436 -384.23 -384.23
18 4437 281.21 281.21
24 4437 247.43 247.43
25 4437 175.09 175.09
27 4437 213.2 213.2
18 4438 271.06 271.06
24 4438 237.91 237.91
25 4438 167.64 167.64
31 4438 130.93 130.93
18 4439 277.23 277.23
25 4439 172.38 172.38
31 4439 133.94 133.94
18 4440 -1.64999 -1.64999
25 4440 -167.87 -167.87
27 4440 -107.66 -107.66
28 4440 246.83 246.83
18 4441 -51 -51
24 4441 -131.2 -131.2
25 4441 -312.73 -312.73
18 4442 0.619995 0.619995
24 4442 -52.65 -52.65
25 4442 -168.06 -168.06
27 4442 -106.83 -106.83
31 4442 -231.83 -231.83
32 4442 -363.72 -363.72
37 4442 -296.53 -296.53
18 4443 -341.54 -341.54
28 4443 -9.39999 -9.39999
18 4444 -191.91 -191.91
24 4444 -253.29 -253.29
18 4445 206.53 206.53
24 4445 167.42 167.42
18 4446 131.34 131.34
24 4446 41.54 41.54
18 4447 114.88 114.88
24 4447 25.16 25.16
25 4447 -185.64 -185.64
27 4447 -71.87 -71.87
31 4447 -313.19 -313.19
18 4448 328.72 328.72
19 4448 369.13 369.13
18 4449 328.72 328.72
19 4449 369.13 369.13
18 4450 281.55 281.55
19 4450 321.69 321.69
18 4451 281.55 281.55
19 4451 321.69 321.69
23 4451 365.91 365.91
18 4452 282.5 282.5
24 4452 243 243
18 4453 306.15 306.15
19 4453 347.02 347.02
18 4454 -308.99 -308.99
24 4454 -380.1 -380.1
26 4454 -30.06 -30.06
29 4454 94 94
36 4454 152.2 152.2
42 4454 207.26 207.26
18 4455 -29.99 -29.99
24 4455 -84.52 -84.52
26 4455 177.3 177.3
18 4456 -242.8 -242.8
24 4456 -314.66 -314.66
18 4457 -175.17 -175.17
24 4457 -240.62 -240.62
18 4458 -73.16 -73.16
25 4458 -344.53 -344.53
27 4458 -243.03 -243.03
18 4459 143.42 143.42
24 4459 99.95 99.95
25 4459 6.95999 6.95999
31 4459 -43.97 -43.97
32 4459 -146.42 -146.42
37 4459 -94.27 -94.27
40 4459 -328.6 -328.6
41 4459 -266.25 -266.25
44 4459 -205.03 -205.03
18 4460 143.09 143.09
28 4460 340.82 340.82
18 4461 103.91 103.91
24 4461 62.57 62.57
27 4461 19.87 19.87
31 4461 -72.99 -72.99
37 4461 -119.93 -119.93
41 4461 -281.46 -281.46
44 4461 -225.26 -225.26
18 4462 318.71 318.71
19 4462 360.7 360.7
18 4463 273.77 273.77
24 4463 231.14 231.14
18 4464 264.13 264.13
19 4464 304.11 304.11
24 4464 221.79 221.79
27 4464 177.77 177.77
18 4465 312.09 312.09
24 4465 268.98 268.98
18 4466 -236.83 -236.83
28 4466 63.36 63.36
18 4467 92.84 92.84
24 4467 50.72 50.72
25 4467 -39.54 -39.54
27 4467 7.47 7.47
31 4467 -88.48 -88.48
32 4467 -187.31 -187.31
37 4467 -136.84 -136.84
40 4467 -360.2 -360.2
41 4467 -301.45 -301.45
44 4467 -243.19 -243.19
18 4468 -217.06 -217.06
24 4468 -316.36 -316.36
18 4469 -217.06 -217.06
24 4469 -316.36 -316.36
18 4470 319.98 319.98
19 4470 361.61 361.61
18 4471 321.08 321.08
19 4471 360.11 360.11
18 4472 367.11 367.11
24 4472 323.06 323.06
31 4472 171.92 171.92
18 4473 26.33 26.33
24 4473 -51.97 -51.97
18 4474 284.38 284.38
19 4474 323.42 323.42
18 4475 273.27 273.27
24 4475 232.07 232.07
25 4475 137.59 137.59
27 4475 188.99 188.99
18 4476 273.27 273.27
24 4476 232.07 232.07
18 4477 176.11 176.11
24 4477 135.86 135.86
27 4477 95.45 95.45
18 4478 31.58 31.58
24 4478 -14.39 -14.39
25 4478 -113.29 -113.29
27 4478 -61.47 -61.47
31 4478 -167.74 -167.74
32 4478 -277.68 -277.68
37 4478 -220.61 -220.61
44 4478 -339.93 -339.93
18 4479 331.3 331.3
19 4479 372.84 372.84
18 4480 371.29 371.29
24 4480 326.72 326.72
25 4480 228.85 228.85
27 4480 281.2 281.2
18 4481 -255.88 -255.88
24 4481 -331.98 -331.98
18 4482 60.88 60.88
24 4482 16.76 16.76
25 4482 -79.33 -79.33
27 4482 -29.24 -29.24
18 4483 303.56 303.56
19 4483 345.31 345.31
18 4484 295.69 295.69
19 4484 337.86 337.86
18 4485 280.17 280.17
19 4485 317.56 317.56
24 4485 241.22 241.22
27 4485 198.69 198.69
18 4486 124.18 124.18
24 4486 83.41 83.41
18 4487 -186.84 -186.84
24 4487 -247.49 -247.49
27 4487 -313.6 -313.6
18 4488 166.03 166.03
24 4488 69.84 69.84
27 4488 -32.53 -32.53
18 4489 -208.21 -208.21
24 4489 -313.45 -313.45
18 4490 303.83 303.83
19 4490 342.42 342.42
18 4491 17.79 17.79
24 4491 -30.78 -30.78
18 4492 296.22 296.22
19 4492 332.96 332.96
24 4492 257.49 257.49
27 4492 214.46 214.46
18 4493 296.22 296.22
19 4493 332.96 332.96
24 4493 257.49 257.49
27 4493 214.46 214.46
18 4494 297.56 297.56
24 4494 255.03 255.03
18 4495 311.06 311.06
24 4495 272.67 272.67
18 4496 -187.32 -187.32
24 4496 -283.13 -283.13
18 4497 -17.48 -17.48
24 4497 -71.1 -71.1
25 4497 -184.34 -184.34
27 4497 -124.74 -124.74
31 4497 -247.74 -247.74
18 4498 103.56 103.56
24 4498 13.35 13.35
18 4499 93.76 93.76
27 4499 1.42001 1.42001
19 4500 315.37 315.37
23 4500 356.92 356.92
27 4500 192.3 192.3
19 4501 333.11 333.11
24 4501 264.14 264.14
19 4502 -32.57 -32.57
26 4502 133.27 133.27
19 4503 -23.76 -23.76
25 4503 -267.21 -267.21
27 4503 -199.46 -199.46
19 4504 -58.49 -58.49
24 4504 -179.75 -179.75
19 4505 -68.09 -68.09
27 4505 -254.39 -254.39
19 4506 -68.09 -68.09
24 4506 -190.61 -190.61
19 4507 -8.73001 -8.73001
27 4507 -180.89 -180.89
19 4508 53.61 53.61
24 4508 -50.13 -50.13
25 4508 -164.25 -164.25
27 4508 -101.55 -101.55
19 4509 245.16 245.16
25 4509 81.7 81.7
19 4510 6.42999 6.42999
24 4510 -154.48 -154.48
25 4510 -343.19 -343.19
19 4511 246.01 246.01
25 4511 82.93 82.93
19 4512 206.01 206.01
24 4512 122.31 122.31
25 4512 32.26 32.26
27 4512 79.47 79.47
31 4512 -16.8 -16.8
32 4512 -115.87 -115.87
37 4512 -65.45 -65.45
40 4512 -290.83 -290.83
41 4512 -231.23 -231.23
44 4512 -172.32 -172.32
46 4512 -346.61 -346.61
48 4512 -402.03 -402.03
19 4513 189.84 189.84
24 4513 103.99 103.99
25 4513 11.66 11.66
27 4513 60.18 60.18
31 4513 -38.67 -38.67
32 4513 -140.69 -140.69
37 4513 -88.81 -88.81
40 4513 -321.58 -321.58
41 4513 -259.86 -259.86
44 4513 -199.22 -199.22
46 4513 -379.05 -379.05
19 4514 121.51 121.51
28 4514 313.6 313.6
19 4515 196.65 196.65
26 4515 315.45 315.45
19 4516 -21.58 -21.58
27 4516 -195.53 -195.53
19 4517 134.89 134.89
25 4517 -39.66 -39.66
27 4517 7.42001 7.42001
31 4517 -89.82 -89.82
40 4517 -361.93 -361.93
41 4517 -304.24 -304.24
44 4517 -246.3 -246.3
19 4518 -15.5 -15.5
26 4518 145.26 145.26
31 4518 -322.42 -322.42
19 4519 -36.98 -36.98
25 4519 -282.54 -282.54
27 4519 -214.41 -214.41
31 4519 -354.33 -354.33
19 4520 38.68 38.68
24 4520 -72.88 -72.88
19 4521 2.29999 2.29999
24 4521 -159.07 -159.07
27 4521 -247.06 -247.06
19 4522 149.41 149.41
27 4522 25 25
19 4523 158.1 158.1
24 4523 76.12 76.12
19 4524 -136.02 -136.02
24 4524 -339.09 -339.09
19 4525 128.52 128.52
24 4525 -33.68 -33.68
19 4526 227.64 227.64
28 4526 274.25 274.25
19 4527 330.65 330.65
23 4527 373.68 373.68
19 4528 312.33 312.33
23 4528 356.53 356.53
19 4529 314.44 314.44
23 4529 356.03 356.03
19 4530 -313.74 -313.74
26 4530 -89.31 -89.31
29 4530 43.8 43.8
19 4531 -295.99 -295.99
26 4531 -75.64 -75.64
28 4531 -9.01999 -9.01999
19 4532 -284.17 -284.17
26 4532 -66.32 -66.32
19 4533 233.99 233.99
25 4533 68.86 68.86
19 4534 181.76 181.76
25 4534 1.44 1.44
37 4534 -100.49 -100.49
19 4535 295.58 295.58
27 4535 185.89 185.89
32 4535 19.13 19.13
19 4536 -174.86 -174.86
26 4536 6.48001 6.48001
28 4536 62.91 62.91
29 4536 119.1 119.1
36 4536 172.11 172.11
42 4536 221.07 221.07
19 4537 183.49 183.49
26 4537 301.48 301.48
19 4538 -9.23001 -9.23001
26 4538 149.86 149.86
19 4539 -117.99 -117.99
26 4539 130.87 130.87
19 4540 209.09 209.09
24 4540 34.57 34.57
27 4540 -62.78 -62.78
19 4541 332.58 332.58
23 4541 378.44 378.44
19 4542 311.91 311.91
23 4542 353.43 353.43
19 4543 320.03 320.03
23 4543 360.98 360.98
19 4544 -309.11 -309.11
26 4544 -85.82 -85.82
19 4545 -19.3 -19.3
27 4545 -193.72 -193.72
19 4546 -26.57 -26.57
26 4546 137.84 137.84
19 4547 -19.42 -19.42
25 4547 -260.76 -260.76
27 4547 -193.66 -193.66
31 4547 -331.59 -331.59
19 4548 54.53 54.53
24 4548 -50.02 -50.02
19 4549 -78.06 -78.06
24 4549 -201.55 -201.55
19 4550 -34.52 -34.52
24 4550 -172.15 -172.15
19 4551 214.1 214.1
24 4551 40.21 40.21
19 4552 328.73 328.73
23 4552 374.29 374.29
19 4553 333.45 333.45
23 4553 375.82 375.82
19 4554 148.3 148.3
24 4554 66 66
37 4554 -117.69 -117.69
40 4554 -335.04 -335.04
41 4554 -277.81 -277.81
44 4554 -221.37 -221.37
19 4555 -128.49 -128.49
28 4555 95.63 95.63
19 4556 325.64 325.64
23 4556 369.59 369.59
19 4557 313.92 313.92
23 4557 357.05 357.05
19 4558 -32.42 -32.42
25 4558 -278.5 -278.5
19 4559 56.39 56.39
25 4559 -162.53 -162.53
19 4560 -166.61 -166.61
24 4560 -381.52 -381.52
26 4560 102.74 102.74
19 4561 -138.46 -138.46
24 4561 -260.39 -260.39
27 4561 -323.98 -323.98
19 4562 -313.95 -313.95
28 4562 -40.63 -40.63
29 4562 21.91 21.91
42 4562 135.7 135.7
19 4563 319.82 319.82
23 4563 364.26 364.26
20 4564 -240.84 -240.84
27 4564 360.75 360.75
37 4564 264.05 264.05
40 4564 126.39 126.39
44 4564 197.79 197.79
20 4565 -318.63 -318.63
25 4565 248.73 248.73
27 4565 340.24 340.24
20 4566 -385.73 -385.73
27 4566 234.19 234.19
20 4567 -291.88 -291.88
24 4567 336.5 336.5
25 4567 271.5 271.5
20 4568 -344.94 -344.94
27 4568 278.02 278.02
21 4569 -163.63 -163.63
24 4569 -307.24 -307.24
21 4570 -117.32 -117.32
26 4570 -85.96 -85.96
21 4571 358.42 358.42
24 4571 225.58 225.58
27 4571 192.93 192.93
21 4572 -159.45 -159.45
26 4572 -89.09 -89.09
21 4573 352.48 352.48
24 4573 221.24 221.24
21 4574 -150.24 -150.24
26 4574 -80.37 -80.37
21 4575 102.65 102.65
24 4575 -119.92 -119.92
21 4576 55.85 55.85
28 4576 164.33 164.33
21 4577 -143.01 -143.01
26 4577 -73.8 -73.8
21 4578 122.3 122.3
26 4578 173.26 173.26
28 4578 222.01 222.01
21 4579 299.16 299.16
26 4579 338.76 338.76
21 4580 -254.33 -254.33
26 4580 -54.43 -54.43
21 4581 -102.8 -102.8
24 4581 -382.41 -382.41
26 4581 -41.24 -41.24
21 4582 206.01 206.01
26 4582 251.61 251.61
21 4583 317.16 317.16
26 4583 356.73 356.73
21 4584 231.72 231.72
24 4584 65.52 65.52
21 4585 80.54 80.54
25 4585 -271.79 -271.79
27 4585 -204.5 -204.5
21 4586 125.33 125.33
26 4586 174.74 174.74
21 4587 19 19
28 4587 133.27 133.27
21 4588 -344.08 -344.08
26 4588 -224.13 -224.13
21 4589 -309.67 -309.67
26 4589 -167.32 -167.32
21 4590 192.77 192.77
25 4590 144.77 144.77
21 4591 106.43 106.43
26 4591 162.96 162.96
21 4592 -53.14 -53.14
26 4592 42.42 42.42
28 4592 131.84 131.84
29 4592 214.5 214.5
36 4592 291.27 291.27
42 4592 362.97 362.97
21 4593 -123.25 -123.25
26 4593 -55.52 -55.52
29 4593 72.79 72.79
21 4594 -146.2 -146.2
28 4594 -10.08 -10.08
21 4595 -139.51 -139.51
26 4595 -70.61 -70.61
28 4595 -4.56 -4.56
21 4596 -139.51 -139.51
28 4596 -4.56 -4.56
21 4597 34.42 34.42
26 4597 90.74 90.74
28 4597 144.71 144.71
21 4598 87.11 87.11
25 4598 -260.66 -260.66
27 4598 -196.51 -196.51
31 4598 -329.43 -329.43
37 4598 -403.9 -403.9
21 4599 97.56 97.56
26 4599 150.42 150.42
28 4599 200.83 200.83
21 4600 4.32999 4.32999
28 4600 119.72 119.72
36 4600 230.13 230.13
42 4600 280.28 280.28
21 4601 78.1 78.1
26 4601 163.48 163.48
21 4602 -326.5 -326.5
26 4602 -163.57 -163.57
21 4603 67.16 67.16
26 4603 102.5 102.5
21 4604 -99.49 -99.49
26 4604 -35.23 -35.23
21 4605 118.54 118.54
26 4605 169.05 169.05
21 4606 -145.93 -145.93
26 4606 -76.57 -76.57
28 4606 -9.82001 -9.82001
29 4606 55.08 55.08
21 4607 84.88 84.88
28 4607 189.06 189.06
29 4607 240.98 240.98
31 4607 -343.24 -343.24
21 4608 94.83 94.83
28 4608 228.81 228.81
21 4609 -19.51 -19.51
28 4609 90.03 90.03
29 4609 143.67 143.67
21 4610 16.42 16.42
26 4610 72.59 72.59
21 4611 55.17 55.17
26 4611 133.02 133.02
28 4611 206.02 206.02
29 4611 276.89 276.89
21 4612 -100.01 -100.01
26 4612 6.57001 6.57001
21 4613 -317.84 -317.84
26 4613 -203.58 -203.58
21 4614 -162.74 -162.74
26 4614 -97.04 -97.04
21 4615 -338.22 -338.22
26 4615 -219.85 -219.85
21 4616 -138.09 -138.09
26 4616 -74.51 -74.51
21 4617 -122 -122
26 4617 -58.37 -58.37
21 4618 3.94 3.94
26 4618 86.58 86.58
21 4619 -106.42 -106.42
26 4619 -44.92 -44.92
21 4620 173.16 173.16
28 4620 302.83 302.83
21 4621 77.58 77.58
26 4621 130.04 130.04
29 4621 233.86 233.86
21 4622 -116.96 -116.96
26 4622 -54.42 -54.42
21 4623 55.91 55.91
26 4623 109.77 109.77
21 4624 -138.87 -138.87
26 4624 -75.15 -75.15
28 4624 -13.55 -13.55
29 4624 47.43 47.43
36 4624 104.64 104.64
21 4625 -138.87 -138.87
26 4625 -75.15 -75.15
28 4625 -13.55 -13.55
36 4625 104.64 104.64
21 4626 250.06 250.06
26 4626 315.25 315.25
28 4626 378.05 378.05
21 4627 -293.91 -293.91
26 4627 -168.44 -168.44
21 4628 2.67999 2.67999
26 4628 59.06 59.06
21 4629 -170.36 -170.36
26 4629 -104.04 -104.04
28 4629 -40.28 -40.28
29 4629 22.19 22.19
21 4630 -106.59 -106.59
26 4630 -45.01 -45.01
21 4631 -62.78 -62.78
26 4631 23.33 23.33
21 4632 -154.12 -154.12
26 4632 -89.05 -89.05
28 4632 -25.43 -25.43
21 4633 -121.21 -121.21
26 4633 -59.56 -59.56
21 4634 -121.21 -121.21
26 4634 -59.56 -59.56
21 4635 -153.79 -153.79
26 4635 -88.45 -88.45
28 4635 -26.57 -26.57
29 4635 35.03 35.03
21 4636 -123.75 -123.75
28 4636 -0.660004 -0.660004
21 4637 76.93 76.93
26 4637 153.94 153.94
21 4638 72.28 72.28
26 4638 142.65 142.65
28 4638 201.65 201.65
22 4639 -366.74 -366.74
28 4639 -331.79 -331.79
22 4640 -317.92 -317.92
28 4640 -378.32 -378.32
42 4640 -111.43 -111.43
22 4641 -373.24 -373.24
28 4641 -340.89 -340.89
23 4642 -167.9 -167.9
26 4642 -34.67 -34.67
23 4643 -358.49 -358.49
28 4643 -129.21 -129.21
23 4644 370.45 370.45
27 4644 229.34 229.34
23 4645 -171.08 -171.08
24 4645 -396.84 -396.84
23 4646 -227.63 -227.63
26 4646 -83.45 -83.45
23 4647 2.04999 2.04999
28 4647 166.52 166.52
23 4648 54.69 54.69
24 4648 -112.95 -112.95
26 4648 159.09 159.09
23 4649 55.97 55.97
26 4649 159.63 159.63
23 4650 13.58 13.58
24 4650 -164.1 -164.1
25 4650 -295.58 -295.58
23 4651 255.14 255.14
25 4651 -23.22 -23.22
23 4652 -232.52 -232.52
26 4652 -96.3 -96.3
23 4653 -243.24 -243.24
26 4653 -107.13 -107.13
23 4654 275.46 275.46
26 4654 354.91 354.91
23 4655 212.85 212.85
27 4655 48.35 48.35
23 4656 297.98 297.98
25 4656 93.28 93.28
31 4656 47.2 47.2
23 4657 169.4 169.4
27 4657 -1.42001 -1.42001
40 4657 -372.46 -372.46
23 4658 -208.91 -208.91
28 4658 -16.63 -16.63
23 4659 28.45 28.45
26 4659 134.22 134.22
27 4659 -202.59 -202.59
23 4660 150.77 150.77
24 4660 19.35 19.35
23 4661 -80.43 -80.43
28 4661 86.33 86.33
23 4662 -80.43 -80.43
28 4662 86.33 86.33
29 4662 140.36 140.36
23 4663 20.4 20.4
25 4663 -281.54 -281.54
27 4663 -214.11 -214.11
31 4663 -353.6 -353.6
23 4664 28.8 28.8
25 4664 -268.53 -268.53
31 4664 -339.34 -339.34
23 4665 -73.89 -73.89
26 4665 38.34 38.34
23 4666 281.98 281.98
24 4666 28.51 28.51
23 4667 81.95 81.95
28 4667 100.37 100.37
23 4668 373.07 373.07
24 4668 266.87 266.87
23 4669 355.17 355.17
24 4669 251.43 251.43
25 4669 179.91 179.91
27 4669 218.08 218.08
31 4669 139.85 139.85
23 4670 -37.66 -37.66
26 4670 78.7 78.7
23 4671 -188.64 -188.64
28 4671 14.12 14.12
23 4672 313.6 313.6
25 4672 148.02 148.02
23 4673 30.72 30.72
28 4673 189.45 189.45
23 4674 56.33 56.33
24 4674 -115.18 -115.18
23 4675 -246.2 -246.2
26 4675 -109.9 -109.9
23 4676 -200.53 -200.53
28 4676 -9.35998 -9.35998
23 4677 45.82 45.82
24 4677 -121.84 -121.84
23 4678 345.84 345.84
27 4678 209.93 209.93
23 4679 -184.14 -184.14
26 4679 -47 -47
23 4680 -194.96 -194.96
28 4680 9.39999 9.39999
23 4681 -232.08 -232.08
26 4681 -96.77 -96.77
23 4682 -18.58 -18.58
26 4682 154.44 154.44
23 4683 -51.04 -51.04
24 4683 -244.97 -244.97
27 4683 -312.93 -312.93
23 4684 -42.88 -42.88
26 4684 75 75
28 4684 131.34 131.34
23 4685 -42.88 -42.88
26 4685 75 75
23 4686 -64.47 -64.47
24 4686 -322.58 -322.58
23 4687 -110.86 -110.86
26 4687 6.48001 6.48001
36 4687 172.11 172.11
42 4687 221.07 221.07
23 4688 35.83 35.83
26 4688 140.58 140.58
28 4688 191.35 191.35
23 4689 -205.13 -205.13
26 4689 -74.64 -74.64
28 4689 -13.3 -13.3
36 4689 104.84 104.84
23 4690 -205.13 -205.13
26 4690 -74.64 -74.64
28 4690 -13.3 -13.3
36 4690 104.84 104.84
23 4691 -109.08 -109.08
28 4691 64.16 64.16
29 4691 119.65 119.65
23 4692 30.37 30.37
25 4692 -267.26 -267.26
31 4692 -338.45 -338.45
24 4693 -222.66 -222.66
25 4693 -363.3 -363.3
24 4694 -122.5 -122.5
25 4694 -247.21 -247.21
27 4694 -180.9 -180.9
31 4694 -316.76 -316.76
37 4694 -387.71 -387.71
24 4695 231.28 231.28
25 4695 161.19 161.19
27 4695 198.25 198.25
31 4695 123.81 123.81
24 4696 221.09 221.09
25 4696 152.92 152.92
27 4696 188.73 188.73
24 4697 221.09 221.09
25 4697 152.92 152.92
27 4697 188.97 188.97
31 4697 116.44 116.44
24 4698 258.91 258.91
25 4698 186.92 186.92
27 4698 224.68 224.68
24 4699 -117.36 -117.36
25 4699 -240.94 -240.94
27 4699 -175.72 -175.72
31 4699 -310.33 -310.33
24 4700 -112.71 -112.71
25 4700 -236.23 -236.23
31 4700 -304.54 -304.54
24 4701 -122.39 -122.39
25 4701 -247.1 -247.1
24 4702 -106.38 -106.38
25 4702 -228.86 -228.86
27 4702 -163.89 -163.89
37 4702 -366.08 -366.08
24 4703 -212.61 -212.61
27 4703 -278.52 -278.52
24 4704 -95.15 -95.15
25 4704 -215.39 -215.39
27 4704 -151.47 -151.47
24 4705 -232.86 -232.86
25 4705 -377.51 -377.51
27 4705 -300.7 -300.7
24 4706 -51.62 -51.62
27 4706 -106.21 -106.21
24 4707 186.12 186.12
27 4707 148.84 148.84
31 4707 59.92 59.92
32 4707 -28.1 -28.1
37 4707 17.65 17.65
41 4707 -129.97 -129.97
44 4707 -77.04 -77.04
24 4708 264.38 264.38
25 4708 190.9 190.9
24 4709 235.03 235.03
25 4709 158.59 158.59
24 4710 109.48 109.48
27 4710 65.79 65.79
31 4710 -32.54 -32.54
24 4711 103.99 103.99
25 4711 11.66 11.66
31 4711 -38.67 -38.67
32 4711 -140.69 -140.69
40 4711 -321.58 -321.58
41 4711 -259.86 -259.86
44 4711 -199.22 -199.22
46 4711 -379.05 -379.05
24 4712 295.41 295.41
25 4712 224.56 224.56
31 4712 186.32 186.32
24 4713 143.6 143.6
27 4713 102.77 102.77
32 4713 -82.04 -82.04
44 4713 -134.65 -134.65
24 4714 177.77 177.77
25 4714 102.28 102.28
27 4714 141.85 141.85
32 4714 -18.85 -18.85
41 4714 -110.56 -110.56
46 4714 -200.86 -200.86
48 4714 -244.92 -244.92
24 4715 -89.24 -89.24
27 4715 -144.69 -144.69
24 4716 -44.13 -44.13
27 4716 -96.99 -96.99
24 4717 40.74 40.74
27 4717 -2.79001 -2.79001
32 4717 -200.04 -200.04
37 4717 -149.32 -149.32
40 4717 -375.7 -375.7
44 4717 -256.59 -256.59
24 4718 91.31 91.31
25 4718 5.63 5.63
31 4718 -42.3 -42.3
32 4718 -134.58 -134.58
37 4718 -86.64 -86.64
41 4718 -241.62 -241.62
24 4719 379.44 379.44
27 4719 302 302
24 4720 302.74 302.74
27 4720 188.44 188.44
24 4721 223.41 223.41
27 4721 104.07 104.07
24 4722 306.75 306.75
27 4722 182.44 182.44
24 4723 -132.84 -132.84
26 4723 235.7 235.7
24 4724 -135.62 -135.62
27 4724 -252.5 -252.5
24 4725 247.83 247.83
27 4725 214.21 214.21
24 4726 278.84 278.84
27 4726 242.56 242.56
24 4727 -110.02 -110.02
27 4727 -169.6 -169.6
24 4728 -131.83 -131.83
27 4728 -216.73 -216.73
24 4729 -131.83 -131.83
27 4729 -216.73 -216.73
24 4730 109.38 109.38
25 4730 17.56 17.56
31 4730 -32.56 -32.56
32 4730 -133.67 -133.67
37 4730 -82.27 -82.27
40 4730 -313.04 -313.04
44 4730 -191.66 -191.66
46 4730 -370.13 -370.13
24 4731 -56.4 -56.4
25 4731 -171.17 -171.17
31 4731 -235.17 -235.17
37 4731 -299.98 -299.98
24 4732 164.64 164.64
27 4732 125.45 125.45
24 4733 -283.78 -283.78
27 4733 -348.19 -348.19
28 4733 73.38 73.38
24 4734 52.34 52.34
27 4734 9.89002 9.89002
24 4735 -159.07 -159.07
27 4735 -247.06 -247.06
24 4736 -99.72 -99.72
27 4736 -156.73 -156.73
24 4737 -156.34 -156.34
27 4737 -244.01 -244.01
24 4738 371.42 371.42
27 4738 336.89 336.89
24 4739 -130.56 -130.56
27 4739 -215 -215
24 4740 18.78 18.78
27 4740 -26.28 -26.28
31 4740 -126.83 -126.83
32 4740 -230.23 -230.23
37 4740 -176.74 -176.74
41 4740 -350.33 -350.33
44 4740 -288.42 -288.42
24 4741 -31.42 -31.42
25 4741 -219.67 -219.67
24 4742 -154.65 -154.65
25 4742 -344.53 -344.53
27 4742 -243.03 -243.03
24 4743 178.23 178.23
27 4743 138.55 138.55
32 4743 -40.06 -40.06
41 4743 -144.86 -144.86
44 4743 -91.32 -91.32
24 4744 97.72 97.72
27 4744 5.89999 5.89999
24 4745 316.71 316.71
27 4745 191.63 191.63
24 4746 221.43 221.43
27 4746 101.72 101.72
24 4747 142.52 142.52
28 4747 333.75 333.75
24 4748 -131.2 -131.2
25 4748 -312.73 -312.73
24 4749 343.27 343.27
25 4749 276.36 276.36
31 4749 241.02 241.02
24 4750 -265.42 -265.42
27 4750 -329.44 -329.44
24 4751 -134.12 -134.12
27 4751 -219.01 -219.01
24 4752 -53.47 -53.47
25 4752 -247.35 -247.35
27 4752 -143.37 -143.37
24 4753 324.36 324.36
27 4753 279.19 279.19
24 4754 306.83 306.83
27 4754 262.66 262.66
24 4755 -253.21 -253.21
27 4755 -316.77 -316.77
24 4756 62 62
25 4756 -26.33 -26.33
24 4757 -19.32 -19.32
27 4757 -70.05 -70.05
24 4758 -45.19 -45.19
25 4758 -238.28 -238.28
27 4758 -134.86 -134.86
31 4758 -352.83 -352.83
24 4759 -260.98 -260.98
27 4759 -324.28 -324.28
24 4760 192.03 192.03
25 4760 117.94 117.94
27 4760 157.97 157.97
32 4760 1.78 1.78
37 4760 41.49 41.49
44 4760 -41.45 -41.45
24 4761 -11.9 -11.9
27 4761 -61.4 -61.4
24 4762 21.37 21.37
25 4762 -72.69 -72.69
27 4762 -23.65 -23.65
31 4762 -123.8 -123.8
24 4763 -34.73 -34.73
27 4763 -85.08 -85.08
24 4764 312.42 312.42
27 4764 187.24 187.24
24 4765 304.14 304.14
27 4765 260.85 260.85
24 4766 304.14 304.14
27 4766 260.85 260.85
24 4767 348.79 348.79
27 4767 316.96 316.96
24 4768 -153.23 -153.23
27 4768 -240.75 -240.75
24 4769 -271.55 -271.55
27 4769 -335.77 -335.77
24 4770 288.42 288.42
27 4770 247.78 247.78
24 4771 -77.92 -77.92
27 4771 -132.11 -132.11
29 4771 279.56 279.56
24 4772 -77.92 -77.92
27 4772 -132.11 -132.11
24 4773 -82.6 -82.6
25 4773 -200.25 -200.25
27 4773 -138.12 -138.12
31 4773 -266.14 -266.14
37 4773 -333.15 -333.15
24 4774 221.75 221.75
25 4774 155.11 155.11
27 4774 188.54 188.54
24 4775 -272.01 -272.01
27 4775 -335.77 -335.77
24 4776 -90.64 -90.64
25 4776 -211.42 -211.42
27 4776 -147.53 -147.53
31 4776 -277.98 -277.98
37 4776 -345.82 -345.82
24 4777 -77.68 -77.68
25 4777 -200.07 -200.07
27 4777 -135.52 -135.52
31 4777 -268.22 -268.22
37 4777 -337.28 -337.28
24 4778 -121.37 -121.37
25 4778 -295.43 -295.43
27 4778 -204.89 -204.89
24 4779 -54.78 -54.78
27 4779 -105.42 -105.42
24 4780 232.48 232.48
25 4780 154.89 154.89
27 4780 195.49 195.49
24 4781 -28.99 -28.99
27 4781 -79.79 -79.79
24 4782 282.07 282.07
27 4782 171.32 171.32
24 4783 248.34 248.34
27 4783 213.14 213.14
24 4784 260.98 260.98
25 4784 163.59 163.59
24 4785 268.54 268.54
25 4785 194.78 194.78
27 4785 232.4 232.4
25 4786 132.06 132.06
27 4786 181.53 181.53
25 4787 160.94 160.94
27 4787 197.98 197.98
31 4787 123.69 123.69
25 4788 -233.72 -233.72
27 4788 -169.04 -169.04
25 4789 -243.89 -243.89
27 4789 -177.92 -177.92
37 4789 -383.58 -383.58
25 4790 -355.85 -355.85
27 4790 -281.17 -281.17
25 4791 -279.63 -279.63
27 4791 -211.41 -211.41
25 4792 -275.78 -275.78
27 4792 -207.58 -207.58
31 4792 -348 -348
25 4793 -265.65 -265.65
27 4793 -198.27 -198.27
25 4794 -380.66 -380.66
27 4794 -302.99 -302.99
25 4795 -377.51 -377.51
27 4795 -300.7 -300.7
25 4796 38.74 38.74
27 4796 85.61 85.61
31 4796 -9.86999 -9.86999
37 4796 -58.14 -58.14
40 4796 -280.92 -280.92
41 4796 -221.65 -221.65
46 4796 -336.02 -336.02
48 4796 -390.89 -390.89
25 4797 20.75 20.75
27 4797 68.93 68.93
31 4797 -28.46 -28.46
32 4797 -128.86 -128.86
37 4797 -77.79 -77.79
40 4797 -306.74 -306.74
41 4797 -246.4 -246.4
44 4797 -186.61 -186.61
46 4797 -363.44 -363.44
25 4798 -253.44 -253.44
27 4798 -187.75 -187.75
37 4798 -392.85 -392.85
25 4799 129.42 129.42
27 4799 167.54 167.54
31 4799 90.32 90.32
32 4799 13.02 13.02
37 4799 52.16 52.16
40 4799 -119.03 -119.03
44 4799 -29.93 -29.93
25 4800 -44.71 -44.71
27 4800 2.92001 2.92001
25 4801 -241.39 -241.39
27 4801 -176.47 -176.47
25 4802 -262.54 -262.54
27 4802 -196.38 -196.38
37 4802 -403.02 -403.02
25 4803 323.38 323.38
27 4803 353.86 353.86
25 4804 -21.44 -21.44
27 4804 24.75 24.75
31 4804 -69.22 -69.22
32 4804 -165.39 -165.39
40 4804 -333.85 -333.85
25 4805 172.18 172.18
27 4805 222.94 222.94
31 4805 118.69 118.69
25 4806 -276.3 -276.3
27 4806 -208.11 -208.11
31 4806 -347.79 -347.79
25 4807 -271.02 -271.02
27 4807 -203.36 -203.36
31 4807 -342.72 -342.72
25 4808 -395.28 -395.28
27 4808 -317 -317
25 4809 280.15 280.15
27 4809 314.22 314.22
25 4810 155.21 155.21
27 4810 195.31 195.31
25 4811 -196.77 -196.77
27 4811 -133.95 -133.95
31 4811 -262.32 -262.32
25 4812 -385.96 -385.96
27 4812 -310.37 -310.37
25 4813 -217.01 -217.01
27 4813 -153.3 -153.3
25 4814 109.73 109.73
27 4814 148.62 148.62
31 4814 69.93 69.93
44 4814 -53.62 -53.62
46 4814 -190.21 -190.21
48 4814 -233.16 -233.16
25 4815 85.43 85.43
27 4815 129.39 129.39
25 4816 -311.57 -311.57
27 4816 -214.71 -214.71
25 4817 -189.53 -189.53
27 4817 -127.37 -127.37
31 4817 -254.88 -254.88
25 4818 -226.18 -226.18
27 4818 -123.55 -123.55
31 4818 -338.64 -338.64
25 4819 -170.06 -170.06
27 4819 -55.59 -55.59
25 4820 -264.6 -264.6
27 4820 -197.25 -197.25
31 4820 -336.69 -336.69
25 4821 -203.95 -203.95
27 4821 -141.14 -141.14
31 4821 -270.15 -270.15
25 4822 -253.28 -253.28
26 4822 144.83 144.83
25 4823 -315.09 -315.09
27 4823 -217.95 -217.95
25 4824 -368.21 -368.21
27 4824 -293.11 -293.11
25 4825 -344.11 -344.11
27 4825 -241.55 -241.55
25 4826 -215.68 -215.68
27 4826 -152.06 -152.06
37 4826 -350.85 -350.85
25 4827 283.36 283.36
27 4827 317.67 317.67
31 4827 247.88 247.88
25 4828 10.35 10.35
27 4828 55.46 55.46
31 4828 -35.58 -35.58
25 4829 -239.85 -239.85
27 4829 -175.14 -175.14
37 4829 -376.51 -376.51
25 4830 -227.92 -227.92
27 4830 -126.34 -126.34
31 4830 -340.33 -340.33
25 4831 -265.33 -265.33
27 4831 -159.44 -159.44
25 4832 -265.33 -265.33
27 4832 -159.44 -159.44
25 4833 40.16 40.16
27 4833 189.03 189.03
25 4834 225.06 225.06
27 4834 277.33 277.33
25 4835 181.71 181.71
27 4835 220.45 220.45
25 4836 340.19 340.19
27 4836 368.99 368.99
25 4837 104.63 104.63
27 4837 144.41 144.41
25 4838 104.63 104.63
27 4838 144.41 144.41
25 4839 113.65 113.65
27 4839 151.94 151.94
25 4840 17.59 17.59
27 4840 61.7 61.7
31 4840 -28.04 -28.04
25 4841 -196.25 -196.25
27 4841 -131.93 -131.93
31 4841 -264.3 -264.3
37 4841 -333.47 -333.47
25 4842 -170.07 -170.07
27 4842 -109.88 -109.88
31 4842 -233.45 -233.45
25 4843 -247.35 -247.35
27 4843 -143.37 -143.37
25 4844 -234.83 -234.83
27 4844 -120.57 -120.57
25 4845 197.91 197.91
27 4845 249.09 249.09
25 4846 -132.06 -132.06
27 4846 -2.07001 -2.07001
25 4847 146.92 146.92
27 4847 195.7 195.7
25 4848 146.92 146.92
27 4848 195.7 195.7
25 4849 -231.27 -231.27
27 4849 -166.65 -166.65
31 4849 -299.66 -299.66
37 4849 -366.89 -366.89
25 4850 -114.57 -114.57
27 4850 -61.04 -61.04
31 4850 -169.66 -169.66
32 4850 -281.39 -281.39
37 4850 -223.98 -223.98
44 4850 -345.32 -345.32
25 4851 -154 -154
27 4851 -95.68 -95.68
25 4852 205.72 205.72
27 4852 257.44 257.44
25 4853 -295.86 -295.86
27 4853 -209.58 -209.58
25 4854 -151.79 -151.79
27 4854 -93.48 -93.48
31 4854 -212.94 -212.94
32 4854 -339.31 -339.31
37 4854 -274.31 -274.31
25 4855 137.59 137.59
27 4855 188.99 188.99
25 4856 162.09 162.09
27 4856 210.6 210.6
25 4857 178.5 178.5
27 4857 216.97 216.97
25 4858 -126.96 -126.96
27 4858 -69.14 -69.14
25 4859 -330.13 -330.13
27 4859 -230.39 -230.39
25 4860 -163.58 -163.58
27 4860 -47.34 -47.34
25 4861 -137.03 -137.03
27 4861 -81.32 -81.32
25 4862 -234.63 -234.63
27 4862 -170.49 -170.49
31 4862 -302.26 -302.26
25 4863 275.8 275.8
27 4863 310.28 310.28
31 4863 241.04 241.04
26 4864 46.43 46.43
28 4864 134.02 134.02
26 4865 145.06 145.06
28 4865 196.57 196.57
29 4865 247.77 247.77
26 4866 183.65 183.65
28 4866 232.28 232.28
26 4867 305.76 305.76
28 4867 345.78 345.78
26 4868 128.17 128.17
28 4868 180.12 180.12
26 4869 41.86 41.86
28 4869 95.54 95.54
26 4870 192.21 192.21
28 4870 240.86 240.86
26 4871 141.28 141.28
28 4871 192.01 192.01
26 4872 117.69 117.69
28 4872 169.63 169.63
26 4873 -40.49 -40.49
28 4873 19.07 19.07
26 4874 86.29 86.29
28 4874 163.78 163.78
26 4875 85.64 85.64
28 4875 162.96 162.96
26 4876 85.64 85.64
28 4876 162.96 162.96
26 4877 82.03 82.03
28 4877 158.54 158.54
26 4878 -396.73 -396.73
28 4878 -302.44 -302.44
29 4878 -212.64 -212.64
42 4878 -55.35 -55.35
26 4879 -396.73 -396.73
28 4879 -302.44 -302.44
29 4879 -212.64 -212.64
36 4879 -130.03 -130.03
26 4880 -97.45 -97.45
28 4880 -29.16 -29.16
26 4881 142.28 142.28
28 4881 193 193
36 4881 295.87 295.87
26 4882 173.49 173.49
28 4882 222.46 222.46
26 4883 -243.58 -243.58
28 4883 -164.27 -164.27
29 4883 -87.04 -87.04
36 4883 -16.47 -16.47
42 4883 49.61 49.61
26 4884 165.9 165.9
27 4884 -159.22 -159.22
26 4885 -296.25 -296.25
28 4885 -177.88 -177.88
26 4886 168.6 168.6
28 4886 248 248
26 4887 -271.85 -271.85
28 4887 -146.43 -146.43
26 4888 -248.64 -248.64
28 4888 -168.16 -168.16
26 4889 89.23 89.23
28 4889 144.24 144.24
26 4890 73.92 73.92
28 4890 161.48 161.48
26 4891 -205.12 -205.12
28 4891 -100.32 -100.32
26 4892 -246.52 -246.52
28 4892 -167.07 -167.07
36 4892 -17.9 -17.9
42 4892 47.78 47.78
26 4893 -141.52 -141.52
28 4893 33.23 33.23
26 4894 -377.93 -377.93
28 4894 -286.02 -286.02
29 4894 -196.98 -196.98
36 4894 -116.03 -116.03
42 4894 -41.61 -41.61
26 4895 -360.61 -360.61
28 4895 -271.2 -271.2
29 4895 -183.65 -183.65
36 4895 -103.15 -103.15
26 4896 -242.45 -242.45
28 4896 -162.49 -162.49
29 4896 -85.67 -85.67
26 4897 -242.45 -242.45
28 4897 -162.49 -162.49
29 4897 -85.67 -85.67
42 4897 51.92 51.92
26 4898 116.94 116.94
28 4898 192.84 192.84
26 4899 -299.35 -299.35
28 4899 -180.88 -180.88
26 4900 -292.89 -292.89
28 4900 -175.25 -175.25
26 4901 41.41 41.41
28 4901 128.97 128.97
29 4901 211.06 211.06
26 4902 41.41 41.41
28 4902 128.97 128.97
29 4902 211.06 211.06
26 4903 -379.44 -379.44
28 4903 -284.9 -284.9
29 4903 -194.73 -194.73
26 4904 78.74 78.74
28 4904 135.58 135.58
26 4905 -96.14 -96.14
28 4905 -33.09 -33.09
26 4906 -294.83 -294.83
28 4906 -176.41 -176.41
26 4907 -377.94 -377.94
28 4907 -247.98 -247.98
29 4907 -128.31 -128.31
26 4908 -368.82 -368.82
28 4908 -276.89 -276.89
29 4908 -188.33 -188.33
36 4908 -108.02 -108.02
26 4909 -191.84 -191.84
28 4909 -26.05 -26.05
26 4910 -384.14 -384.14
28 4910 -291.19 -291.19
26 4911 -60.4 -60.4
28 4911 -0.0899963 -0.0899963
36 4911 116.69 116.69
26 4912 125.06 125.06
28 4912 198.69 198.69
26 4913 -364.06 -364.06
28 4913 -271.85 -271.85
36 4913 -105.71 -105.71
42 4913 -32.53 -32.53
26 4914 -359.83 -359.83
28 4914 -267.92 -267.92
29 4914 -181.26 -181.26
36 4914 -100.62 -100.62
26 4915 75.1 75.1
28 4915 135.85 135.85
26 4916 -8.79999 -8.79999
28 4916 58.95 58.95
26 4917 134.99 134.99
28 4917 207.23 207.23
27 4918 61.24 61.24
28 4918 358.4 358.4
1 4919 -288.87 -288.87
29 4919 171.81 171.81
1 4920 -323.57 -323.57
29 4920 69.09 69.09
36 4920 160.32 160.32
42 4920 241.27 241.27
1 4921 -340.54 -340.54
29 4921 125.67 125.67
36 4921 177.8 177.8
42 4921 227.68 227.68
2 4922 -288.18 -288.18
29 4922 337.93 337.93
2 4923 -231.27 -231.27
28 4923 340.25 340.25
29 4923 382.36 382.36
3 4924 -286.29 -286.29
29 4924 225.98 225.98
3 4925 -230.27 -230.27
29 4925 294.19 294.19
3 4926 -180.58 -180.58
29 4926 332.94 332.94
3 4927 -205.09 -205.09
29 4927 221.89 221.89
3 4928 -261.85 -261.85
29 4928 234.9 234.9
36 4928 304.27 304.27
3 4929 -364.65 -364.65
29 4929 151.53 151.53
36 4929 208.09 208.09
42 4929 262.33 262.33
3 4930 -263.85 -263.85
29 4930 232.36 232.36
3 4931 -163.78 -163.78
29 4931 289.9 289.9
3 4932 -224.94 -224.94
29 4932 301.83 301.83
36 4932 348.99 348.99
4 4933 80.74 80.74
6 4933 81.02 81.02
8 4933 81.09 81.09
9 4933 82 82
14 4933 83.52 83.52
17 4933 86.21 86.21
33 4933 88.74 88.74
35 4933 87.75 87.75
38 4933 90.2 90.2
47 4933 92.03 92.03
4 4934 80.74 80.74
6 4934 81.02 81.02
8 4934 81.09 81.09
9 4934 82 82
14 4934 83.52 83.52
17 4934 86.21 86.21
35 4934 87.75 87.75
38 4934 90.2 90.2
5 4935 -363.71 -363.71
29 4935 124.04 124.04
5 4936 -326.29 -326.29
29 4936 1.64999 1.64999
5 4937 -298.08 -298.08
29 4937 119.36 119.36
6 4938 -378.07 -378.07
31 4938 -115.58 -115.58
44 4938 -277.37 -277.37
6 4939 79.51 79.51
8 4939 80.35 80.35
9 4939 80.99 80.99
14 4939 82.57 82.57
17 4939 86.15 86.15
33 4939 88.44 88.44
38 4939 90 90
47 4939 92.53 92.53
7 4940 -235.92 -235.92
29 4940 140.77 140.77
36 4940 196.25 196.25
42 4940 248.31 248.31
7 4941 147.39 147.39
10 4941 136.47 136.47
30 4941 113.87 113.87
7 4942 194.44 194.44
30 4942 132.4 132.4
7 4943 -291.22 -291.22
29 4943 57.85 57.85
36 4943 119.03 119.03
42 4943 176.11 176.11
8 4944 -109.05 -109.05
31 4944 116.41 116.41
37 4944 6.35001 6.35001
9 4945 -293.66 -293.66
31 4945 68.15 68.15
11 4946 -324.14 -324.14
29 4946 -24.44 -24.44
11 4947 -273.36 -273.36
29 4947 47.05 47.05
11 4948 -350.77 -350.77
30 4948 -319 -319
11 4949 199.08 199.08
30 4949 138.79 138.79
43 4949 121.07 121.07
11 4950 -26.8 -26.8
13 4950 -25.08 -25.08
16 4950 -25.85 -25.85
22 4950 -25.33 -25.33
30 4950 -28.82 -28.82
34 4950 -32.54 -32.54
12 4951 -331.81 -331.81
31 4951 117.03 117.03
32 4951 34.89 34.89
40 4951 -107.33 -107.33
41 4951 -59.14 -59.14
46 4951 -153.25 -153.25
12 4952 -331.81 -331.81
31 4952 117.03 117.03
32 4952 34.89 34.89
37 4952 76.52 76.52
40 4952 -107.33 -107.33
41 4952 -59.14 -59.14
46 4952 -153.25 -153.25
12 4953 -167.61 -167.61
15 4953 -182.07 -182.07
31 4953 298.61 298.61
13 4954 -390.3 -390.3
29 4954 -293.03 -293.03
13 4955 -358.62 -358.62
29 4955 -251.91 -251.91
13 4956 319.71 319.71
30 4956 234.24 234.24
13 4957 88.85 88.85
30 4957 66.09 66.09
13 4958 -341.78 -341.78
29 4958 -229.29 -229.29
36 4958 -145.19 -145.19
13 4959 184.87 184.87
16 4959 165.85 165.85
22 4959 174.88 174.88
30 4959 155 155
13 4960 181.59 181.59
16 4960 163.12 163.12
22 4960 171.93 171.93
30 4960 152.51 152.51
13 4961 -35.26 -35.26
30 4961 -31.11 -31.11
13 4962 133.61 133.61
22 4962 125.44 125.44
30 4962 108.99 108.99
13 4963 133.61 133.61
22 4963 125.44 125.44
30 4963 108.99 108.99
34 4963 99.91 99.91
13 4964 -361.66 -361.66
29 4964 -256.13 -256.13
14 4965 -237.33 -237.33
31 4965 190.98 190.98
14 4966 -182.18 -182.18
15 4966 -192.07 -192.07
31 4966 377.43 377.43
14 4967 -252.7 -252.7
31 4967 183.45 183.45
14 4968 -334.86 -334.86
31 4968 69.03 69.03
16 4969 339.9 339.9
30 4969 299.13 299.13
16 4970 225.93 225.93
30 4970 201.89 201.89
16 4971 287.39 287.39
30 4971 254.63 254.63
16 4972 349.49 349.49
30 4972 310.81 310.81
34 4972 278.97 278.97
39 4972 248.8 248.8
16 4973 -245.99 -245.99
30 4973 -223.19 -223.19
16 4974 -148.38 -148.38
22 4974 -159.81 -159.81
30 4974 -141.29 -141.29
16 4975 -260.72 -260.72
30 4975 -206.67 -206.67
16 4976 355.72 355.72
30 4976 304.05 304.05
16 4977 -244.21 -244.21
30 4977 -169.55 -169.55
16 4978 -256.35 -256.35
30 4978 -225.96 -225.96
34 4978 -203.38 -203.38
16 4979 -257.52 -257.52
30 4979 -227.72 -227.72
34 4979 -205.38 -205.38
39 4979 -160.01 -160.01
43 4979 -183.04 -183.04
16 4980 292.1 292.1
30 4980 257.46 257.46
16 4981 214.27 214.27
30 4981 191.45 191.45
16 4982 228.64 228.64
30 4982 203.73 203.73
34 4982 183.67 183.67
39 4982 167.33 167.33
43 4982 171.42 171.42
16 4983 293.88 293.88
30 4983 260.19 260.19
16 4984 298.58 298.58
30 4984 264.25 264.25
16 4985 -79.67 -79.67
22 4985 -85.63 -85.63
30 4985 -77.22 -77.22
39 4985 -62.09 -62.09
45 4985 -51.3 -51.3
16 4986 -61 -61
22 4986 -63.09 -63.09
30 4986 -62.11 -62.11
16 4987 -353.04 -353.04
30 4987 -305.47 -305.47
16 4988 -293.69 -293.69
30 4988 -273.52 -273.52
16 4989 -310.93 -310.93
30 4989 -273.12 -273.12
34 4989 -247.04 -247.04
16 4990 -339.17 -339.17
30 4990 -295.28 -295.28
16 4991 -326.12 -326.12
30 4991 -285.24 -285.24
42 4991 -197.96 -197.96
16 4992 -237.42 -237.42
30 4992 -215.01 -215.01
34 4992 -199.12 -199.12
16 4993 -277.07 -277.07
30 4993 -247.34 -247.34
34 4993 -225.89 -225.89
16 4994 195.92 195.92
22 4994 213 213
30 4994 179.01 179.01
16 4995 393.6 393.6
30 4995 346.5 346.5
39 4995 271.2 271.2
45 4995 261.14 261.14
16 4996 -237.1 -237.1
30 4996 -214.25 -214.25
34 4996 -199.5 -199.5
39 4996 -160.87 -160.87
43 4996 -181.55 -181.55
16 4997 325.34 325.34
30 4997 284.41 284.41
34 4997 251.79 251.79
43 4997 230.9 230.9
16 4998 244.1 244.1
30 4998 220.43 220.43
16 4999 290.86 290.86
30 4999 253.79 253.79
16 5000 -260.47 -260.47
30 5000 -229.74 -229.74
16 5001 -261.36 -261.36
30 5001 -231.15 -231.15
16 5002 -261.36 -261.36
30 5002 -231.15 -231.15
34 5002 -208.34 -208.34
16 5003 -260.99 -260.99
30 5003 -231 -231
34 5003 -208.2 -208.2
16 5004 243.16 243.16
30 5004 215.44 215.44
16 5005 288.36 288.36
30 5005 254.77 254.77
16 5006 -235.29 -235.29
30 5006 -210.6 -210.6
16 5007 -235.29 -235.29
30 5007 -210.6 -210.6
16 5008 -178.49 -178.49
30 5008 -158.97 -158.97
34 5008 -144.52 -144.52
45 5008 -93.57 -93.57
16 5009 -64.89 -64.89
22 5009 -67.23 -67.23
30 5009 -65.15 -65.15
16 5010 -353.88 -353.88
30 5010 -306.41 -306.41
45 5010 -181.57 -181.57
16 5011 393.74 393.74
30 5011 345.78 345.78
34 5011 307.45 307.45
39 5011 270.07 270.07
43 5011 283.04 283.04
16 5012 -381.91 -381.91
30 5012 -327.93 -327.93
34 5012 -290.59 -290.59
43 5012 -256.6 -256.6
16 5013 -370.14 -370.14
30 5013 -318.62 -318.62
16 5014 -324.99 -324.99
30 5014 -284.54 -284.54
34 5014 -256.28 -256.28
43 5014 -229.25 -229.25
16 5015 -364.49 -364.49
30 5015 -314.33 -314.33
34 5015 -279.76 -279.76
36 5015 -346.6 -346.6
42 5015 -253.48 -253.48
16 5016 -364.49 -364.49
30 5016 -314.33 -314.33
34 5016 -279.76 -279.76
36 5016 -346.6 -346.6
42 5016 -253.48 -253.48
16 5017 -260.01 -260.01
30 5017 -233.58 -233.58
16 5018 -177.68 -177.68
30 5018 -158.21 -158.21
34 5018 -145.76 -145.76
39 5018 -113.62 -113.62
45 5018 -96.3 -96.3
16 5019 205.03 205.03
22 5019 222.94 222.94
30 5019 187.33 187.33
39 5019 159.02 159.02
43 5019 160.83 160.83
45 5019 158.53 158.53
16 5020 -229.79 -229.79
30 5020 -184.61 -184.61
16 5021 -359.3 -359.3
30 5021 -308.75 -308.75
34 5021 -274.49 -274.49
43 5021 -243.4 -243.4
16 5022 -180.57 -180.57
30 5022 -144.51 -144.51
34 5022 -122.72 -122.72
16 5023 -226.22 -226.22
30 5023 -179.28 -179.28
16 5024 344.66 344.66
30 5024 302.69 302.69
34 5024 270.71 270.71
39 5024 239.74 239.74
43 5024 249.56 249.56
16 5025 344.66 344.66
30 5025 302.69 302.69
34 5025 270.71 270.71
39 5025 239.74 239.74
43 5025 249.56 249.56
16 5026 223.16 223.16
30 5026 198.89 198.89
16 5027 -377.3 -377.3
30 5027 -324.05 -324.05
34 5027 -287.39 -287.39
16 5028 -377.64 -377.64
30 5028 -324.25 -324.25
34 5028 -287.4 -287.4
42 5028 -270.37 -270.37
43 5028 -253.97 -253.97
45 5028 -190.41 -190.41
16 5029 -380.9 -380.9
30 5029 -326.42 -326.42
34 5029 -288.97 -288.97
39 5029 -221.55 -221.55
42 5029 -273.79 -273.79
43 5029 -255.22 -255.22
45 5029 -191.11 -191.11
16 5030 -380.9 -380.9
30 5030 -326.42 -326.42
34 5030 -288.97 -288.97
39 5030 -221.55 -221.55
42 5030 -273.79 -273.79
43 5030 -255.22 -255.22
45 5030 -191.11 -191.11
16 5031 -275.05 -275.05
30 5031 -245.17 -245.17
34 5031 -224.69 -224.69
39 5031 -178.81 -178.81
43 5031 -203.05 -203.05
45 5031 -155.85 -155.85
16 5032 -309.18 -309.18
30 5032 -271.55 -271.55
43 5032 -219.71 -219.71
45 5032 -167.47 -167.47
16 5033 313.25 313.25
30 5033 273.16 273.16
16 5034 315.78 315.78
30 5034 276.51 276.51
34 5034 244.52 244.52
43 5034 224.28 224.28
45 5034 207.77 207.77
16 5035 -277.71 -277.71
30 5035 -247.81 -247.81
34 5035 -227.11 -227.11
39 5035 -180.65 -180.65
43 5035 -205.72 -205.72
45 5035 -157.92 -157.92
16 5036 -348.8 -348.8
30 5036 -300.84 -300.84
34 5036 -267.8 -267.8
16 5037 -126.89 -126.89
30 5037 -101.85 -101.85
34 5037 -88.36 -88.36
16 5038 -95.04 -95.04
30 5038 -76.95 -76.95
16 5039 -257.16 -257.16
30 5039 -203.27 -203.27
16 5040 350.37 350.37
30 5040 297.76 297.76
34 5040 257.21 257.21
43 5040 233.49 233.49
16 5041 323.63 323.63
30 5041 283.56 283.56
34 5041 253.95 253.95
16 5042 -240.94 -240.94
30 5042 -212.17 -212.17
16 5043 225.9 225.9
30 5043 201.21 201.21
16 5044 -313.46 -313.46
29 5044 -361.92 -361.92
30 5044 -275.5 -275.5
34 5044 -248.65 -248.65
36 5044 -265.56 -265.56
39 5044 -195.1 -195.1
42 5044 -178.62 -178.62
43 5044 -222.77 -222.77
45 5044 -169.21 -169.21
16 5045 -380.43 -380.43
30 5045 -326.94 -326.94
34 5045 -290.36 -290.36
39 5045 -222.47 -222.47
42 5045 -270.78 -270.78
43 5045 -256.4 -256.4
45 5045 -192.66 -192.66
16 5046 345.45 345.45
30 5046 308.12 308.12
39 5046 247.22 247.22
43 5046 256.18 256.18
16 5047 -151.62 -151.62
22 5047 -164.04 -164.04
30 5047 -144.38 -144.38
16 5048 329.9 329.9
30 5048 288.79 288.79
16 5049 242.2 242.2
30 5049 217.97 217.97
34 5049 197.28 197.28
43 5049 184.73 184.73
16 5050 -234.12 -234.12
30 5050 -185.5 -185.5
16 5051 346.13 346.13
30 5051 295.24 295.24
39 5051 219.64 219.64
45 5051 210.11 210.11
16 5052 -202.15 -202.15
30 5052 -149.62 -149.62
16 5053 -263.12 -263.12
30 5053 -232.75 -232.75
16 5054 -141.99 -141.99
30 5054 -127.13 -127.13
34 5054 -115.8 -115.8
39 5054 -87.91 -87.91
43 5054 -103.06 -103.06
45 5054 -72.42 -72.42
16 5055 -141.99 -141.99
30 5055 -127.13 -127.13
34 5055 -115.8 -115.8
39 5055 -87.91 -87.91
43 5055 -103.06 -103.06
45 5055 -72.42 -72.42
16 5056 255.78 255.78
30 5056 227.23 227.23
16 5057 301.83 301.83
30 5057 267.9 267.9
34 5057 240.86 240.86
43 5057 223.37 223.37
16 5058 339.02 339.02
30 5058 302.55 302.55
34 5058 271.96 271.96
39 5058 243.65 243.65
45 5058 237.02 237.02
16 5059 -357.53 -357.53
30 5059 -309.71 -309.71
34 5059 -277.02 -277.02
39 5059 -214.82 -214.82
43 5059 -246.42 -246.42
16 5060 -224.88 -224.88
30 5060 -203.83 -203.83
34 5060 -190.7 -190.7
39 5060 -156.04 -156.04
43 5060 -174.45 -174.45
16 5061 -93.71 -93.71
30 5061 -75.41 -75.41
39 5061 -40.74 -40.74
43 5061 -54.86 -54.86
45 5061 -28.42 -28.42
16 5062 -187.85 -187.85
30 5062 -150.16 -150.16
34 5062 -127.49 -127.49
39 5062 -87.35 -87.35
43 5062 -107.86 -107.86
16 5063 -187.85 -187.85
30 5063 -150.16 -150.16
34 5063 -127.49 -127.49
39 5063 -87.35 -87.35
43 5063 -107.86 -107.86
16 5064 -134.65 -134.65
30 5064 -109.12 -109.12
16 5065 -258.85 -258.85
30 5065 -206.82 -206.82
16 5066 -216.46 -216.46
30 5066 -189.76 -189.76
34 5066 -169.6 -169.6
16 5067 -170.59 -170.59
30 5067 -150.84 -150.84
16 5068 314.48 314.48
30 5068 275.38 275.38
16 5069 322.14 322.14
30 5069 285.73 285.73
34 5069 256.92 256.92
16 5070 254.29 254.29
30 5070 226.4 226.4
16 5071 -330.35 -330.35
29 5071 -389.49 -389.49
30 5071 -288.76 -288.76
34 5071 -260.18 -260.18
36 5071 -291.54 -291.54
39 5071 -204.27 -204.27
42 5071 -203.8 -203.8
43 5071 -232.76 -232.76
45 5071 -178.59 -178.59
16 5072 -322.91 -322.91
29 5072 -378.14 -378.14
30 5072 -282.54 -282.54
34 5072 -255.1 -255.1
36 5072 -279.45 -279.45
39 5072 -199.48 -199.48
42 5072 -192.34 -192.34
43 5072 -227.89 -227.89
45 5072 -172.73 -172.73
16 5073 349.66 349.66
30 5073 311.28 311.28
34 5073 279.51 279.51
43 5073 258.7 258.7
45 5073 242.12 242.12
16 5074 349.66 349.66
30 5074 311.28 311.28
34 5074 279.51 279.51
39 5074 249.27 249.27
43 5074 258.7 258.7
45 5074 242.12 242.12
16 5075 -221.05 -221.05
30 5075 -177.74 -177.74
34 5075 -150.69 -150.69
39 5075 -104.11 -104.11
43 5075 -127.8 -127.8
16 5076 325.47 325.47
30 5076 286.18 286.18
34 5076 252.88 252.88
39 5076 222.35 222.35
43 5076 232.2 232.2
16 5077 -166.12 -166.12
30 5077 -147.28 -147.28
34 5077 -133.12 -133.12
39 5077 -101.06 -101.06
43 5077 -117.8 -117.8
16 5078 -75.87 -75.87
30 5078 -74.65 -74.65
16 5079 -227.09 -227.09
30 5079 -180.68 -180.68
34 5079 -152.49 -152.49
43 5079 -129.07 -129.07
16 5080 -250.8 -250.8
30 5080 -222.18 -222.18
34 5080 -200.12 -200.12
39 5080 -155.4 -155.4
43 5080 -178.18 -178.18
45 5080 -132.75 -132.75
16 5081 -250.8 -250.8
30 5081 -222.18 -222.18
16 5082 -215.56 -215.56
30 5082 -191.97 -191.97
16 5083 325.41 325.41
30 5083 285.11 285.11
16 5084 336.39 336.39
30 5084 297.59 297.59
34 5084 268.62 268.62
43 5084 248.88 248.88
45 5084 234.01 234.01
16 5085 -198.11 -198.11
30 5085 -173.38 -173.38
16 5086 322.14 322.14
30 5086 281.95 281.95
34 5086 249.36 249.36
39 5086 218.8 218.8
43 5086 228.64 228.64
45 5086 211.12 211.12
16 5087 -364.23 -364.23
30 5087 -313.14 -313.14
34 5087 -277.55 -277.55
39 5087 -212.09 -212.09
43 5087 -245.61 -245.61
16 5088 -143.02 -143.02
22 5088 -155.6 -155.6
30 5088 -134.15 -134.15
16 5089 256.55 256.55
30 5089 229.47 229.47
16 5090 347.35 347.35
30 5090 308.81 308.81
34 5090 276.49 276.49
43 5090 255.71 255.71
18 5091 -97.61 -97.61
31 5091 -360.75 -360.75
18 5092 -37.51 -37.51
31 5092 -279.63 -279.63
37 5092 -347.31 -347.31
18 5093 -28.85 -28.85
31 5093 -268.07 -268.07
18 5094 238.27 238.27
31 5094 77.93 77.93
37 5094 34.62 34.62
41 5094 -110.77 -110.77
44 5094 -59.41 -59.41
48 5094 -259.47 -259.47
18 5095 88.01 88.01
31 5095 -94.75 -94.75
32 5095 -194.65 -194.65
18 5096 25.79 25.79
31 5096 -177.5 -177.5
37 5096 -228.18 -228.18
18 5097 -99.62 -99.62
31 5097 -363.74 -363.74
18 5098 -99.26 -99.26
31 5098 -362.54 -362.54
18 5099 78.77 78.77
31 5099 -132.75 -132.75
32 5099 -251.47 -251.47
37 5099 -190.72 -190.72
41 5099 -390.6 -390.6
18 5100 78.77 78.77
31 5100 -132.75 -132.75
32 5100 -251.47 -251.47
37 5100 -190.72 -190.72
41 5100 -390.6 -390.6
19 5101 -58.8 -58.8
31 5101 -388.9 -388.9
19 5102 377.86 377.86
31 5102 202.39 202.39
19 5103 -78.2 -78.2
31 5103 -363.92 -363.92
19 5104 -298.94 -298.94
29 5104 53.89 53.89
36 5104 115.51 115.51
20 5105 -320.78 -320.78
31 5105 205.56 205.56
32 5105 131.44 131.44
37 5105 168.8 168.8
20 5106 -188.88 -188.88
31 5106 375.93 375.93
32 5106 321.87 321.87
33 5106 -245.8 -245.8
35 5106 -224.97 -224.97
37 5106 349.25 349.25
38 5106 -270.6 -270.6
40 5106 234.23 234.23
41 5106 262.6 262.6
44 5106 292.46 292.46
46 5106 208.93 208.93
47 5106 -299.62 -299.62
48 5106 183.79 183.79
20 5107 -211.21 -211.21
31 5107 338.43 338.43
32 5107 279.3 279.3
33 5107 -283.27 -283.27
35 5107 -256.48 -256.48
37 5107 308.99 308.99
44 5107 246.69 246.69
46 5107 152.2 152.2
20 5108 -336.85 -336.85
31 5108 191.36 191.36
20 5109 -336.85 -336.85
31 5109 191.36 191.36
20 5110 -251.11 -251.11
31 5110 218.54 218.54
20 5111 -314.65 -314.65
25 5111 248.97 248.97
31 5111 212.73 212.73
37 5111 177.07 177.07
40 5111 16.31 16.31
41 5111 58.21 58.21
20 5112 -303.64 -303.64
31 5112 222.83 222.83
32 5112 152.12 152.12
37 5112 187.78 187.78
40 5112 31.69 31.69
41 5112 72.54 72.54
44 5112 113.23 113.23
46 5112 -7.01999 -7.01999
48 5112 -45.42 -45.42
21 5113 -60.41 -60.41
29 5113 188.22 188.22
36 5113 260.33 260.33
42 5113 328.4 328.4
21 5114 139.94 139.94
29 5114 286.43 286.43
21 5115 30.14 30.14
29 5115 159.8 159.8
21 5116 -293.53 -293.53
29 5116 -61.84 -61.84
21 5117 -117.49 -117.49
29 5117 -91.69 -91.69
21 5118 60.63 60.63
29 5118 219.89 219.89
21 5119 162.62 162.62
29 5119 221.33 221.33
21 5120 -101.61 -101.61
29 5120 89.66 89.66
21 5121 142.66 142.66
26 5121 350.42 350.42
21 5122 277.04 277.04
31 5122 -45.04 -45.04
32 5122 -148.13 -148.13
21 5123 80.27 80.27
29 5123 236.92 236.92
21 5124 -264.88 -264.88
29 5124 -37.5 -37.5
22 5125 393.8 393.8
30 5125 310.83 310.83
22 5126 -265.41 -265.41
30 5126 -205.03 -205.03
22 5127 -366.74 -366.74
29 5127 -356.57 -356.57
36 5127 -259.84 -259.84
42 5127 -174.46 -174.46
22 5128 220.99 220.99
30 5128 185.52 185.52
34 5128 169.32 169.32
22 5129 372.59 372.59
30 5129 282.25 282.25
34 5129 249.69 249.69
43 5129 229.15 229.15
22 5130 372.59 372.59
30 5130 282.25 282.25
34 5130 249.69 249.69
22 5131 -370.03 -370.03
30 5131 -282.32 -282.32
36 5131 -210.79 -210.79
42 5131 -135.53 -135.53
22 5132 -325.14 -325.14
30 5132 -249.17 -249.17
22 5133 257.21 257.21
30 5133 210.29 210.29
34 5133 192.03 192.03
22 5134 -370.93 -370.93
30 5134 -282.36 -282.36
36 5134 -215.55 -215.55
42 5134 -139.25 -139.25
22 5135 242.67 242.67
30 5135 203.95 203.95
34 5135 186.27 186.27
39 5135 173.72 173.72
43 5135 176.12 176.12
45 5135 173.09 173.09
23 5136 337.5 337.5
31 5136 109.3 109.3
23 5137 176.15 176.15
31 5137 -122.82 -122.82
23 5138 -11.05 -11.05
31 5138 -407.01 -407.01
24 5139 109.48 109.48
31 5139 -32.54 -32.54
24 5140 -71.94 -71.94
31 5140 -254.26 -254.26
32 5140 -388.85 -388.85
24 5141 77.57 77.57
31 5141 -53.48 -53.48
24 5142 19.33 19.33
31 5142 -126.08 -126.08
32 5142 -229.88 -229.88
37 5142 -177.02 -177.02
44 5142 -288.74 -288.74
24 5143 71.07 71.07
31 5143 -64.13 -64.13
32 5143 -160.44 -160.44
37 5143 -111.16 -111.16
24 5144 -85.21 -85.21
31 5144 -270.39 -270.39
24 5145 -94.8 -94.8
31 5145 -282.8 -282.8
24 5146 340.82 340.82
27 5146 293.43 293.43
24 5147 342.43 342.43
27 5147 294.25 294.25
25 5148 172.03 172.03
31 5148 133.76 133.76
25 5149 -299.43 -299.43
31 5149 -373.49 -373.49
25 5150 -302.23 -302.23
31 5150 -377.04 -377.04
25 5151 -249.26 -249.26
31 5151 -319.04 -319.04
37 5151 -390.04 -390.04
25 5152 -289.78 -289.78
31 5152 -362.31 -362.31
25 5153 -130.87 -130.87
31 5153 -199.99 -199.99
25 5154 -138.57 -138.57
31 5154 -207.11 -207.11
25 5155 170.63 170.63
31 5155 132.34 132.34
25 5156 -211.45 -211.45
31 5156 -278.1 -278.1
25 5157 48.97 48.97
31 5157 1.17001 1.17001
32 5157 -95.35 -95.35
37 5157 -46.31 -46.31
40 5157 -265.78 -265.78
41 5157 -207.67 -207.67
44 5157 -150.55 -150.55
46 5157 -320.24 -320.24
48 5157 -374.27 -374.27
25 5158 85.7 85.7
31 5158 39.72 39.72
32 5158 -51.23 -51.23
37 5158 -5.32999 -5.32999
44 5158 -103.32 -103.32
25 5159 54.54 54.54
31 5159 6.78 6.78
25 5160 349.46 349.46
31 5160 317.55 317.55
41 5160 188.78 188.78
25 5161 244.75 244.75
31 5161 207.46 207.46
46 5161 -34.64 -34.64
48 5161 -76.77 -76.77
25 5162 352.91 352.91
31 5162 321.46 321.46
32 5162 260.53 260.53
33 5162 -302.53 -302.53
35 5162 -272.23 -272.23
37 5162 291.4 291.4
41 5162 192.94 192.94
25 5163 372.14 372.14
31 5163 341.66 341.66
37 5163 312.17 312.17
25 5164 -264.86 -264.86
31 5164 -334.91 -334.91
25 5165 -273.97 -273.97
31 5165 -346.04 -346.04
25 5166 361.13 361.13
31 5166 330.73 330.73
25 5167 -65.34 -65.34
31 5167 -116.19 -116.19
37 5167 -165.83 -165.83
25 5168 123.69 123.69
31 5168 83.99 83.99
37 5168 45.47 45.47
25 5169 361.56 361.56
31 5169 331.07 331.07
33 5169 -290.06 -290.06
37 5169 301.94 301.94
38 5169 -324.56 -324.56
44 5169 240.58 240.58
47 5169 -365.87 -365.87
48 5169 117.72 117.72
25 5170 361.58 361.58
31 5170 331.05 331.05
37 5170 302.09 302.09
25 5171 358.42 358.42
31 5171 328.22 328.22
25 5172 -46.03 -46.03
31 5172 -95.18 -95.18
32 5172 -194.76 -194.76
37 5172 -143.91 -143.91
40 5172 -369.61 -369.61
41 5172 -310.46 -310.46
44 5172 -250.78 -250.78
25 5173 -154.73 -154.73
31 5173 -216.44 -216.44
25 5174 -189.69 -189.69
31 5174 -254.5 -254.5
32 5174 -388.72 -388.72
37 5174 -320.39 -320.39
25 5175 3.72 3.72
31 5175 -136.99 -136.99
25 5176 102.68 102.68
31 5176 3.79001 3.79001
25 5177 241.04 241.04
31 5177 136.92 136.92
37 5177 23.49 23.49
25 5178 40.68 40.68
31 5178 -127.93 -127.93
25 5179 135.62 135.62
31 5179 35.3 35.3
25 5180 123.16 123.16
31 5180 71.19 71.19
25 5181 -285.27 -285.27
31 5181 -358.17 -358.17
25 5182 172.7 172.7
31 5182 135.87 135.87
25 5183 95.31 95.31
31 5183 50.66 50.66
37 5183 6.06 6.06
40 5183 -198.03 -198.03
25 5184 17.56 17.56
31 5184 -32.56 -32.56
32 5184 -133.67 -133.67
41 5184 -252.49 -252.49
44 5184 -191.66 -191.66
46 5184 -370.13 -370.13
25 5185 -133.47 -133.47
31 5185 -195.76 -195.76
25 5186 105.39 105.39
31 5186 65.5 65.5
32 5186 -14.9 -14.9
48 5186 -239.13 -239.13
25 5187 102.13 102.13
31 5187 61.76 61.76
32 5187 -19.07 -19.07
37 5187 22.27 22.27
46 5187 -199.83 -199.83
25 5188 -269.3 -269.3
31 5188 -339.95 -339.95
25 5189 -269.3 -269.3
31 5189 -339.95 -339.95
25 5190 360.72 360.72
31 5190 330.48 330.48
32 5190 272.14 272.14
33 5190 -290.39 -290.39
35 5190 -262.88 -262.88
37 5190 301.59 301.59
38 5190 -324.77 -324.77
44 5190 240.26 240.26
47 5190 -365.79 -365.79
25 5191 59 59
31 5191 12.2 12.2
25 5192 125.96 125.96
31 5192 63.17 63.17
25 5193 -17.45 -17.45
31 5193 -65.51 -65.51
37 5193 -112.75 -112.75
25 5194 36.3 36.3
31 5194 -10.18 -10.18
25 5195 -16.06 -16.06
31 5195 -67.03 -67.03
25 5196 42.95 42.95
31 5196 -125.46 -125.46
25 5197 -230.92 -230.92
31 5197 -345.3 -345.3
25 5198 -270.04 -270.04
31 5198 -340.39 -340.39
25 5199 -136.58 -136.58
31 5199 -192.87 -192.87
37 5199 -248.52 -248.52
25 5200 -224 -224
31 5200 -292.43 -292.43
25 5201 -209.97 -209.97
31 5201 -278.67 -278.67
25 5202 -120.97 -120.97
31 5202 -178.41 -178.41
25 5203 -0.859985 -0.859985
31 5203 -140.25 -140.25
25 5204 -0.859985 -0.859985
31 5204 -140.25 -140.25
25 5205 -0.859985 -0.859985
31 5205 -140.25 -140.25
25 5206 -2.06 -2.06
31 5206 -142.62 -142.62
25 5207 132.59 132.59
31 5207 32.68 32.68
37 5207 -74.62 -74.62
25 5208 172.06 172.06
31 5208 119.39 119.39
37 5208 68.46 68.46
25 5209 -187.29 -187.29
29 5209 159.71 159.71
25 5210 -290 -290
31 5210 -363.28 -363.28
25 5211 -196.34 -196.34
31 5211 -262.03 -262.03
32 5211 -397.44 -397.44
37 5211 -328.86 -328.86
25 5212 -190.19 -190.19
31 5212 -255.53 -255.53
25 5213 -218.15 -218.15
31 5213 -286.24 -286.24
37 5213 -355.19 -355.19
25 5214 99.57 99.57
31 5214 59.08 59.08
32 5214 -21.88 -21.88
41 5214 -114.21 -114.21
44 5214 -67.15 -67.15
48 5214 -249.22 -249.22
25 5215 -133.13 -133.13
31 5215 -193.21 -193.21
32 5215 -316.28 -316.28
37 5215 -253.5 -253.5
25 5216 104.79 104.79
31 5216 7.23999 7.23999
32 5216 -215.68 -215.68
37 5216 -97.77 -97.77
25 5217 153.34 153.34
31 5217 117.96 117.96
25 5218 154.64 154.64
31 5218 118.28 118.28
25 5219 -206.75 -206.75
31 5219 -276.33 -276.33
37 5219 -346.92 -346.92
25 5220 268.59 268.59
31 5220 233.25 233.25
37 5220 198.55 198.55
25 5221 -214.85 -214.85
31 5221 -283.17 -283.17
25 5222 -191.16 -191.16
31 5222 -256.62 -256.62
37 5222 -323.36 -323.36
25 5223 -164.97 -164.97
31 5223 -228.32 -228.32
25 5224 299.77 299.77
31 5224 265.89 265.89
37 5224 233.23 233.23
25 5225 -2.03 -2.03
31 5225 -166.14 -166.14
25 5226 -215.56 -215.56
31 5226 -283.09 -283.09
37 5226 -350.86 -350.86
25 5227 -195.79 -195.79
31 5227 -258.14 -258.14
37 5227 -322.58 -322.58
25 5228 278.71 278.71
31 5228 175.8 175.8
25 5229 -184.34 -184.34
31 5229 -247.74 -247.74
26 5230 -35.03 -35.03
29 5230 89.07 89.07
26 5231 -79.25 -79.25
29 5231 52.38 52.38
26 5232 166.26 166.26
29 5232 266.34 266.34
26 5233 178.79 178.79
29 5233 278.17 278.17
26 5234 -97.61 -97.61
29 5234 27.57 27.57
26 5235 174.5 174.5
29 5235 274.08 274.08
26 5236 -297.27 -297.27
29 5236 -69.24 -69.24
26 5237 80.91 80.91
29 5237 220.3 220.3
26 5238 152.53 152.53
29 5238 253.76 253.76
26 5239 131.66 131.66
29 5239 236.24 236.24
36 5239 285.6 285.6
26 5240 163.28 163.28
28 5240 219.12 219.12
26 5241 -380.2 -380.2
29 5241 -199.39 -199.39
42 5241 -43.78 -43.78
26 5242 -240.42 -240.42
29 5242 -84.28 -84.28
36 5242 -13.17 -13.17
26 5243 112.4 112.4
29 5243 263.6 263.6
26 5244 -75.15 -75.15
29 5244 47.43 47.43
36 5244 104.64 104.64
26 5245 211.16 211.16
29 5245 335.43 335.43
27 5246 100.6 100.6
31 5246 7.10001 7.10001
32 5246 -89.1 -89.1
40 5246 -258.35 -258.35
44 5246 -143.67 -143.67
46 5246 -312.45 -312.45
48 5246 -366.42 -366.42
27 5247 71.17 71.17
31 5247 -26.63 -26.63
32 5247 -127.02 -127.02
37 5247 -75.82 -75.82
40 5247 -304.78 -304.78
41 5247 -244.24 -244.24
44 5247 -184.59 -184.59
46 5247 -361.5 -361.5
27 5248 71.17 71.17
31 5248 -26.63 -26.63
32 5248 -127.02 -127.02
37 5248 -75.82 -75.82
40 5248 -304.78 -304.78
41 5248 -244.24 -244.24
44 5248 -184.59 -184.59
46 5248 -361.5 -361.5
27 5249 113.49 113.49
31 5249 21.35 21.35
37 5249 -24.58 -24.58
27 5250 367.39 367.39
31 5250 303.27 303.27
27 5251 -192.51 -192.51
31 5251 -327.87 -327.87
27 5252 -192.51 -192.51
31 5252 -327.87 -327.87
37 5252 -398.38 -398.38
27 5253 -9.70001 -9.70001
31 5253 -76.26 -76.26
27 5254 156.82 156.82
31 5254 78.73 78.73
44 5254 -43.89 -43.89
27 5255 -133.71 -133.71
31 5255 -265.42 -265.42
27 5256 -133.71 -133.71
31 5256 -265.42 -265.42
27 5257 -114.61 -114.61
31 5257 -241.17 -241.17
37 5257 -304.64 -304.64
27 5258 176.18 176.18
31 5258 78.16 78.16
37 5258 29.76 29.76
27 5259 307.93 307.93
31 5259 236.37 236.37
27 5260 -196.29 -196.29
31 5260 -333.01 -333.01
27 5261 141.94 141.94
31 5261 61.71 61.71
32 5261 -18.18 -18.18
37 5261 22.72 22.72
41 5261 -109.69 -109.69
44 5261 -63.3 -63.3
46 5261 -199.86 -199.86
48 5261 -243.7 -243.7
27 5262 -26.28 -26.28
31 5262 -126.83 -126.83
27 5263 127.95 127.95
31 5263 -173.91 -173.91
27 5264 -142.62 -142.62
31 5264 -362.55 -362.55
27 5265 -71.87 -71.87
31 5265 -313.19 -313.19
27 5266 -152.13 -152.13
31 5266 -282.86 -282.86
37 5266 -350.79 -350.79
27 5267 289.56 289.56
31 5267 216.88 216.88
27 5268 -117.85 -117.85
31 5268 -242.42 -242.42
27 5269 -101.54 -101.54
31 5269 -214.13 -214.13
28 5270 130.58 130.58
29 5270 213.04 213.04
28 5271 130.58 130.58
29 5271 213.04 213.04
28 5272 -47.57 -47.57
29 5272 20.38 20.38
28 5273 -362.56 -362.56
29 5273 -266.61 -266.61
28 5274 25.21 25.21
29 5274 87.34 87.34
28 5275 183.77 183.77
29 5275 236.04 236.04
28 5276 183.77 183.77
29 5276 236.04 236.04
28 5277 -90.44 -90.44
29 5277 -24.25 -24.25
28 5278 163.83 163.83
29 5278 236.93 236.93
28 5279 -388.34 -388.34
29 5279 -232.57 -232.57
28 5280 102.39 102.39
29 5280 178.42 178.42
42 5280 316.33 316.33
28 5281 -319.7 -319.7
29 5281 -227.46 -227.46
28 5282 -321.97 -321.97
29 5282 -230.14 -230.14
36 5282 -145.98 -145.98
28 5283 -348.89 -348.89
29 5283 -254.07 -254.07
36 5283 -167.6 -167.6
28 5284 -311.53 -311.53
29 5284 -220.42 -220.42
36 5284 -137.29 -137.29
42 5284 -61.8 -61.8
28 5285 -400.53 -400.53
29 5285 -300.54 -300.54
42 5285 -127.76 -127.76
28 5286 -363.4 -363.4
29 5286 -266.55 -266.55
28 5287 224.07 224.07
29 5287 274.92 274.92
28 5288 341.24 341.24
29 5288 383.24 383.24
28 5289 -119.19 -119.19
29 5289 -14.98 -14.98
36 5289 79.46 79.46
28 5290 -50.03 -50.03
29 5290 72.5 72.5
28 5291 138.54 138.54
29 5291 138.65 138.65
31 5291 95.57 95.57
28 5292 -390.97 -390.97
29 5292 -291.77 -291.77
28 5293 -331.79 -331.79
29 5293 -238.54 -238.54
36 5293 -153.56 -153.56
28 5294 -357.68 -357.68
29 5294 -262.47 -262.47
36 5294 -175.54 -175.54
28 5295 -391.78 -391.78
29 5295 -292.64 -292.64
42 5295 -121.87 -121.87
28 5296 85.42 85.42
29 5296 139.62 139.62
28 5297 183.06 183.06
29 5297 257.61 257.61
28 5298 -43.31 -43.31
29 5298 86.11 86.11
28 5299 217.96 217.96
29 5299 274.37 274.37
28 5300 -91.39 -91.39
29 5300 -21.14 -21.14
36 5300 43.8 43.8
28 5301 -396.39 -396.39
29 5301 -296.82 -296.82
42 5301 -125.06 -125.06
28 5302 -388 -388
29 5302 -289.32 -289.32
28 5303 -202.69 -202.69
29 5303 -142.91 -142.91
28 5304 -208.08 -208.08
29 5304 -89.94 -89.94
36 5304 14.91 14.91
28 5305 -303.08 -303.08
29 5305 -173.78 -173.78
28 5306 -24.6 -24.6
29 5306 126.26 126.26
28 5307 85.46 85.46
29 5307 351.61 351.61
28 5308 206 206
29 5308 262.76 262.76
28 5309 209.64 209.64
29 5309 265.3 265.3
28 5310 -326.07 -326.07
29 5310 -233.64 -233.64
36 5310 -148.9 -148.9
28 5311 -396.5 -396.5
29 5311 -296.69 -296.69
42 5311 -125.2 -125.2
28 5312 78.24 78.24
29 5312 137.06 137.06
28 5313 21.15 21.15
29 5313 79.76 79.76
28 5314 5.76999 5.76999
29 5314 64.87 64.87
36 5314 122.03 122.03
28 5315 -247.98 -247.98
29 5315 -128.31 -128.31
28 5316 -277.12 -277.12
29 5316 -150.46 -150.46
36 5316 -38.34 -38.34
42 5316 60.52 60.52
28 5317 88.46 88.46
29 5317 357.72 357.72
28 5318 121.8 121.8
29 5318 201.89 201.89
36 5318 277.16 277.16
42 5318 347.66 347.66
28 5319 -365.77 -365.77
29 5319 -269.44 -269.44
28 5320 -372.38 -372.38
29 5320 -275.19 -275.19
28 5321 -372.38 -372.38
29 5321 -275.19 -275.19
28 5322 -339.42 -339.42
29 5322 -245.34 -245.34
36 5322 -159.37 -159.37
28 5323 -206.09 -206.09
29 5323 -87.59 -87.59
28 5324 98.75 98.75
29 5324 174.73 174.73
36 5324 246.28 246.28
42 5324 312.58 312.58
28 5325 92.55 92.55
29 5325 166.42 166.42
28 5326 122.57 122.57
29 5326 210.14 210.14
28 5327 -293.97 -293.97
29 5327 -204.62 -204.62
28 5328 -233.84 -233.84
29 5328 -152.3 -152.3
36 5328 -75.52 -75.52
42 5328 -4.72 -4.72
28 5329 -176.95 -176.95
29 5329 -99.21 -99.21
36 5329 -26.9 -26.9
42 5329 39.3 39.3
28 5330 -109.59 -109.59
29 5330 -11.52 -11.52
28 5331 -139.82 -139.82
29 5331 -38.61 -38.61
36 5331 52.15 52.15
28 5332 81.02 81.02
29 5332 143.06 143.06
28 5333 81.95 81.95
29 5333 133.94 133.94
28 5334 -12.57 -12.57
29 5334 50.85 50.85
28 5335 237.05 237.05
29 5335 301.75 301.75
28 5336 33.1 33.1
29 5336 114.81 114.81
36 5336 189.53 189.53
0 5337 -89.89 -89.89
35 5337 -169.27 -169.27
0 5338 -331.82 -331.82
36 5338 304.45 304.45
0 5339 -371.6 -371.6
36 5339 280.54 280.54
0 5340 -283.93 -283.93
36 5340 326.58 326.58
0 5341 -385.74 -385.74
29 5341 194.93 194.93
36 5341 267.58 267.58
0 5342 -248.86 -248.86
29 5342 318 318
36 5342 361.67 361.67
1 5343 -256.82 -256.82
36 5343 244.28 244.28
1 5344 -256.82 -256.82
36 5344 244.28 244.28
1 5345 -320.92 -320.92
36 5345 160.43 160.43
42 5345 240.95 240.95
1 5346 -301.72 -301.72
36 5346 174.69 174.69
1 5347 -217.54 -217.54
36 5347 257.71 257.71
1 5348 -305.78 -305.78
36 5348 169.52 169.52
1 5349 -293.59 -293.59
36 5349 178.35 178.35
1 5350 -246.09 -246.09
36 5350 221.46 221.46
1 5351 -246.09 -246.09
36 5351 221.46 221.46
42 5351 323.26 323.26
1 5352 -383.42 -383.42
36 5352 140.04 140.04
1 5353 -272.59 -272.59
36 5353 241.25 241.25
1 5354 -266.96 -266.96
36 5354 203.96 203.96
1 5355 -292.98 -292.98
36 5355 176.99 176.99
1 5356 -273.89 -273.89
36 5356 228.19 228.19
1 5357 -293.12 -293.12
36 5357 216.98 216.98
42 5357 270.27 270.27
1 5358 -292.83 -292.83
36 5358 175.58 175.58
1 5359 -303.26 -303.26
36 5359 171.55 171.55
1 5360 -231.89 -231.89
36 5360 295.96 295.96
2 5361 -265.17 -265.17
35 5361 -293.52 -293.52
2 5362 76.69 76.69
3 5362 82.18 82.18
34 5362 55.54 55.54
4 5363 -16.7 -16.7
6 5363 -19.12 -19.12
35 5363 -37.39 -37.39
4 5364 74.9 74.9
6 5364 74.96 74.96
9 5364 75.79 75.79
14 5364 77.17 77.17
17 5364 78.73 78.73
33 5364 79.67 79.67
35 5364 78.86 78.86
38 5364 80.49 80.49
5 5365 -263.66 -263.66
36 5365 205.16 205.16
42 5365 257.54 257.54
5 5366 -209.68 -209.68
36 5366 251.93 251.93
5 5367 -278.82 -278.82
36 5367 195.28 195.28
5 5368 -323.68 -323.68
36 5368 138.27 138.27
42 5368 194.07 194.07
5 5369 -294.36 -294.36
36 5369 169.4 169.4
6 5370 -16.72 -16.72
35 5370 -35.01 -35.01
6 5371 104.42 104.42
9 5371 106.04 106.04
12 5371 107.99 107.99
15 5371 109.14 109.14
17 5371 110.11 110.11
20 5371 109.74 109.74
33 5371 111.87 111.87
35 5371 110.81 110.81
38 5371 112.54 112.54
47 5371 114.41 114.41
7 5372 -268.76 -268.76
36 5372 147.57 147.57
7 5373 -301.02 -301.02
36 5373 107.03 107.03
7 5374 123.85 123.85
34 5374 65.76 65.76
7 5375 328.51 328.51
34 5375 164.72 164.72
39 5375 153.75 153.75
8 5376 150.07 150.07
33 5376 176.61 176.61
38 5376 180.57 180.57
8 5377 138.51 138.51
9 5377 140.96 140.96
14 5377 144.37 144.37
15 5377 149.77 149.77
33 5377 160.64 160.64
38 5377 164.4 164.4
8 5378 -348.12 -348.12
32 5378 -170.79 -170.79
8 5379 81.79 81.79
9 5379 82.7 82.7
12 5379 85.3 85.3
14 5379 84.24 84.24
15 5379 86.44 86.44
17 5379 87.39 87.39
20 5379 86.83 86.83
33 5379 89.51 89.51
35 5379 88.11 88.11
38 5379 90.87 90.87
47 5379 93.5 93.5
8 5380 87.88 87.88
9 5380 89.01 89.01
12 5380 92.32 92.32
14 5380 90.91 90.91
17 5380 95.35 95.35
20 5380 94.4 94.4
33 5380 98.27 98.27
38 5380 100.02 100.02
47 5380 102.82 102.82
8 5381 165.23 165.23
35 5381 220.92 220.92
8 5382 111.05 111.05
12 5382 115.05 115.05
14 5382 113.53 113.53
15 5382 116.91 116.91
17 5382 118.14 118.14
20 5382 117.55 117.55
33 5382 120.27 120.27
38 5382 122.98 122.98
9 5383 -350.9 -350.9
32 5383 -95.1 -95.1
40 5383 -265.61 -265.61
41 5383 -207.4 -207.4
44 5383 -150.19 -150.19
46 5383 -320.08 -320.08
48 5383 -374.3 -374.3
9 5384 -345.62 -345.62
32 5384 -89.27 -89.27
37 5384 -40.45 -40.45
40 5384 -258.29 -258.29
41 5384 -200.77 -200.77
44 5384 -143.68 -143.68
46 5384 -312.27 -312.27
48 5384 -366.3 -366.3
9 5385 -142.57 -142.57
32 5385 309.56 309.56
33 5385 -256.39 -256.39
9 5386 -369.56 -369.56
37 5386 -65.93 -65.93
40 5386 -291.36 -291.36
44 5386 -172.68 -172.68
48 5386 -402.6 -402.6
9 5387 -297.37 -297.37
32 5387 -25.18 -25.18
41 5387 -127.22 -127.22
44 5387 -75.26 -75.26
9 5388 135.6 135.6
12 5388 140.94 140.94
14 5388 138.73 138.73
15 5388 143.59 143.59
33 5388 153.29 153.29
35 5388 150.01 150.01
38 5388 156.66 156.66
47 5388 161.22 161.22
10 5389 -42.15 -42.15
13 5389 -41.16 -41.16
22 5389 -40.67 -40.67
34 5389 -41.99 -41.99
39 5389 -32.2 -32.2
43 5389 -40.5 -40.5
11 5390 322.25 322.25
34 5390 181.97 181.97
11 5391 -343.59 -343.59
36 5391 143.19 143.19
12 5392 -81.1 -81.1
35 5392 -117.5 -117.5
12 5393 134.88 134.88
15 5393 137.47 137.47
35 5393 145.29 145.29
12 5394 113.38 113.38
15 5394 114.91 114.91
17 5394 116.85 116.85
20 5394 115.89 115.89
33 5394 119.05 119.05
35 5394 118.27 118.27
38 5394 120.67 120.67
47 5394 122.87 122.87
12 5395 266.14 266.14
15 5395 280.32 280.32
35 5395 334.64 334.64
12 5396 -383.36 -383.36
37 5396 28.05 28.05
12 5397 -383.36 -383.36
24 5397 195.93 195.93
37 5397 28.05 28.05
12 5398 159.01 159.01
35 5398 180.12 180.12
47 5398 205.65 205.65
12 5399 -240.55 -240.55
32 5399 157.19 157.19
12 5400 105.54 105.54
33 5400 123.89 123.89
35 5400 119.03 119.03
12 5401 167.99 167.99
15 5401 181.01 181.01
33 5401 269.17 269.17
47 5401 382.79 382.79
12 5402 -63.71 -63.71
20 5402 -72.04 -72.04
35 5402 -81.96 -81.96
38 5402 -93.87 -93.87
47 5402 -99.41 -99.41
12 5403 101.95 101.95
15 5403 103.61 103.61
33 5403 105.99 105.99
38 5403 107.01 107.01
47 5403 108.32 108.32
12 5404 142.5 142.5
15 5404 144.87 144.87
20 5404 146.83 146.83
33 5404 155.36 155.36
12 5405 124.06 124.06
14 5405 122.07 122.07
15 5405 127.19 127.19
17 5405 130.54 130.54
20 5405 128.55 128.55
33 5405 136.32 136.32
35 5405 133.17 133.17
47 5405 142.56 142.56
12 5406 137.89 137.89
15 5406 140.87 140.87
17 5406 146.14 146.14
20 5406 143.36 143.36
33 5406 152.1 152.1
35 5406 148.91 148.91
38 5406 155.92 155.92
47 5406 160.18 160.18
12 5407 267.18 267.18
35 5407 338.37 338.37
38 5407 391.08 391.08
12 5408 90.43 90.43
17 5408 90.42 90.42
20 5408 91.56 91.56
33 5408 89.68 89.68
35 5408 90.65 90.65
38 5408 90.68 90.68
47 5408 91.35 91.35
12 5409 112.88 112.88
14 5409 110.58 110.58
15 5409 116.51 116.51
33 5409 135.05 135.05
35 5409 129.05 129.05
38 5409 142.06 142.06
47 5409 151.48 151.48
13 5410 -327.38 -327.38
36 5410 -127.34 -127.34
42 5410 -52.36 -52.36
13 5411 -36.55 -36.55
34 5411 -38.05 -38.05
13 5412 -53.72 -53.72
16 5412 -48.22 -48.22
22 5412 -50.63 -50.63
34 5412 -50.56 -50.56
13 5413 88.44 88.44
34 5413 68.01 68.01
13 5414 179.07 179.07
35 5414 182.49 182.49
38 5414 182.43 182.43
13 5415 178.67 178.67
16 5415 160.68 160.68
22 5415 169.4 169.4
34 5415 139.49 139.49
39 5415 135.56 135.56
43 5415 133.46 133.46
45 5415 138.32 138.32
13 5416 -271.31 -271.31
34 5416 -160.36 -160.36
13 5417 -351.64 -351.64
36 5417 -155.23 -155.23
14 5418 -77.36 -77.36
33 5418 -112.49 -112.49
14 5419 -116.44 -116.44
33 5419 -182.34 -182.34
38 5419 -197.4 -197.4
14 5420 257.55 257.55
35 5420 342.59 342.59
38 5420 397.38 397.38
14 5421 -55.71 -55.71
35 5421 -366.92 -366.92
14 5422 -167.95 -167.95
33 5422 -282.1 -282.1
14 5423 -168.34 -168.34
33 5423 -292.03 -292.03
14 5424 166.84 166.84
35 5424 204.74 204.74
47 5424 239.93 239.93
14 5425 113.43 113.43
15 5425 116.76 116.76
17 5425 119.12 119.12
33 5425 121.98 121.98
35 5425 120.47 120.47
38 5425 123.98 123.98
47 5425 126.68 126.68
14 5426 285.12 285.12
35 5426 378.16 378.16
15 5427 176.47 176.47
33 5427 206.01 206.01
35 5427 197.53 197.53
38 5427 217.68 217.68
15 5428 -57.34 -57.34
35 5428 -70.86 -70.86
38 5428 -81.86 -81.86
15 5429 105.01 105.01
17 5429 107 107
20 5429 106.41 106.41
33 5429 110.48 110.48
35 5429 109.15 109.15
38 5429 113.35 113.35
15 5430 -341.03 -341.03
32 5430 70.61 70.61
15 5431 -360.61 -360.61
37 5431 92.47 92.47
40 5431 -86.71 -86.71
41 5431 -39.94 -39.94
15 5432 -98.97 -98.97
17 5432 -113.06 -113.06
33 5432 -129.73 -129.73
15 5433 -151.6 -151.6
35 5433 -191.89 -191.89
41 5433 322.74 322.74
46 5433 277.05 277.05
47 5433 -245.09 -245.09
15 5434 -172.15 -172.15
20 5434 -187.68 -187.68
32 5434 324.57 324.57
15 5435 98.23 98.23
33 5435 108.63 108.63
35 5435 105.23 105.23
38 5435 112.29 112.29
47 5435 117.42 117.42
15 5436 -3.14002 -3.14002
17 5436 -11.01 -11.01
33 5436 -19.15 -19.15
35 5436 -14.76 -14.76
47 5436 -28.38 -28.38
15 5437 101.14 101.14
33 5437 110.79 110.79
35 5437 107.97 107.97
38 5437 114.46 114.46
47 5437 120.06 120.06
15 5438 111.47 111.47
33 5438 128.37 128.37
35 5438 122.4 122.4
38 5438 134.84 134.84
47 5438 142.65 142.65
15 5439 -35.99 -35.99
33 5439 -51.42 -51.42
15 5440 -190.85 -190.85
32 5440 364.02 364.02
33 5440 -214.45 -214.45
38 5440 -219.2 -219.2
44 5440 356.64 356.64
47 5440 -224.29 -224.29
15 5441 191.73 191.73
20 5441 199.51 199.51
33 5441 228.76 228.76
15 5442 -286.84 -286.84
37 5442 119.22 119.22
15 5443 -35.02 -35.02
33 5443 -50.83 -50.83
38 5443 -54.94 -54.94
47 5443 -59.04 -59.04
15 5444 -40.7 -40.7
17 5444 -49.49 -49.49
20 5444 -44.56 -44.56
33 5444 -57.92 -57.92
35 5444 -52.98 -52.98
38 5444 -62.65 -62.65
47 5444 -67.13 -67.13
15 5445 -34.76 -34.76
17 5445 -40.59 -40.59
33 5445 -48.07 -48.07
35 5445 -44.24 -44.24
38 5445 -51.25 -51.25
47 5445 -55.16 -55.16
16 5446 -65.59 -65.59
34 5446 -62.56 -62.56
16 5447 152.61 152.61
30 5447 141.37 141.37
34 5447 130.61 130.61
16 5448 152.61 152.61
30 5448 141.37 141.37
34 5448 130.61 130.61
45 5448 129.47 129.47
16 5449 -121.8 -121.8
34 5449 -114.49 -114.49
16 5450 -304.07 -304.07
36 5450 -248.17 -248.17
16 5451 -124.16 -124.16
30 5451 -119.11 -119.11
34 5451 -117.26 -117.26
39 5451 -98.81 -98.81
43 5451 -110.72 -110.72
16 5452 -139.34 -139.34
34 5452 -128.37 -128.37
16 5453 175.96 175.96
22 5453 186.16 186.16
30 5453 164.18 164.18
34 5453 151.99 151.99
16 5454 -64.89 -64.89
30 5454 -65.15 -65.15
34 5454 -66.71 -66.71
39 5454 -55.17 -55.17
43 5454 -63.61 -63.61
45 5454 -45 -45
16 5455 -125.51 -125.51
30 5455 -120.56 -120.56
34 5455 -117.89 -117.89
39 5455 -99.41 -99.41
43 5455 -111.54 -111.54
16 5456 -102.22 -102.22
30 5456 -98.71 -98.71
34 5456 -98.53 -98.53
16 5457 325.24 325.24
34 5457 251.77 251.77
16 5458 286 286
34 5458 221.5 221.5
43 5458 204.16 204.16
16 5459 187.69 187.69
34 5459 118.76 118.76
16 5460 187.69 187.69
34 5460 118.76 118.76
16 5461 137.64 137.64
22 5461 146.07 146.07
34 5461 117.85 117.85
39 5461 115.07 115.07
43 5461 113.23 113.23
45 5461 118.37 118.37
16 5462 -56.27 -56.27
34 5462 -58.62 -58.62
16 5463 -331.23 -331.23
34 5463 -264.4 -264.4
16 5464 -80.72 -80.72
30 5464 -77.63 -77.63
34 5464 -76.51 -76.51
16 5465 -276.56 -276.56
34 5465 -225.18 -225.18
16 5466 -119.46 -119.46
30 5466 -114.73 -114.73
34 5466 -112.44 -112.44
43 5466 -106.11 -106.11
16 5467 242.79 242.79
34 5467 195.58 195.58
43 5467 182.29 182.29
16 5468 -95.89 -95.89
30 5468 -92.23 -92.23
34 5468 -90.16 -90.16
39 5468 -74.24 -74.24
43 5468 -84.3 -84.3
16 5469 391.88 391.88
34 5469 304.53 304.53
39 5469 267.85 267.85
43 5469 280.1 280.1
45 5469 258.45 258.45
16 5470 -100.44 -100.44
30 5470 -96.73 -96.73
34 5470 -94.6 -94.6
39 5470 -78.57 -78.57
43 5470 -88.98 -88.98
45 5470 -67.02 -67.02
16 5471 384.01 384.01
34 5471 300.78 300.78
39 5471 264.2 264.2
43 5471 275.99 275.99
45 5471 255.48 255.48
16 5472 295.14 295.14
34 5472 234.45 234.45
39 5472 210.17 210.17
43 5472 217.44 217.44
45 5472 204.54 204.54
16 5473 349.74 349.74
34 5473 279.2 279.2
39 5473 249.1 249.1
45 5473 241.88 241.88
16 5474 231.09 231.09
30 5474 208.88 208.88
34 5474 187.72 187.72
16 5475 165.43 165.43
22 5475 174.97 174.97
30 5475 153.37 153.37
34 5475 141.1 141.1
39 5475 134.8 134.8
43 5475 135.11 135.11
16 5476 -229.84 -229.84
34 5476 -193.64 -193.64
16 5477 227.69 227.69
30 5477 206.98 206.98
34 5477 186.34 186.34
39 5477 170.51 170.51
43 5477 174.66 174.66
45 5477 168.44 168.44
16 5478 199.79 199.79
30 5478 182.32 182.32
34 5478 166.11 166.11
39 5478 155.76 155.76
43 5478 157.18 157.18
45 5478 155.59 155.59
16 5479 -89.71 -89.71
30 5479 -85.12 -85.12
34 5479 -82.99 -82.99
39 5479 -67.61 -67.61
43 5479 -78.02 -78.02
17 5480 -179.6 -179.6
35 5480 -195.45 -195.45
17 5481 -108 -108
35 5481 -117.74 -117.74
17 5482 -176.41 -176.41
33 5482 -210.13 -210.13
35 5482 -190.91 -190.91
38 5482 -233.26 -233.26
47 5482 -261.31 -261.31
17 5483 243.54 243.54
20 5483 232.22 232.22
35 5483 256.61 256.61
17 5484 177.11 177.11
20 5484 170.91 170.91
33 5484 191.45 191.45
35 5484 184.6 184.6
38 5484 203.35 203.35
17 5485 177.11 177.11
33 5485 191.45 191.45
35 5485 184.6 184.6
38 5485 203.35 203.35
17 5486 -114.64 -114.64
35 5486 -125.56 -125.56
17 5487 177.33 177.33
20 5487 170.81 170.81
33 5487 192.12 192.12
38 5487 203.62 203.62
47 5487 215.96 215.96
17 5488 217.42 217.42
33 5488 238.56 238.56
35 5488 228.29 228.29
38 5488 254.09 254.09
17 5489 203.49 203.49
20 5489 195.12 195.12
33 5489 222.24 222.24
35 5489 212.8 212.8
38 5489 235.77 235.77
47 5489 251 251
17 5490 349.8 349.8
35 5490 375.49 375.49
17 5491 340.73 340.73
33 5491 392.69 392.69
35 5491 364.92 364.92
17 5492 330.99 330.99
33 5492 379.7 379.7
35 5492 353.57 353.57
17 5493 328.02 328.02
33 5493 375.38 375.38
17 5494 328.02 328.02
33 5494 375.38 375.38
35 5494 350.29 350.29
17 5495 343.27 343.27
35 5495 367.8 367.8
17 5496 303.02 303.02
20 5496 286.65 286.65
33 5496 342.36 342.36
35 5496 321.8 321.8
38 5496 368.64 368.64
17 5497 303.02 303.02
20 5497 286.65 286.65
33 5497 342.36 342.36
35 5497 321.8 321.8
38 5497 368.64 368.64
17 5498 311 311
33 5498 352.6 352.6
38 5498 380.63 380.63
17 5499 311 311
33 5499 352.6 352.6
35 5499 330.55 330.55
38 5499 380.63 380.63
17 5500 305.75 305.75
33 5500 345.64 345.64
38 5500 372.55 372.55
17 5501 300.99 300.99
33 5501 339.33 339.33
35 5501 318.75 318.75
38 5501 364.13 364.13
17 5502 327.9 327.9
20 5502 307.98 307.98
33 5502 375.15 375.15
35 5502 349.67 349.67
17 5503 331.44 331.44
33 5503 380.41 380.41
17 5504 313.58 313.58
33 5504 356.06 356.06
35 5504 333.34 333.34
38 5504 384.61 384.61
17 5505 -118.7 -118.7
20 5505 -110.71 -110.71
33 5505 -134.48 -134.48
38 5505 -143.75 -143.75
17 5506 283.33 283.33
33 5506 315.66 315.66
35 5506 298.66 298.66
38 5506 337.46 337.46
47 5506 363.29 363.29
17 5507 -244.58 -244.58
31 5507 323.28 323.28
32 5507 262.9 262.9
33 5507 -299.87 -299.87
35 5507 -270.29 -270.29
38 5507 -337.94 -337.94
41 5507 195.81 195.81
17 5508 -176.63 -176.63
32 5508 370.63 370.63
33 5508 -210.15 -210.15
35 5508 -192.51 -192.51
38 5508 -231.67 -231.67
40 5508 279.99 279.99
41 5508 309.48 309.48
44 5508 340.25 340.25
46 5508 253.47 253.47
47 5508 -256.04 -256.04
48 5508 227.5 227.5
17 5509 -176.63 -176.63
33 5509 -210.15 -210.15
17 5510 -216.18 -216.18
35 5510 -237.04 -237.04
17 5511 -191.28 -191.28
32 5511 346.27 346.27
33 5511 -227.08 -227.08
35 5511 -208.18 -208.18
37 5511 373.65 373.65
38 5511 -250.01 -250.01
40 5511 258.51 258.51
41 5511 287.21 287.21
44 5511 316.92 316.92
47 5511 -275.99 -275.99
48 5511 207.84 207.84
17 5512 318.86 318.86
20 5512 299.31 299.31
33 5512 363.25 363.25
38 5512 391.89 391.89
17 5513 -271.07 -271.07
31 5513 292.47 292.47
33 5513 -333.72 -333.72
35 5513 -299.77 -299.77
37 5513 262.95 262.95
38 5513 -377.07 -377.07
44 5513 200.07 200.07
17 5514 -184.1 -184.1
32 5514 362.37 362.37
33 5514 -215.81 -215.81
35 5514 -199.21 -199.21
38 5514 -235.02 -235.02
41 5514 309.02 309.02
44 5514 335.68 335.68
47 5514 -256.15 -256.15
17 5515 -227.25 -227.25
31 5515 345.84 345.84
32 5515 290.03 290.03
37 5515 317.85 317.85
40 5515 199.38 199.38
41 5515 229.19 229.19
44 5515 259.91 259.91
17 5516 253.34 253.34
35 5516 283.57 283.57
17 5517 -269.03 -269.03
32 5517 234.58 234.58
33 5517 -330.93 -330.93
35 5517 -297.95 -297.95
37 5517 264.92 264.92
40 5517 137.09 137.09
41 5517 169.4 169.4
44 5517 202.2 202.2
46 5517 107.62 107.62
48 5517 77.68 77.68
17 5518 -45.31 -45.31
33 5518 -75.24 -75.24
35 5518 -58.44 -58.44
17 5519 54.68 54.68
33 5519 56.6 56.6
17 5520 299.66 299.66
35 5520 356.82 356.82
17 5521 309.29 309.29
35 5521 369.11 369.11
17 5522 -143.35 -143.35
35 5522 -178.31 -178.31
17 5523 311.68 311.68
35 5523 369.64 369.64
17 5524 -150.22 -150.22
32 5524 222.57 222.57
35 5524 -216.97 -216.97
17 5525 -155.37 -155.37
35 5525 -224.49 -224.49
17 5526 -198.37 -198.37
35 5526 -280.24 -280.24
17 5527 -245.85 -245.85
31 5527 333.92 333.92
35 5527 -361.29 -361.29
17 5528 -155.18 -155.18
33 5528 -187.17 -187.17
35 5528 -169.22 -169.22
38 5528 -211.46 -211.46
17 5529 -173.46 -173.46
35 5529 -188.91 -188.91
17 5530 -97.08 -97.08
33 5530 -117.92 -117.92
35 5530 -105.67 -105.67
17 5531 210.29 210.29
33 5531 230.9 230.9
35 5531 221.06 221.06
17 5532 218.68 218.68
33 5532 238.78 238.78
35 5532 229.13 229.13
47 5532 273.13 273.13
17 5533 171.01 171.01
33 5533 183.98 183.98
35 5533 177.84 177.84
17 5534 -142.42 -142.42
33 5534 -170.58 -170.58
47 5534 -212.03 -212.03
17 5535 324.31 324.31
33 5535 370.71 370.71
35 5535 345.81 345.81
17 5536 324.31 324.31
20 5536 304.77 304.77
33 5536 370.71 370.71
35 5536 345.81 345.81
17 5537 -377.13 -377.13
37 5537 163.98 163.98
44 5537 84.95 84.95
17 5538 -269.06 -269.06
37 5538 264.15 264.15
17 5539 -171.79 -171.79
33 5539 -201.45 -201.45
35 5539 -186.06 -186.06
48 5539 259.38 259.38
17 5540 289.07 289.07
33 5540 323.5 323.5
35 5540 305.05 305.05
17 5541 -187.9 -187.9
20 5541 -172.48 -172.48
32 5541 353.21 353.21
33 5541 -222.36 -222.36
35 5541 -204.29 -204.29
37 5541 379.83 379.83
38 5541 -243.9 -243.9
17 5542 -194.82 -194.82
20 5542 -178.67 -178.67
32 5542 341.31 341.31
33 5542 -231.02 -231.02
35 5542 -211.93 -211.93
37 5542 367.75 367.75
38 5542 -254.58 -254.58
40 5542 253.56 253.56
41 5542 282.09 282.09
44 5542 311.4 311.4
46 5542 228.05 228.05
47 5542 -280.93 -280.93
17 5543 -268.59 -268.59
31 5543 294.89 294.89
37 5543 265.82 265.82
17 5544 -174.46 -174.46
20 5544 -161.51 -161.51
33 5544 -202.82 -202.82
35 5544 -188.19 -188.19
17 5545 -54.3 -54.3
33 5545 -71.07 -71.07
35 5545 -62.17 -62.17
38 5545 -81.57 -81.57
47 5545 -93.48 -93.48
17 5546 164.04 164.04
33 5546 189.25 189.25
35 5546 175.28 175.28
17 5547 -304.31 -304.31
35 5547 -342.56 -342.56
17 5548 -304.24 -304.24
32 5548 192.46 192.46
35 5548 -342.32 -342.32
37 5548 225.92 225.92
17 5549 -301.88 -301.88
35 5549 -338.62 -338.62
17 5550 232.98 232.98
33 5550 294.4 294.4
17 5551 -194.04 -194.04
32 5551 250.1 250.1
35 5551 -243 -243
44 5551 159.02 159.02
17 5552 -141.9 -141.9
35 5552 -154.51 -154.51
17 5553 221.02 221.02
33 5553 243.17 243.17
35 5553 232.29 232.29
17 5554 193.75 193.75
20 5554 186.25 186.25
33 5554 209.85 209.85
35 5554 202.13 202.13
38 5554 223.49 223.49
17 5555 -225.47 -225.47
35 5555 -247.2 -247.2
17 5556 -253.99 -253.99
37 5556 282.08 282.08
17 5557 -101.33 -101.33
33 5557 -117.56 -117.56
35 5557 -109.45 -109.45
17 5558 164.22 164.22
20 5558 159.21 159.21
33 5558 176.25 176.25
38 5558 183.63 183.63
47 5558 193.43 193.43
17 5559 -178.25 -178.25
20 5559 -164.61 -164.61
33 5559 -207.56 -207.56
38 5559 -225.52 -225.52
41 5559 322.46 322.46
44 5559 348.43 348.43
47 5559 -245.27 -245.27
17 5560 -66.39 -66.39
20 5560 -54.68 -54.68
35 5560 -80.1 -80.1
17 5561 -292.44 -292.44
31 5561 269.4 269.4
35 5561 -326.81 -326.81
37 5561 237.98 237.98
17 5562 316 316
35 5562 366.25 366.25
17 5563 -159.13 -159.13
35 5563 -230.46 -230.46
17 5564 -152.88 -152.88
35 5564 -167.15 -167.15
17 5565 -237.31 -237.31
35 5565 -261.09 -261.09
44 5565 242.36 242.36
17 5566 -153.59 -153.59
33 5566 -177.51 -177.51
35 5566 -165.04 -165.04
17 5567 -38.09 -38.09
20 5567 -31.86 -31.86
33 5567 -51.27 -51.27
35 5567 -44.45 -44.45
38 5567 -59.81 -59.81
47 5567 -69.18 -69.18
17 5568 171.5 171.5
33 5568 199.52 199.52
38 5568 220.1 220.1
17 5569 -194.16 -194.16
35 5569 -273.19 -273.19
17 5570 -166.79 -166.79
35 5570 -242.74 -242.74
17 5571 -184.24 -184.24
33 5571 -221.47 -221.47
35 5571 -201.13 -201.13
38 5571 -249.24 -249.24
17 5572 219.16 219.16
20 5572 210.15 210.15
33 5572 239.84 239.84
35 5572 229.68 229.68
17 5573 219.16 219.16
33 5573 239.84 239.84
35 5573 229.68 229.68
38 5573 256.56 256.56
17 5574 -111.96 -111.96
33 5574 -134.44 -134.44
35 5574 -121.93 -121.93
38 5574 -149.43 -149.43
47 5574 -167.48 -167.48
17 5575 -111.96 -111.96
33 5575 -134.44 -134.44
35 5575 -121.93 -121.93
38 5575 -149.43 -149.43
47 5575 -167.48 -167.48
17 5576 240.73 240.73
33 5576 266.42 266.42
35 5576 253.57 253.57
38 5576 285.42 285.42
47 5576 306.39 306.39
17 5577 176.34 176.34
33 5577 189.65 189.65
35 5577 183.23 183.23
17 5578 195.46 195.46
33 5578 212.41 212.41
35 5578 204.21 204.21
38 5578 225.01 225.01
17 5579 -242.38 -242.38
31 5579 326.86 326.86
32 5579 268.01 268.01
33 5579 -294.29 -294.29
35 5579 -266.7 -266.7
37 5579 297.36 297.36
17 5580 -184.54 -184.54
35 5580 -230.8 -230.8
17 5581 218.18 218.18
33 5581 238.12 238.12
35 5581 227.45 227.45
17 5582 -330.56 -330.56
35 5582 -375.95 -375.95
17 5583 -334.44 -334.44
32 5583 162.07 162.07
35 5583 -380.37 -380.37
44 5583 123.22 123.22
17 5584 -188.08 -188.08
33 5584 -221.76 -221.76
17 5585 -154.65 -154.65
33 5585 -182.56 -182.56
38 5585 -203.09 -203.09
17 5586 -114.08 -114.08
33 5586 -138.78 -138.78
35 5586 -124.95 -124.95
38 5586 -156.08 -156.08
47 5586 -176.21 -176.21
17 5587 245.54 245.54
20 5587 234.93 234.93
35 5587 256.86 256.86
17 5588 -296.84 -296.84
35 5588 -333.2 -333.2
48 5588 18.16 18.16
17 5589 -143.74 -143.74
33 5589 -171.55 -171.55
35 5589 -157.2 -157.2
38 5589 -189.43 -189.43
47 5589 -209.52 -209.52
17 5590 -46.8 -46.8
33 5590 -62.13 -62.13
35 5590 -54.55 -54.55
38 5590 -71.52 -71.52
47 5590 -81.37 -81.37
17 5591 -175.33 -175.33
35 5591 -191.01 -191.01
17 5592 -168.5 -168.5
33 5592 -200.66 -200.66
35 5592 -182 -182
17 5593 -60.51 -60.51
20 5593 -50.87 -50.87
35 5593 -69.38 -69.38
17 5594 230.31 230.31
33 5594 253.07 253.07
35 5594 241.79 241.79
47 5594 287.3 287.3
18 5595 206.94 206.94
32 5595 -54 -54
40 5595 -215.64 -215.64
18 5596 150.42 150.42
32 5596 -136.13 -136.13
18 5597 -39.98 -39.98
37 5597 -351.58 -351.58
18 5598 154.23 154.23
37 5598 -63.12 -63.12
18 5599 -23.73 -23.73
36 5599 327.88 327.88
19 5600 -10.97 -10.97
37 5600 -390.54 -390.54
19 5601 34.94 34.94
32 5601 -388.85 -388.85
19 5602 376.2 376.2
37 5602 164.8 164.8
19 5603 192.24 192.24
32 5603 -108.29 -108.29
41 5603 -213.87 -213.87
19 5604 -311.64 -311.64
36 5604 107.59 107.59
19 5605 125.8 125.8
37 5605 99.45 99.45
20 5606 225.58 225.58
33 5606 253.93 253.93
38 5606 266.71 266.71
20 5607 290.82 290.82
33 5607 348.79 348.79
35 5607 327.21 327.21
38 5607 376.15 376.15
20 5608 -239.95 -239.95
25 5608 328.9 328.9
32 5608 232.78 232.78
33 5608 -333.9 -333.9
35 5608 -297.9 -297.9
37 5608 264.62 264.62
38 5608 -381.63 -381.63
44 5608 197.5 197.5
48 5608 60.16 60.16
20 5609 166.17 166.17
33 5609 184.37 184.37
38 5609 191.94 191.94
47 5609 201.83 201.83
20 5610 186.75 186.75
33 5610 207.91 207.91
35 5610 199.71 199.71
38 5610 216.58 216.58
47 5610 228.26 228.26
20 5611 -153.13 -153.13
33 5611 -190.75 -190.75
47 5611 -224.26 -224.26
20 5612 -229.79 -229.79
32 5612 255.44 255.44
35 5612 -278.4 -278.4
37 5612 284.46 284.46
44 5612 224.39 224.39
20 5613 -193.81 -193.81
35 5613 -231.46 -231.46
20 5614 58.08 58.08
33 5614 63.34 63.34
35 5614 60.61 60.61
38 5614 66.23 66.23
20 5615 -241.11 -241.11
37 5615 114.73 114.73
20 5616 -313.42 -313.42
35 5616 -378.5 -378.5
20 5617 -99.08 -99.08
35 5617 -117.79 -117.79
20 5618 298.85 298.85
35 5618 337.84 337.84
20 5619 -268.16 -268.16
33 5619 -383.33 -383.33
35 5619 -338.19 -338.19
20 5620 -242.91 -242.91
25 5620 325.58 325.58
32 5620 235.88 235.88
33 5620 -330.32 -330.32
40 5620 137.95 137.95
46 5620 108.21 108.21
48 5620 78.58 78.58
20 5621 -161.24 -161.24
33 5621 -202.46 -202.46
20 5622 -161.24 -161.24
33 5622 -202.46 -202.46
20 5623 -158.6 -158.6
33 5623 -198.72 -198.72
38 5623 -215.25 -215.25
20 5624 -50.34 -50.34
33 5624 -63.77 -63.77
38 5624 -68.97 -68.97
20 5625 -65.98 -65.98
33 5625 -80.91 -80.91
35 5625 -75.09 -75.09
20 5626 127.1 127.1
35 5626 139.79 139.79
20 5627 -95.12 -95.12
35 5627 -116.18 -116.18
20 5628 -198.21 -198.21
35 5628 -237.14 -237.14
37 5628 332.88 332.88
38 5628 -287.13 -287.13
40 5628 216.12 216.12
41 5628 245.53 245.53
44 5628 275.76 275.76
46 5628 190.17 190.17
47 5628 -318.75 -318.75
20 5629 200.08 200.08
33 5629 226.76 226.76
35 5629 217.27 217.27
38 5629 240.79 240.79
47 5629 257.22 257.22
20 5630 -374.05 -374.05
25 5630 202.46 202.46
32 5630 87.86 87.86
40 5630 -46.96 -46.96
41 5630 -1.39999 -1.39999
44 5630 43.82 43.82
46 5630 -90.66 -90.66
48 5630 -134.41 -134.41
20 5631 -327.12 -327.12
25 5631 239.05 239.05
32 5631 125.09 125.09
37 5631 163.36 163.36
20 5632 -168.54 -168.54
35 5632 -198.26 -198.26
21 5633 126.47 126.47
37 5633 -341.24 -341.24
21 5634 201.55 201.55
37 5634 -129.02 -129.02
21 5635 -320.19 -320.19
36 5635 85.8 85.8
21 5636 -339.4 -339.4
36 5636 91.78 91.78
21 5637 -331.49 -331.49
36 5637 78.15 78.15
21 5638 -331.49 -331.49
36 5638 78.15 78.15
21 5639 -333.94 -333.94
36 5639 76.9 76.9
21 5640 175.39 175.39
32 5640 87.19 87.19
22 5641 -351.1 -351.1
36 5641 -239.6 -239.6
42 5641 -155.91 -155.91
22 5642 -340.59 -340.59
36 5642 -224.48 -224.48
42 5642 -141.83 -141.83
22 5643 220.99 220.99
34 5643 169.32 169.32
22 5644 -354.64 -354.64
36 5644 -243.42 -243.42
42 5644 -159.25 -159.25
22 5645 377.79 377.79
34 5645 253.64 253.64
39 5645 222.55 222.55
43 5645 232.47 232.47
22 5646 -347.71 -347.71
34 5646 -225.69 -225.69
22 5647 378.41 378.41
34 5647 253.81 253.81
45 5647 215.44 215.44
22 5648 -356.18 -356.18
36 5648 -244.25 -244.25
42 5648 -159.27 -159.27
22 5649 378.19 378.19
34 5649 253.38 253.38
39 5649 222.28 222.28
22 5650 354.36 354.36
34 5650 245.63 245.63
39 5650 212.03 212.03
22 5651 -344.62 -344.62
34 5651 -236.96 -236.96
22 5652 246.92 246.92
34 5652 120.11 120.11
39 5652 101.82 101.82
43 5652 106.46 106.46
45 5652 99.44 99.44
23 5653 163.61 163.61
32 5653 -113.66 -113.66
23 5654 38.61 38.61
37 5654 -393.4 -393.4
24 5655 204.72 204.72
37 5655 38.52 38.52
24 5656 366.19 366.19
31 5656 337.25 337.25
32 5656 317.75 317.75
46 5656 293.69 293.69
24 5657 27.48 27.48
32 5657 -181.55 -181.55
24 5658 45.41 45.41
32 5658 -195.09 -195.09
41 5658 -310.33 -310.33
24 5659 364.86 364.86
25 5659 345.58 345.58
31 5659 335.19 335.19
40 5659 295.27 295.27
41 5659 301.88 301.88
24 5660 363.92 363.92
25 5660 344.94 344.94
27 5660 355.27 355.27
31 5660 334.81 334.81
33 5660 -248.14 -248.14
35 5660 -241.46 -241.46
37 5660 326.02 326.02
38 5660 -255.69 -255.69
41 5660 300.74 300.74
46 5660 292.08 292.08
25 5661 -242.49 -242.49
37 5661 -382.43 -382.43
25 5662 -240.08 -240.08
37 5662 -379.42 -379.42
25 5663 -217.99 -217.99
37 5663 -353.27 -353.27
25 5664 235.5 235.5
32 5664 124.77 124.77
44 5664 83.18 83.18
25 5665 245.48 245.48
37 5665 173.47 173.47
44 5665 95.8 95.8
25 5666 45.1 45.1
32 5666 -100.35 -100.35
37 5666 -50.92 -50.92
40 5666 -271.88 -271.88
44 5666 -155.76 -155.76
46 5666 -326.83 -326.83
48 5666 -381.5 -381.5
25 5667 8.91 8.91
37 5667 -92.07 -92.07
44 5667 -202.75 -202.75
25 5668 35.26 35.26
32 5668 -112.36 -112.36
40 5668 -286.77 -286.77
41 5668 -227.24 -227.24
44 5668 -168.68 -168.68
46 5668 -342.36 -342.36
48 5668 -397.64 -397.64
25 5669 35.26 35.26
32 5669 -112.36 -112.36
40 5669 -286.77 -286.77
41 5669 -227.24 -227.24
44 5669 -168.68 -168.68
46 5669 -342.36 -342.36
48 5669 -397.64 -397.64
25 5670 382.38 382.38
37 5670 323.25 323.25
25 5671 329.29 329.29
32 5671 233.82 233.82
33 5671 -332.5 -332.5
38 5671 -379.01 -379.01
41 5671 163.54 163.54
44 5671 199.03 199.03
48 5671 62.77 62.77
25 5672 -260.02 -260.02
37 5672 -400.12 -400.12
25 5673 -262.54 -262.54
37 5673 -403.02 -403.02
25 5674 -260.37 -260.37
37 5674 -399.74 -399.74
25 5675 301.69 301.69
37 5675 73.75 73.75
25 5676 -191.82 -191.82
37 5676 -323.18 -323.18
25 5677 133.67 133.67
32 5677 6.20999 6.20999
37 5677 48.81 48.81
44 5677 -42.03 -42.03
46 5677 -189.37 -189.37
48 5677 -238.57 -238.57
25 5678 362.46 362.46
33 5678 -291.23 -291.23
37 5678 301.71 301.71
38 5678 -327.19 -327.19
40 5678 172.19 172.19
41 5678 205.11 205.11
44 5678 238.59 238.59
47 5678 -370.45 -370.45
48 5678 111.79 111.79
25 5679 352.03 352.03
35 5679 -273.3 -273.3
25 5680 334.13 334.13
32 5680 246.36 246.36
33 5680 -317.91 -317.91
35 5680 -287.09 -287.09
37 5680 275.38 275.38
38 5680 -356.98 -356.98
40 5680 151.24 151.24
41 5680 182.81 182.81
44 5680 214.53 214.53
46 5680 122.35 122.35
48 5680 93.99 93.99
25 5681 358.11 358.11
32 5681 266.9 266.9
33 5681 -295.82 -295.82
37 5681 297.28 297.28
38 5681 -332.86 -332.86
40 5681 166.86 166.86
41 5681 199.99 199.99
44 5681 233.86 233.86
46 5681 136.45 136.45
47 5681 -377.45 -377.45
48 5681 105.82 105.82
25 5682 358.11 358.11
32 5682 266.9 266.9
33 5682 -295.82 -295.82
35 5682 -266.63 -266.63
37 5682 297.28 297.28
38 5682 -332.86 -332.86
40 5682 166.86 166.86
41 5682 199.99 199.99
44 5682 233.86 233.86
46 5682 136.45 136.45
47 5682 -377.45 -377.45
48 5682 105.82 105.82
25 5683 -80.57 -80.57
32 5683 -236.21 -236.21
37 5683 -182.2 -182.2
44 5683 -295.47 -295.47
25 5684 230.01 230.01
37 5684 154.32 154.32
25 5685 308.64 308.64
37 5685 91.49 91.49
26 5686 -402.07 -402.07
36 5686 -132.85 -132.85
26 5687 138.24 138.24
36 5687 290.42 290.42
26 5688 295.06 295.06
28 5688 315.3 315.3
37 5688 236.49 236.49
26 5689 -45.99 -45.99
36 5689 129.15 129.15
26 5690 136.18 136.18
36 5690 289.22 289.22
27 5691 -180.89 -180.89
37 5691 -387.27 -387.27
27 5692 63.38 63.38
32 5692 -137.12 -137.12
37 5692 -85.22 -85.22
40 5692 -316.83 -316.83
41 5692 -255.48 -255.48
44 5692 -195.16 -195.16
46 5692 -374.05 -374.05
27 5693 63.38 63.38
37 5693 -85.22 -85.22
40 5693 -316.83 -316.83
41 5693 -255.48 -255.48
27 5694 -116.29 -116.29
32 5694 -372.75 -372.75
37 5694 -302.18 -302.18
27 5695 9.42999 9.42999
37 5695 -168.96 -168.96
27 5696 -138.79 -138.79
32 5696 -403.27 -403.27
27 5697 100.25 100.25
32 5697 -89.18 -89.18
40 5697 -258.13 -258.13
46 5697 -312.24 -312.24
48 5697 -366.57 -366.57
27 5698 347.08 347.08
31 5698 325.18 325.18
32 5698 309.7 309.7
35 5698 -248.13 -248.13
37 5698 318.22 318.22
46 5698 285.26 285.26
27 5699 -159.25 -159.25
37 5699 -359.2 -359.2
28 5700 199.53 199.53
29 5700 253.68 253.68
28 5701 199.53 199.53
29 5701 253.68 253.68
28 5702 -394.78 -394.78
36 5702 -305.64 -305.64
28 5703 254.21 254.21
36 5703 351.18 351.18
28 5704 190.61 190.61
29 5704 245.22 245.22
28 5705 190.61 190.61
29 5705 245.22 245.22
28 5706 -357.94 -357.94
36 5706 -175.25 -175.25
28 5707 122.7 122.7
36 5707 232.76 232.76
28 5708 156.23 156.23
36 5708 313.74 313.74
28 5709 -17.89 -17.89
36 5709 100.61 100.61
28 5710 -269.74 -269.74
36 5710 -101.76 -101.76
28 5711 262.49 262.49
29 5711 322.01 322.01
28 5712 262.49 262.49
29 5712 322.01 322.01
28 5713 213.37 213.37
29 5713 270.35 270.35
29 5714 182.34 182.34
36 5714 253.54 253.54
42 5714 321.18 321.18
29 5715 181.63 181.63
36 5715 253.06 253.06
42 5715 319.73 319.73
29 5716 167.88 167.88
36 5716 236.34 236.34
42 5716 301.19 301.19
29 5717 77.07 77.07
36 5717 136.86 136.86
29 5718 151.21 151.21
36 5718 206.6 206.6
29 5719 151.21 151.21
36 5719 206.6 206.6
29 5720 333.42 333.42
36 5720 371.15 371.15
29 5721 0.100006 0.100006
36 5721 89.56 89.56
29 5722 194.93 194.93
36 5722 267.58 267.58
29 5723 -220.42 -220.42
36 5723 -137.29 -137.29
42 5723 -61.8 -61.8
29 5724 -362.54 -362.54
36 5724 -265.41 -265.41
42 5724 -179.37 -179.37
29 5725 -349.06 -349.06
36 5725 -252.99 -252.99
42 5725 -168.03 -168.03
29 5726 289.6 289.6
36 5726 337.23 337.23
29 5727 296.65 296.65
36 5727 344.4 344.4
29 5728 -161.55 -161.55
36 5728 -83.77 -83.77
42 5728 -12.71 -12.71
29 5729 143.51 143.51
36 5729 195.18 195.18
29 5730 -19.13 -19.13
36 5730 73.74 73.74
29 5731 64.28 64.28
36 5731 156.39 156.39
29 5732 171.12 171.12
36 5732 255.69 255.69
29 5733 28.98 28.98
36 5733 128.74 128.74
29 5734 303.39 303.39
36 5734 328.22 328.22
42 5734 344.85 344.85
29 5735 139.56 139.56
36 5735 196.04 196.04
29 5736 -345.17 -345.17
36 5736 -249.84 -249.84
42 5736 -164.83 -164.83
29 5737 -234.3 -234.3
36 5737 -149.5 -149.5
29 5738 -234.13 -234.13
36 5738 -149.57 -149.57
29 5739 238.24 238.24
36 5739 307.56 307.56
29 5740 238.24 238.24
36 5740 307.56 307.56
29 5741 190.5 190.5
36 5741 273.27 273.27
29 5742 -404.19 -404.19
36 5742 -337.12 -337.12
29 5743 -398.43 -398.43
36 5743 -297.26 -297.26
29 5744 106.74 106.74
36 5744 164.35 164.35
29 5745 -351.77 -351.77
36 5745 -255.91 -255.91
42 5745 -170.5 -170.5
29 5746 -367.08 -367.08
36 5746 -269.48 -269.48
42 5746 -182.9 -182.9
29 5747 -1.20999 -1.20999
36 5747 87.84 87.84
42 5747 167.68 167.68
29 5748 311.75 311.75
36 5748 358.69 358.69
29 5749 -360.08 -360.08
36 5749 -290.82 -290.82
29 5750 191.77 191.77
36 5750 264.15 264.15
42 5750 333.42 333.42
29 5751 80.43 80.43
36 5751 135.32 135.32
29 5752 283.04 283.04
36 5752 349.34 349.34
29 5753 -173.78 -173.78
36 5753 -59.06 -59.06
29 5754 73.63 73.63
36 5754 129.49 129.49
29 5755 -369.23 -369.23
36 5755 -298.77 -298.77
29 5756 -369.23 -369.23
36 5756 -298.77 -298.77
29 5757 249.98 249.98
36 5757 320.51 320.51
29 5758 83.15 83.15
36 5758 142.47 142.47
29 5759 -283.98 -283.98
36 5759 -144.12 -144.12
42 5759 -23.68 -23.68
29 5760 111.79 111.79
36 5760 165.06 165.06
29 5761 296.03 296.03
36 5761 344.18 344.18
29 5762 255.43 255.43
36 5762 325.23 325.23
29 5763 -20.14 -20.14
36 5763 78.05 78.05
29 5764 8.54999 8.54999
36 5764 103.89 103.89
29 5765 -202.24 -202.24
36 5765 -85.46 -85.46
29 5766 -43.12 -43.12
36 5766 24.31 24.31
29 5767 -229.52 -229.52
36 5767 -137.54 -137.54
29 5768 -276.35 -276.35
36 5768 -159.73 -159.73
30 5769 203.43 203.43
34 5769 183.66 183.66
30 5770 -176.43 -176.43
34 5770 -159.7 -159.7
30 5771 -165.73 -165.73
34 5771 -150.56 -150.56
30 5772 209.02 209.02
34 5772 188.94 188.94
30 5773 -327.02 -327.02
36 5773 -370 -370
30 5774 310.81 310.81
34 5774 278.97 278.97
39 5774 248.8 248.8
30 5775 242.21 242.21
34 5775 217.15 217.15
30 5776 242.21 242.21
34 5776 217.15 217.15
30 5777 -196.02 -196.02
34 5777 -179.38 -179.38
30 5778 -173.31 -173.31
34 5778 -158.44 -158.44
30 5779 387.71 387.71
34 5779 344.34 344.34
39 5779 301.96 301.96
43 5779 316.14 316.14
45 5779 290.53 290.53
30 5780 -375.47 -375.47
34 5780 -320.13 -320.13
43 5780 -274.57 -274.57
30 5781 -154.13 -154.13
34 5781 -130.52 -130.52
43 5781 -110.6 -110.6
45 5781 -71.73 -71.73
30 5782 356.09 356.09
34 5782 315.42 315.42
39 5782 275.48 275.48
43 5782 289.11 289.11
45 5782 264.83 264.83
30 5783 -191.87 -191.87
34 5783 -161.4 -161.4
30 5784 -203.07 -203.07
34 5784 -184.63 -184.63
39 5784 -145.48 -145.48
43 5784 -165.68 -165.68
30 5785 213.51 213.51
34 5785 192.26 192.26
30 5786 255.81 255.81
34 5786 229.42 229.42
43 5786 212.94 212.94
30 5787 -253.48 -253.48
34 5787 -231.13 -231.13
36 5787 -218.49 -218.49
39 5787 -183.48 -183.48
43 5787 -208.61 -208.61
30 5788 -334.15 -334.15
34 5788 -295.48 -295.48
36 5788 -380.46 -380.46
39 5788 -226.24 -226.24
42 5788 -284.35 -284.35
43 5788 -260.99 -260.99
30 5789 -334.15 -334.15
34 5789 -295.48 -295.48
36 5789 -380.46 -380.46
39 5789 -226.24 -226.24
42 5789 -284.35 -284.35
43 5789 -260.99 -260.99
45 5789 -195.5 -195.5
30 5790 370.06 370.06
34 5790 327.7 327.7
39 5790 286.6 286.6
43 5790 300.44 300.44
45 5790 275.25 275.25
30 5791 350.1 350.1
34 5791 310.38 310.38
39 5791 271.95 271.95
43 5791 284.79 284.79
45 5791 262.15 262.15
30 5792 361.27 361.27
34 5792 319.36 319.36
39 5792 280.2 280.2
43 5792 292.97 292.97
45 5792 268.69 268.69
30 5793 360.6 360.6
34 5793 319.53 319.53
39 5793 279.45 279.45
43 5793 292.92 292.92
45 5793 267.87 267.87
30 5794 366.9 366.9
34 5794 325.25 325.25
43 5794 297.42 297.42
30 5795 -348.98 -348.98
34 5795 -307.41 -307.41
30 5796 297.76 297.76
34 5796 257.21 257.21
39 5796 219.35 219.35
43 5796 233.49 233.49
30 5797 376.57 376.57
34 5797 315.72 315.72
30 5798 -138.61 -138.61
34 5798 -125.81 -125.81
39 5798 -96.08 -96.08
43 5798 -111.65 -111.65
45 5798 -79.87 -79.87
30 5799 -135.77 -135.77
34 5799 -122.75 -122.75
30 5800 -271.42 -271.42
34 5800 -244.96 -244.96
30 5801 -351.13 -351.13
34 5801 -308.04 -308.04
39 5801 -235.22 -235.22
30 5802 -157.75 -157.75
34 5802 -144.92 -144.92
39 5802 -112.8 -112.8
30 5803 -353.82 -353.82
34 5803 -310.59 -310.59
39 5803 -235.36 -235.36
42 5803 -317.73 -317.73
43 5803 -272.47 -272.47
45 5803 -201.99 -201.99
30 5804 -224.24 -224.24
34 5804 -207.4 -207.4
39 5804 -167.6 -167.6
43 5804 -189.03 -189.03
45 5804 -146.88 -146.88
30 5805 -343.91 -343.91
34 5805 -302.45 -302.45
36 5805 -399.6 -399.6
39 5805 -229.94 -229.94
42 5805 -301.65 -301.65
43 5805 -266.1 -266.1
45 5805 -198.13 -198.13
30 5806 -214.14 -214.14
34 5806 -199.04 -199.04
39 5806 -160.4 -160.4
43 5806 -181.66 -181.66
45 5806 -140.41 -140.41
30 5807 -313.73 -313.73
34 5807 -278.9 -278.9
39 5807 -214.38 -214.38
30 5808 -174.63 -174.63
34 5808 -148.09 -148.09
43 5808 -125.38 -125.38
45 5808 -81.97 -81.97
30 5809 -374.41 -374.41
34 5809 -326.24 -326.24
30 5810 370.96 370.96
34 5810 329.03 329.03
39 5810 286.46 286.46
43 5810 300.69 300.69
45 5810 275.34 275.34
30 5811 370.96 370.96
34 5811 329.03 329.03
39 5811 286.46 286.46
43 5811 300.69 300.69
45 5811 275.34 275.34
30 5812 376.19 376.19
34 5812 332.67 332.67
39 5812 290.02 290.02
43 5812 304.49 304.49
45 5812 278.82 278.82
30 5813 376.19 376.19
34 5813 332.67 332.67
39 5813 290.02 290.02
43 5813 304.49 304.49
45 5813 278.82 278.82
30 5814 274.92 274.92
34 5814 242.63 242.63
39 5814 213.31 213.31
45 5814 206.6 206.6
30 5815 373.61 373.61
34 5815 330.52 330.52
43 5815 304.68 304.68
30 5816 373.61 373.61
34 5816 330.52 330.52
43 5816 304.68 304.68
30 5817 -128.54 -128.54
34 5817 -116.22 -116.22
39 5817 -87.63 -87.63
43 5817 -103.58 -103.58
30 5818 -128.54 -128.54
34 5818 -116.22 -116.22
30 5819 -148 -148
34 5819 -134.56 -134.56
43 5819 -119.46 -119.46
30 5820 -131.53 -131.53
34 5820 -119.76 -119.76
30 5821 -179.28 -179.28
34 5821 -162.15 -162.15
39 5821 -125.68 -125.68
43 5821 -145.21 -145.21
30 5822 207.72 207.72
34 5822 187.76 187.76
39 5822 171.38 171.38
43 5822 175.26 175.26
45 5822 169.28 169.28
30 5823 -360.04 -360.04
34 5823 -314.99 -314.99
39 5823 -237.73 -237.73
42 5823 -326.85 -326.85
43 5823 -275.63 -275.63
45 5823 -204.44 -204.44
30 5824 -358.44 -358.44
34 5824 -314 -314
39 5824 -237.82 -237.82
43 5824 -274.78 -274.78
30 5825 -283.18 -283.18
34 5825 -258.54 -258.54
30 5826 380.08 380.08
34 5826 336.33 336.33
43 5826 309.1 309.1
30 5827 -172.12 -172.12
34 5827 -144.97 -144.97
43 5827 -122.23 -122.23
30 5828 -191.86 -191.86
34 5828 -174.95 -174.95
30 5829 -162.33 -162.33
34 5829 -147.79 -147.79
30 5830 -159.02 -159.02
34 5830 -143.47 -143.47
39 5830 -110.6 -110.6
43 5830 -128.1 -128.1
45 5830 -93.14 -93.14
30 5831 -322.96 -322.96
34 5831 -287.32 -287.32
39 5831 -220.86 -220.86
43 5831 -254.07 -254.07
45 5831 -191.07 -191.07
30 5832 373.36 373.36
34 5832 330.3 330.3
39 5832 288.71 288.71
43 5832 302.71 302.71
45 5832 277.5 277.5
30 5833 -69.23 -69.23
34 5833 -59.88 -59.88
30 5834 -142.24 -142.24
34 5834 -114.45 -114.45
30 5835 198.8 198.8
34 5835 179.52 179.52
39 5835 164.77 164.77
43 5835 168.38 168.38
30 5836 198.8 198.8
34 5836 179.52 179.52
39 5836 164.77 164.77
43 5836 168.38 168.38
45 5836 162.92 162.92
30 5837 -163.19 -163.19
34 5837 -148.96 -148.96
39 5837 -115.03 -115.03
43 5837 -133.23 -133.23
45 5837 -96.81 -96.81
30 5838 -355.5 -355.5
34 5838 -311.58 -311.58
39 5838 -236.49 -236.49
43 5838 -273.41 -273.41
45 5838 -203.77 -203.77
30 5839 -321.83 -321.83
34 5839 -285.51 -285.51
43 5839 -250.09 -250.09
45 5839 -186.97 -186.97
30 5840 -327.2 -327.2
34 5840 -289.55 -289.55
36 5840 -370.52 -370.52
39 5840 -221.73 -221.73
42 5840 -274.9 -274.9
43 5840 -255.5 -255.5
45 5840 -191.43 -191.43
30 5841 -353.55 -353.55
34 5841 -310.45 -310.45
42 5841 -313.38 -313.38
43 5841 -272.35 -272.35
45 5841 -203.03 -203.03
30 5842 -353.55 -353.55
34 5842 -310.45 -310.45
42 5842 -313.38 -313.38
43 5842 -272.35 -272.35
30 5843 -324.59 -324.59
34 5843 -281.26 -281.26
39 5843 -208.53 -208.53
43 5843 -243.84 -243.84
45 5843 -178.13 -178.13
30 5844 -132.95 -132.95
34 5844 -119.65 -119.65
30 5845 -149.31 -149.31
34 5845 -136.24 -136.24
39 5845 -104.88 -104.88
43 5845 -121.63 -121.63
45 5845 -87.84 -87.84
30 5846 -203.15 -203.15
34 5846 -185.1 -185.1
30 5847 -137.12 -137.12
34 5847 -124.17 -124.17
30 5848 -341.12 -341.12
34 5848 -300.49 -300.49
39 5848 -228.93 -228.93
43 5848 -264.5 -264.5
45 5848 -197.4 -197.4
30 5849 374.69 374.69
34 5849 333.15 333.15
39 5849 292.54 292.54
30 5850 374.69 374.69
34 5850 333.15 333.15
39 5850 292.54 292.54
30 5851 -161.31 -161.31
34 5851 -132.38 -132.38
43 5851 -111.57 -111.57
30 5852 -204.6 -204.6
34 5852 -185.39 -185.39
39 5852 -143.11 -143.11
43 5852 -164.59 -164.59
45 5852 -122.71 -122.71
30 5853 -172.95 -172.95
34 5853 -155.66 -155.66
39 5853 -120.08 -120.08
43 5853 -139.01 -139.01
45 5853 -101.62 -101.62
30 5854 328.8 328.8
34 5854 293.07 293.07
30 5855 328.8 328.8
34 5855 293.07 293.07
30 5856 311.84 311.84
34 5856 279.82 279.82
39 5856 249.4 249.4
43 5856 259.19 259.19
45 5856 242.22 242.22
30 5857 311.84 311.84
34 5857 279.82 279.82
30 5858 311.84 311.84
34 5858 279.82 279.82
39 5858 249.4 249.4
43 5858 259.19 259.19
45 5858 242.22 242.22
30 5859 -379.76 -379.76
34 5859 -330 -330
39 5859 -246.85 -246.85
42 5859 -352.12 -352.12
43 5859 -287.3 -287.3
30 5860 202.34 202.34
34 5860 183.44 183.44
30 5861 331.02 331.02
34 5861 294.36 294.36
39 5861 260.08 260.08
43 5861 271.68 271.68
45 5861 251.8 251.8
30 5862 364.08 364.08
34 5862 322.57 322.57
39 5862 281.93 281.93
43 5862 295.9 295.9
45 5862 271.13 271.13
30 5863 335.97 335.97
34 5863 298.19 298.19
39 5863 260.24 260.24
43 5863 274.36 274.36
31 5864 61.64 61.64
37 5864 10.92 10.92
31 5865 61.64 61.64
37 5865 10.92 10.92
31 5866 -321.77 -321.77
37 5866 -393.16 -393.16
31 5867 -329.03 -329.03
37 5867 -400.85 -400.85
31 5868 -318.03 -318.03
37 5868 -389.37 -389.37
31 5869 -287.1 -287.1
37 5869 -355.5 -355.5
31 5870 -277.94 -277.94
37 5870 -345.17 -345.17
31 5871 -259.65 -259.65
37 5871 -325.01 -325.01
31 5872 -9.86999 -9.86999
37 5872 -58.14 -58.14
40 5872 -280.92 -280.92
31 5873 -7.10998 -7.10998
32 5873 -105.18 -105.18
41 5873 -218.55 -218.55
31 5874 1.17001 1.17001
32 5874 -95.35 -95.35
37 5874 -46.31 -46.31
40 5874 -265.78 -265.78
41 5874 -207.67 -207.67
44 5874 -150.55 -150.55
46 5874 -320.24 -320.24
48 5874 -374.27 -374.27
31 5875 -5.44 -5.44
32 5875 -102.93 -102.93
31 5876 -5.44 -5.44
32 5876 -102.93 -102.93
41 5876 -216.2 -216.2
31 5877 -5.44 -5.44
32 5877 -102.93 -102.93
37 5877 -53.32 -53.32
40 5877 -274.87 -274.87
41 5877 -216.2 -216.2
44 5877 -158.43 -158.43
46 5877 -329.8 -329.8
48 5877 -384.44 -384.44
31 5878 -7.38 -7.38
37 5878 -55.49 -55.49
41 5878 -219.15 -219.15
44 5878 -160.74 -160.74
48 5878 -387.47 -387.47
31 5879 44.1 44.1
32 5879 -46.97 -46.97
31 5880 -28.46 -28.46
32 5880 -128.86 -128.86
40 5880 -306.74 -306.74
31 5881 -28.46 -28.46
32 5881 -128.86 -128.86
31 5882 -15.32 -15.32
37 5882 -64.07 -64.07
40 5882 -288.62 -288.62
41 5882 -229.08 -229.08
44 5882 -170.46 -170.46
46 5882 -344.15 -344.15
48 5882 -399.65 -399.65
31 5883 -30.3 -30.3
32 5883 -131.15 -131.15
37 5883 -79.79 -79.79
40 5883 -309.69 -309.69
41 5883 -248.64 -248.64
44 5883 -188.74 -188.74
31 5884 0.929993 0.929993
37 5884 -46.48 -46.48
46 5884 -320.53 -320.53
31 5885 -5.20999 -5.20999
32 5885 -102.56 -102.56
37 5885 -53.11 -53.11
40 5885 -274.62 -274.62
31 5886 -5.20999 -5.20999
37 5886 -53.11 -53.11
46 5886 -329.49 -329.49
31 5887 2.91 2.91
32 5887 -93.11 -93.11
37 5887 -44.36 -44.36
40 5887 -263.24 -263.24
41 5887 -205.31 -205.31
44 5887 -148.19 -148.19
46 5887 -317.66 -317.66
48 5887 -371.57 -371.57
31 5888 53.68 53.68
37 5888 8.82999 8.82999
31 5889 263.03 263.03
33 5889 -382.11 -382.11
40 5889 85.12 85.12
31 5890 -41.52 -41.52
32 5890 -144.36 -144.36
37 5890 -92.07 -92.07
41 5890 -263.34 -263.34
44 5890 -202.75 -202.75
46 5890 -383.41 -383.41
31 5891 6.78 6.78
32 5891 -89.27 -89.27
37 5891 -40.45 -40.45
40 5891 -258.29 -258.29
41 5891 -200.77 -200.77
46 5891 -312.27 -312.27
48 5891 -366.3 -366.3
31 5892 -248.64 -248.64
37 5892 -314.02 -314.02
31 5893 349.32 349.32
33 5893 -272.18 -272.18
37 5893 320.55 320.55
31 5894 -251.13 -251.13
32 5894 -384.71 -384.71
37 5894 -316.63 -316.63
31 5895 306.95 306.95
33 5895 -319.83 -319.83
37 5895 276.27 276.27
38 5895 -362.82 -362.82
31 5896 306.95 306.95
33 5896 -319.83 -319.83
37 5896 276.27 276.27
38 5896 -362.82 -362.82
31 5897 204.29 204.29
32 5897 130.3 130.3
37 5897 168.13 168.13
31 5898 363.25 363.25
37 5898 334.89 334.89
47 5898 -320.99 -320.99
48 5898 157.48 157.48
31 5899 317.25 317.25
32 5899 256.16 256.16
33 5899 -307.21 -307.21
35 5899 -276.09 -276.09
38 5899 -346.74 -346.74
40 5899 154.58 154.58
41 5899 188.28 188.28
44 5899 222.51 222.51
46 5899 123.37 123.37
48 5899 92.25 92.25
31 5900 317.25 317.25
32 5900 256.16 256.16
33 5900 -307.21 -307.21
35 5900 -276.09 -276.09
38 5900 -346.74 -346.74
40 5900 154.58 154.58
41 5900 188.28 188.28
44 5900 222.51 222.51
46 5900 123.37 123.37
48 5900 92.25 92.25
31 5901 323.45 323.45
37 5901 293.55 293.55
38 5901 -337.65 -337.65
47 5901 -383.06 -383.06
31 5902 294.82 294.82
33 5902 -335.94 -335.94
35 5902 -299.39 -299.39
31 5903 292.98 292.98
32 5903 229.74 229.74
35 5903 -301.21 -301.21
38 5903 -384.5 -384.5
40 5903 124 124
31 5904 310.61 310.61
35 5904 -280.69 -280.69
31 5905 310.61 310.61
35 5905 -280.69 -280.69
31 5906 294.46 294.46
35 5906 -297.43 -297.43
31 5907 357.34 357.34
32 5907 303.52 303.52
33 5907 -260.93 -260.93
35 5907 -238.76 -238.76
37 5907 330.3 330.3
38 5907 -288.14 -288.14
44 5907 274.32 274.32
31 5908 357.38 357.38
32 5908 302.51 302.51
33 5908 -261.78 -261.78
37 5908 329.9 329.9
38 5908 -289.43 -289.43
40 5908 213.46 213.46
44 5908 272.67 272.67
46 5908 187.4 187.4
47 5908 -321.91 -321.91
31 5909 294.45 294.45
35 5909 -297.6 -297.6
37 5909 264.92 264.92
44 5909 202.58 202.58
31 5910 -95.18 -95.18
32 5910 -194.76 -194.76
37 5910 -143.91 -143.91
40 5910 -369.61 -369.61
41 5910 -310.46 -310.46
44 5910 -250.78 -250.78
31 5911 345.84 345.84
33 5911 -272.77 -272.77
31 5912 -189.5 -189.5
32 5912 -302.99 -302.99
31 5913 -193.23 -193.23
32 5913 -307.02 -307.02
37 5913 -248.43 -248.43
44 5913 -371.31 -371.31
31 5914 331.73 331.73
37 5914 302.07 302.07
31 5915 -312.94 -312.94
37 5915 -382.08 -382.08
31 5916 -266.62 -266.62
37 5916 -335.29 -335.29
31 5917 -159.81 -159.81
32 5917 -268.41 -268.41
41 5917 -394.28 -394.28
44 5917 -329.6 -329.6
31 5918 -254.5 -254.5
32 5918 -388.72 -388.72
31 5919 23.44 23.44
37 5919 -82.61 -82.61
31 5920 132.34 132.34
32 5920 -110.85 -110.85
37 5920 19.29 19.29
31 5921 35.3 35.3
37 5921 -72.23 -72.23
31 5922 365.03 365.03
35 5922 -330.69 -330.69
31 5923 -140.42 -140.42
37 5923 -363.12 -363.12
31 5924 65.15 65.15
37 5924 14.3 14.3
31 5925 60.98 60.98
37 5925 9.70001 9.70001
31 5926 124.33 124.33
37 5926 87.71 87.71
31 5927 -15.95 -15.95
32 5927 -114.82 -114.82
40 5927 -290.3 -290.3
41 5927 -230.53 -230.53
44 5927 -171.37 -171.37
48 5927 -401.21 -401.21
31 5928 -34.61 -34.61
37 5928 -84.35 -84.35
31 5929 -234.56 -234.56
37 5929 -299.2 -299.2
31 5930 -234.56 -234.56
32 5930 -366.79 -366.79
37 5930 -299.2 -299.2
31 5931 -231.31 -231.31
32 5931 -363.28 -363.28
37 5931 -295.78 -295.78
31 5932 303.94 303.94
37 5932 273.01 273.01
31 5933 352.99 352.99
32 5933 295.11 295.11
33 5933 -268.79 -268.79
35 5933 -243.99 -243.99
37 5933 324.28 324.28
38 5933 -299.62 -299.62
40 5933 199.66 199.66
41 5933 231.19 231.19
44 5933 263.22 263.22
46 5933 170.93 170.93
47 5933 -336.06 -336.06
48 5933 142.44 142.44
31 5934 352.99 352.99
32 5934 295.11 295.11
33 5934 -268.79 -268.79
37 5934 324.28 324.28
38 5934 -299.62 -299.62
44 5934 263.22 263.22
46 5934 170.93 170.93
47 5934 -336.06 -336.06
48 5934 142.44 142.44
31 5935 101.6 101.6
32 5935 25.29 25.29
37 5935 64.12 64.12
31 5936 58.72 58.72
37 5936 19.05 19.05
31 5937 103.9 103.9
37 5937 65.88 65.88
31 5938 -113.98 -113.98
37 5938 -164.03 -164.03
41 5938 -333.8 -333.8
31 5939 375.93 375.93
32 5939 321.87 321.87
35 5939 -224.97 -224.97
40 5939 234.23 234.23
41 5939 262.6 262.6
44 5939 292.46 292.46
46 5939 208.93 208.93
48 5939 183.79 183.79
31 5940 321.92 321.92
33 5940 -297.44 -297.44
35 5940 -269.5 -269.5
38 5940 -331.83 -331.83
47 5940 -373.15 -373.15
31 5941 199.33 199.33
37 5941 84.67 84.67
31 5942 28.74 28.74
37 5942 -78.55 -78.55
31 5943 -63.92 -63.92
37 5943 -251.22 -251.22
31 5944 114.7 114.7
32 5944 8.67001 8.67001
37 5944 62.3 62.3
31 5945 -253.87 -253.87
32 5945 -387.57 -387.57
37 5945 -318.92 -318.92
31 5946 -313.92 -313.92
37 5946 -386.47 -386.47
31 5947 301.94 301.94
35 5947 -291.52 -291.52
38 5947 -368.73 -368.73
46 5947 103.1 103.1
31 5948 327.44 327.44
35 5948 -266.63 -266.63
31 5949 57.69 57.69
37 5949 17.83 17.83
41 5949 -115.53 -115.53
31 5950 108.94 108.94
37 5950 67.24 67.24
31 5951 114.64 114.64
37 5951 71.82 71.82
31 5952 105.7 105.7
37 5952 64.33 64.33
31 5953 -57.95 -57.95
32 5953 -153.79 -153.79
31 5954 -279.17 -279.17
37 5954 -347.94 -347.94
31 5955 225.35 225.35
37 5955 110.93 110.93
31 5956 30.71 30.71
32 5956 -196.58 -196.58
37 5956 -76.24 -76.24
44 5956 -341.62 -341.62
31 5957 22.65 22.65
37 5957 -83.37 -83.37
31 5958 103.26 103.26
37 5958 55.95 55.95
31 5959 137.09 137.09
37 5959 85.39 85.39
31 5960 121.22 121.22
37 5960 85.18 85.18
31 5961 -251.89 -251.89
32 5961 -386.8 -386.8
37 5961 -318.02 -318.02
31 5962 349.23 349.23
37 5962 320.06 320.06
31 5963 357.71 357.71
37 5963 329.03 329.03
40 5963 205.42 205.42
46 5963 177.01 177.01
47 5963 -329.56 -329.56
48 5963 149.01 149.01
31 5964 357.71 357.71
32 5964 300.03 300.03
33 5964 -264.31 -264.31
35 5964 -239.94 -239.94
37 5964 329.03 329.03
38 5964 -294.22 -294.22
40 5964 205.42 205.42
41 5964 236.68 236.68
44 5964 268.5 268.5
46 5964 177.01 177.01
47 5964 -329.56 -329.56
48 5964 149.01 149.01
31 5965 338.43 338.43
32 5965 279.3 279.3
33 5965 -283.27 -283.27
35 5965 -256.48 -256.48
37 5965 308.99 308.99
38 5965 -317.88 -317.88
41 5965 213.81 213.81
44 5965 246.69 246.69
46 5965 152.2 152.2
47 5965 -358.84 -358.84
48 5965 122.44 122.44
31 5966 236.69 236.69
32 5966 165.88 165.88
41 5966 85.6 85.6
44 5966 126.22 126.22
31 5967 335.96 335.96
35 5967 -256.25 -256.25
37 5967 308.83 308.83
31 5968 -216.83 -216.83
32 5968 -343.4 -343.4
37 5968 -278.15 -278.15
31 5969 77.61 77.61
37 5969 15.26 15.26
31 5970 -110.68 -110.68
37 5970 -164.42 -164.42
31 5971 -91.21 -91.21
37 5971 -229.85 -229.85
31 5972 34.01 34.01
32 5972 -191.58 -191.58
37 5972 -71.33 -71.33
31 5973 229.22 229.22
37 5973 112.19 112.19
31 5974 229.22 229.22
37 5974 112.19 112.19
31 5975 123.02 123.02
37 5975 86.18 86.18
31 5976 363.09 363.09
33 5976 -259.58 -259.58
35 5976 -236.09 -236.09
37 5976 334.21 334.21
38 5976 -288.34 -288.34
40 5976 211.57 211.57
41 5976 242.58 242.58
44 5976 274.4 274.4
47 5976 -322.3 -322.3
48 5976 155.75 155.75
31 5977 -84.48 -84.48
37 5977 -224.64 -224.64
31 5978 117.64 117.64
37 5978 8.47 8.47
31 5979 19.32 19.32
32 5979 -206.27 -206.27
37 5979 -86.34 -86.34
31 5980 -260.91 -260.91
37 5980 -328.1 -328.1
31 5981 -232.77 -232.77
32 5981 -362.81 -362.81
37 5981 -296.36 -296.36
31 5982 297.29 297.29
32 5982 238.88 238.88
33 5982 -327.07 -327.07
37 5982 268.28 268.28
31 5983 326.86 326.86
32 5983 268.01 268.01
37 5983 297.36 297.36
31 5984 -279.33 -279.33
37 5984 -348.45 -348.45
31 5985 -128.01 -128.01
37 5985 -347.97 -347.97
31 5986 -242.58 -242.58
37 5986 -308.18 -308.18
31 5987 206.38 206.38
37 5987 169.42 169.42
31 5988 108.02 108.02
37 5988 64.81 64.81
31 5989 -279.67 -279.67
37 5989 -349.94 -349.94
31 5990 69.97 69.97
37 5990 -25.21 -25.21
31 5991 25.48 25.48
32 5991 -200.39 -200.39
37 5991 -80.52 -80.52
31 5992 81.68 81.68
37 5992 32.17 32.17
31 5993 -293.98 -293.98
37 5993 -362.98 -362.98
31 5994 206.7 206.7
32 5994 132.56 132.56
37 5994 170.44 170.44
40 5994 5.31 5.31
41 5994 48.19 48.19
44 5994 90.9 90.9
46 5994 -35.39 -35.39
48 5994 -76.97 -76.97
31 5995 -115.01 -115.01
37 5995 -309.13 -309.13
31 5996 237.51 237.51
37 5996 119.98 119.98
31 5997 112.84 112.84
32 5997 16 16
31 5998 -220.16 -220.16
37 5998 -284.29 -284.29
31 5999 -183.7 -183.7
37 5999 -239.25 -239.25
31 6000 -276.85 -276.85
37 6000 -344.6 -344.6
31 6001 259.9 259.9
32 6001 52.75 52.75
37 6001 160.08 160.08
31 6002 99.12 99.12
37 6002 -11.53 -11.53
31 6003 140.01 140.01
37 6003 81.99 81.99
31 6004 208.79 208.79
37 6004 101.63 101.63
31 6005 223.34 223.34
32 6005 -18.73 -18.73
37 6005 111.43 111.43
31 6006 264.88 264.88
37 6006 149.5 149.5
31 6007 279.11 279.11
37 6007 167.34 167.34
31 6008 -194.88 -194.88
37 6008 -253.04 -253.04
31 6009 -2.84 -2.84
37 6009 -97.53 -97.53
31 6010 270.65 270.65
37 6010 163.39 163.39
32 6011 111.63 111.63
37 6011 156.76 156.76
32 6012 -15.21 -15.21
37 6012 34.24 34.24
32 6013 -18.19 -18.19
37 6013 31.06 31.06
32 6014 35.13 35.13
37 6014 87.58 87.58
32 6015 -102.93 -102.93
37 6015 -53.32 -53.32
40 6015 -274.87 -274.87
41 6015 -216.2 -216.2
44 6015 -158.43 -158.43
46 6015 -329.8 -329.8
32 6016 -100.44 -100.44
37 6016 -51.01 -51.01
40 6016 -271.93 -271.93
41 6016 -213.39 -213.39
44 6016 -155.88 -155.88
46 6016 -326.53 -326.53
48 6016 -380.9 -380.9
32 6017 -138.23 -138.23
37 6017 -85.02 -85.02
41 6017 -256.38 -256.38
44 6017 -196.69 -196.69
32 6018 -362.63 -362.63
37 6018 -295.55 -295.55
32 6019 -100.35 -100.35
37 6019 -50.92 -50.92
40 6019 -271.88 -271.88
44 6019 -155.76 -155.76
46 6019 -326.83 -326.83
48 6019 -381.5 -381.5
32 6020 -131.75 -131.75
37 6020 -80.47 -80.47
32 6021 -95.18 -95.18
37 6021 -46.02 -46.02
41 6021 -207.38 -207.38
32 6022 -95.18 -95.18
37 6022 -46.02 -46.02
41 6022 -207.38 -207.38
32 6023 -384.71 -384.71
37 6023 -316.63 -316.63
32 6024 61.95 61.95
37 6024 119.93 119.93
32 6025 171.51 171.51
35 6025 -367.42 -367.42
37 6025 207.52 207.52
41 6025 95.09 95.09
44 6025 134.19 134.19
46 6025 18.9 18.9
32 6026 39.76 39.76
37 6026 96.91 96.91
32 6027 231.55 231.55
37 6027 263.63 263.63
41 6027 161.21 161.21
44 6027 196.6 196.6
48 6027 60.16 60.16
32 6028 235.13 235.13
37 6028 265.2 265.2
38 6028 -373.07 -373.07
40 6028 137.61 137.61
41 6028 169.91 169.91
44 6028 202.82 202.82
46 6028 107.9 107.9
48 6028 78.46 78.46
32 6029 309.36 309.36
37 6029 336.45 336.45
32 6030 272.17 272.17
33 6030 -290.06 -290.06
35 6030 -262.59 -262.59
38 6030 -324.23 -324.23
40 6030 176.54 176.54
41 6030 207.94 207.94
44 6030 240.32 240.32
47 6030 -365.45 -365.45
32 6031 203.42 203.42
35 6031 -330.43 -330.43
32 6032 -131.51 -131.51
37 6032 -83.41 -83.41
32 6033 207.77 207.77
33 6033 -366.25 -366.25
35 6033 -325.68 -325.68
40 6033 102.83 102.83
41 6033 137.51 137.51
44 6033 172.85 172.85
46 6033 70.25 70.25
48 6033 37.64 37.64
32 6034 234.93 234.93
37 6034 264.86 264.86
32 6035 -271.58 -271.58
37 6035 -215.74 -215.74
32 6036 -397.52 -397.52
37 6036 -327.13 -327.13
32 6037 -267.9 -267.9
37 6037 -157.14 -157.14
32 6038 -257.84 -257.84
37 6038 -145.06 -145.06
32 6039 -204.98 -204.98
37 6039 -84.66 -84.66
32 6040 -50.16 -50.16
37 6040 84.34 84.34
44 6040 -217.77 -217.77
32 6041 -381.2 -381.2
37 6041 -314.18 -314.18
32 6042 -64.47 -64.47
37 6042 -17.16 -17.16
40 6042 -227.23 -227.23
41 6042 -172.23 -172.23
44 6042 -117.1 -117.1
46 6042 -279.48 -279.48
48 6042 -331.41 -331.41
32 6043 6.20999 6.20999
37 6043 48.81 48.81
44 6043 -42.03 -42.03
46 6043 -189.37 -189.37
32 6044 362.96 362.96
33 6044 -216.61 -216.61
35 6044 -196.95 -196.95
38 6044 -238.27 -238.27
40 6044 272.9 272.9
41 6044 302.8 302.8
46 6044 246.38 246.38
47 6044 -262.77 -262.77
48 6044 220.6 220.6
32 6045 -55.07 -55.07
37 6045 -7.69 -7.69
44 6045 -106.67 -106.67
32 6046 5.45999 5.45999
37 6046 45 45
32 6047 -338.66 -338.66
37 6047 -274.08 -274.08
32 6048 -169.04 -169.04
37 6048 -119.93 -119.93
32 6049 -79.5 -79.5
37 6049 -31.13 -31.13
40 6049 -243.79 -243.79
32 6050 254.03 254.03
37 6050 332.28 332.28
41 6050 57.69 57.69
44 6050 162.16 162.16
32 6051 238.25 238.25
37 6051 314.62 314.62
32 6052 256.46 256.46
33 6052 -309.67 -309.67
35 6052 -237.82 -237.82
37 6052 334.65 334.65
40 6052 -56.3 -56.3
44 6052 164.14 164.14
32 6053 244.84 244.84
35 6053 -247.49 -247.49
32 6054 -101.61 -101.61
37 6054 25.09 25.09
32 6055 -254.23 -254.23
37 6055 -142.16 -142.16
32 6056 192.04 192.04
33 6056 -388.63 -388.63
35 6056 -342.9 -342.9
37 6056 225.59 225.59
46 6056 44.22 44.22
48 6056 7.69 7.69
32 6057 346.83 346.83
33 6057 -226.68 -226.68
35 6057 -208.16 -208.16
37 6057 373.51 373.51
38 6057 -248.91 -248.91
44 6057 318.14 318.14
32 6058 -389.99 -389.99
37 6058 -320.31 -320.31
32 6059 -105.44 -105.44
37 6059 15.83 15.83
32 6060 207.06 207.06
37 6060 350.69 350.69
32 6061 47.73 47.73
37 6061 102.81 102.81
32 6062 75.92 75.92
37 6062 117.21 117.21
41 6062 -11.89 -11.89
44 6062 32.87 32.87
32 6063 -394.16 -394.16
37 6063 -323.71 -323.71
32 6064 256.8 256.8
33 6064 -306.5 -306.5
35 6064 -275.58 -275.58
37 6064 287.4 287.4
38 6064 -345.57 -345.57
46 6064 124.6 124.6
32 6065 -73.39 -73.39
37 6065 -26.5 -26.5
32 6066 238.42 238.42
33 6066 -326.75 -326.75
37 6066 270.26 270.26
38 6066 -372.06 -372.06
40 6066 133.79 133.79
41 6066 168.57 168.57
44 6066 203.9 203.9
46 6066 101.75 101.75
48 6066 69.38 69.38
32 6067 347.04 347.04
33 6067 -226.61 -226.61
35 6067 -207.97 -207.97
32 6068 354.15 354.15
33 6068 -221.52 -221.52
35 6068 -204.04 -204.04
38 6068 -241.98 -241.98
41 6068 298.48 298.48
44 6068 326.32 326.32
47 6068 -265.44 -265.44
32 6069 -342.92 -342.92
37 6069 -277.89 -277.89
32 6070 -230.23 -230.23
37 6070 -176.74 -176.74
32 6071 344.64 344.64
33 6071 -230.93 -230.93
35 6071 -180.43 -180.43
38 6071 -315.99 -315.99
32 6072 339.83 339.83
33 6072 -234.46 -234.46
35 6072 -182.86 -182.86
38 6072 -321.43 -321.43
41 6072 139.14 139.14
44 6072 246.65 246.65
32 6073 -240.93 -240.93
37 6073 -132.78 -132.78
32 6074 216.88 216.88
35 6074 -221.44 -221.44
32 6075 228.03 228.03
35 6075 -214.24 -214.24
32 6076 228.03 228.03
35 6076 -214.24 -214.24
32 6077 222.57 222.57
35 6077 -216.97 -216.97
32 6078 37.91 37.91
37 6078 95.27 95.27
44 6078 -26.35 -26.35
32 6079 -15.73 -15.73
37 6079 25.97 25.97
44 6079 -59.93 -59.93
46 6079 -197.63 -197.63
32 6080 193.34 193.34
35 6080 -341.29 -341.29
37 6080 227.01 227.01
32 6081 -191.58 -191.58
37 6081 -71.33 -71.33
44 6081 -336.27 -336.27
32 6082 211.22 211.22
37 6082 355.62 355.62
32 6083 -386.8 -386.8
37 6083 -318.02 -318.02
32 6084 194.37 194.37
37 6084 228.22 228.22
32 6085 -313.52 -313.52
37 6085 -254.47 -254.47
44 6085 -379.06 -379.06
32 6086 -278.85 -278.85
37 6086 -221.4 -221.4
44 6086 -342.41 -342.41
32 6087 265.03 265.03
37 6087 343.36 343.36
41 6087 70.8 70.8
44 6087 174.91 174.91
32 6088 -259.09 -259.09
37 6088 -146.81 -146.81
32 6089 -203.68 -203.68
37 6089 -83.74 -83.74
32 6090 203.59 203.59
37 6090 347.74 347.74
32 6091 0.730011 0.730011
37 6091 49.31 49.31
32 6092 0.730011 0.730011
37 6092 49.42 49.42
44 6092 -56.31 -56.31
32 6093 122.04 122.04
37 6093 158.68 158.68
40 6093 -5.23999 -5.23999
44 6093 81.05 81.05
46 6093 -44.34 -44.34
32 6094 -162.46 -162.46
37 6094 -113.12 -113.12
40 6094 -330.36 -330.36
32 6095 -233.57 -233.57
37 6095 -180.7 -180.7
44 6095 -292.89 -292.89
32 6096 -111.78 -111.78
37 6096 8.35001 8.35001
44 6096 -256.98 -256.98
32 6097 -270.41 -270.41
37 6097 -159.3 -159.3
32 6098 240.99 240.99
33 6098 -325.07 -325.07
35 6098 -251.77 -251.77
37 6098 317.1 317.1
32 6099 197.01 197.01
37 6099 342.6 342.6
32 6100 219.42 219.42
37 6100 361.94 361.94
32 6101 -295.74 -295.74
37 6101 -237.37 -237.37
32 6102 103.5 103.5
37 6102 144.05 144.05
40 6102 -27.08 -27.08
41 6102 17.06 17.06
44 6102 61 61
46 6102 -69.15 -69.15
48 6102 -110.01 -110.01
32 6103 10.41 10.41
37 6103 144.14 144.14
32 6104 -67.03 -67.03
37 6104 -19.92 -19.92
32 6105 -232.94 -232.94
37 6105 -117 -117
32 6106 -211.23 -211.23
37 6106 -97.53 -97.53
32 6107 66.29 66.29
37 6107 108.66 108.66
32 6108 66.29 66.29
37 6108 108.66 108.66
32 6109 70.14 70.14
37 6109 117.47 117.47
33 6110 -189.91 -189.91
35 6110 -172.99 -172.99
33 6111 387.87 387.87
35 6111 360.77 360.77
33 6112 370.41 370.41
35 6112 345.87 345.87
33 6113 370.41 370.41
35 6113 345.87 345.87
33 6114 -283.24 -283.24
37 6114 305.28 305.28
44 6114 252.62 252.62
46 6114 175.24 175.24
47 6114 -342.55 -342.55
33 6115 -338.03 -338.03
37 6115 261.14 261.14
38 6115 -385.71 -385.71
41 6115 158.45 158.45
33 6116 346.41 346.41
35 6116 307.99 307.99
33 6117 207.77 207.77
35 6117 190.77 190.77
38 6117 229.81 229.81
47 6117 259.76 259.76
33 6118 -216.25 -216.25
35 6118 -196.43 -196.43
33 6119 -134.23 -134.23
35 6119 -120.92 -120.92
33 6120 -159.96 -159.96
35 6120 -145.27 -145.27
38 6120 -178.36 -178.36
33 6121 390.24 390.24
35 6121 362.57 362.57
33 6122 390.24 390.24
35 6122 362.57 362.57
33 6123 -277.62 -277.62
37 6123 314.38 314.38
33 6124 -330.81 -330.81
37 6124 265.1 265.1
38 6124 -373.26 -373.26
41 6124 169.79 169.79
46 6124 107.88 107.88
48 6124 78.37 78.37
33 6125 -316.05 -316.05
35 6125 -244.72 -244.72
33 6126 -315.97 -315.97
35 6126 -244.26 -244.26
44 6126 161.94 161.94
33 6127 -199.25 -199.25
35 6127 -181.12 -181.12
38 6127 -223.09 -223.09
33 6128 -333.88 -333.88
35 6128 -300.02 -300.02
38 6128 -376.91 -376.91
33 6129 -251.72 -251.72
35 6129 -230.43 -230.43
38 6129 -278.13 -278.13
40 6129 225.59 225.59
41 6129 255.02 255.02
46 6129 200.84 200.84
47 6129 -307.96 -307.96
33 6130 -321.07 -321.07
35 6130 -246.28 -246.28
37 6130 323.29 323.29
40 6130 -64.28 -64.28
41 6130 49.94 49.94
46 6130 -188.04 -188.04
33 6131 -199.97 -199.97
35 6131 -182.16 -182.16
33 6132 -194.81 -194.81
35 6132 -176.87 -176.87
33 6133 -128.07 -128.07
35 6133 -116.35 -116.35
33 6134 -284.84 -284.84
37 6134 302.9 302.9
33 6135 -385.03 -385.03
35 6135 -231.95 -231.95
33 6136 -385.03 -385.03
35 6136 -231.95 -231.95
33 6137 -137.35 -137.35
35 6137 -123.74 -123.74
38 6137 -154.58 -154.58
33 6138 -137.35 -137.35
35 6138 -123.74 -123.74
38 6138 -154.58 -154.58
33 6139 390.57 390.57
35 6139 363.57 363.57
33 6140 316.62 316.62
35 6140 277.47 277.47
33 6141 -80.54 -80.54
35 6141 -62.42 -62.42
33 6142 -260.41 -260.41
35 6142 -238.39 -238.39
38 6142 -287.83 -287.83
47 6142 -320.65 -320.65
33 6143 -192.88 -192.88
35 6143 -173.75 -173.75
38 6143 -216.95 -216.95
47 6143 -246.28 -246.28
33 6144 -145.57 -145.57
35 6144 -133.26 -133.26
47 6144 -182.78 -182.78
33 6145 -263.23 -263.23
35 6145 -206.67 -206.67
38 6145 -359.35 -359.35
33 6146 -308.23 -308.23
35 6146 -236.47 -236.47
33 6147 -262.99 -262.99
35 6147 -241.26 -241.26
38 6147 -289.52 -289.52
1 6148 -129.33 -129.33
5 6148 -119.82 -119.82
38 6148 -248.96 -248.96
44 6148 318.11 318.11
1 6149 218.47 218.47
39 6149 114.02 114.02
45 6149 117.43 117.43
1 6150 86.74 86.74
3 6150 87.99 87.99
10 6150 74.89 74.89
13 6150 74.24 74.24
16 6150 69.84 69.84
30 6150 63.56 63.56
34 6150 55.88 55.88
39 6150 54.73 54.73
3 6151 -327.56 -327.56
36 6151 238.94 238.94
42 6151 303.65 303.65
3 6152 -313.09 -313.09
42 6152 316.96 316.96
3 6153 -317.68 -317.68
42 6153 312.6 312.6
5 6154 -189.37 -189.37
42 6154 348.74 348.74
5 6155 -235.09 -235.09
42 6155 294.89 294.89
5 6156 -254.68 -254.68
42 6156 269.94 269.94
5 6157 -224.52 -224.52
42 6157 270.33 270.33
6 6158 73.9 73.9
8 6158 73.54 73.54
38 6158 73.22 73.22
47 6158 73.65 73.65
6 6159 107.05 107.05
8 6159 107.55 107.55
9 6159 108.4 108.4
12 6159 111.02 111.02
14 6159 109.91 109.91
15 6159 111.94 111.94
17 6159 112.2 112.2
20 6159 112.1 112.1
33 6159 114.03 114.03
35 6159 112.82 112.82
7 6160 148.68 148.68
38 6160 285.05 285.05
47 6160 303.59 303.59
7 6161 112.59 112.59
10 6161 105.84 105.84
11 6161 109.52 109.52
13 6161 102.98 102.98
16 6161 95.63 95.63
22 6161 99.51 99.51
30 6161 89.25 89.25
34 6161 82.05 82.05
39 6161 83.23 83.23
43 6161 78.55 78.55
45 6161 88.02 88.02
7 6162 -171.12 -171.12
43 6162 -101.47 -101.47
8 6163 105.29 105.29
14 6163 108.52 108.52
15 6163 110.33 110.33
17 6163 111.02 111.02
33 6163 112.51 112.51
38 6163 114 114
47 6163 116.32 116.32
8 6164 138.71 138.71
9 6164 140.62 140.62
14 6164 143.98 143.98
15 6164 149.85 149.85
38 6164 164.29 164.29
8 6165 -25.45 -25.45
9 6165 -27.81 -27.81
12 6165 -31.18 -31.18
14 6165 -29.32 -29.32
15 6165 -33.11 -33.11
17 6165 -38.83 -38.83
20 6165 -35.98 -35.98
33 6165 -43.4 -43.4
35 6165 -41.22 -41.22
38 6165 -45.88 -45.88
47 6165 -47.75 -47.75
8 6166 147.74 147.74
39 6166 106.6 106.6
9 6167 -345.55 -345.55
41 6167 -199.87 -199.87
46 6167 -311.63 -311.63
48 6167 -365.33 -365.33
9 6168 102.71 102.71
12 6168 105.37 105.37
14 6168 104.56 104.56
15 6168 106.51 106.51
35 6168 108.12 108.12
38 6168 110.23 110.23
47 6168 112.3 112.3
9 6169 99.95 99.95
12 6169 102.98 102.98
15 6169 103.77 103.77
17 6169 104.6 104.6
33 6169 106.57 106.57
38 6169 108.32 108.32
47 6169 109.92 109.92
10 6170 115 115
22 6170 107.24 107.24
43 6170 84.67 84.67
10 6171 -103.31 -103.31
39 6171 -61.83 -61.83
45 6171 -51.05 -51.05
10 6172 162.48 162.48
43 6172 103.92 103.92
45 6172 107.42 107.42
11 6173 -199.5 -199.5
42 6173 270.45 270.45
11 6174 -118.32 -118.32
39 6174 -64.42 -64.42
11 6175 -103.9 -103.9
39 6175 -55.92 -55.92
43 6175 -65.04 -65.04
12 6176 110 110
38 6176 115.37 115.37
12 6177 -206.97 -206.97
41 6177 313.55 313.55
12 6178 -75.53 -75.53
38 6178 -107.51 -107.51
12 6179 -5.89999 -5.89999
15 6179 -8.23001 -8.23001
17 6179 -14.85 -14.85
20 6179 -11.65 -11.65
33 6179 -20.56 -20.56
35 6179 -18.06 -18.06
38 6179 -24.11 -24.11
47 6179 -27.2 -27.2
12 6180 -166.63 -166.63
14 6180 -153.37 -153.37
38 6180 -282.94 -282.94
44 6180 278.82 278.82
12 6181 -91.15 -91.15
38 6181 -162.67 -162.67
12 6182 -45.44 -45.44
17 6182 -56.04 -56.04
33 6182 -61.98 -61.98
38 6182 -65.75 -65.75
13 6183 85.92 85.92
16 6183 79.34 79.34
22 6183 82.83 82.83
30 6183 73.91 73.91
34 6183 67.22 67.22
38 6183 93.89 93.89
13 6184 338.74 338.74
43 6184 245.6 245.6
13 6185 79.19 79.19
16 6185 71.41 71.41
30 6185 67.48 67.48
43 6185 59.47 59.47
13 6186 -16.24 -16.24
16 6186 -15.05 -15.05
22 6186 -15.35 -15.35
30 6186 -17.28 -17.28
39 6186 -13.57 -13.57
43 6186 -19.94 -19.94
45 6186 -5.79001 -5.79001
13 6187 -17.1 -17.1
16 6187 -17.64 -17.64
22 6187 -16.89 -16.89
39 6187 -17.56 -17.56
43 6187 -24.07 -24.07
45 6187 -9.76001 -9.76001
14 6188 -342.29 -342.29
44 6188 -77.65 -77.65
14 6189 -342.29 -342.29
44 6189 -77.65 -77.65
14 6190 -354.43 -354.43
44 6190 -59.62 -59.62
46 6190 -195.6 -195.6
14 6191 -225.21 -225.21
40 6191 -152.32 -152.32
14 6192 -344.62 -344.62
18 6192 224.05 224.05
44 6192 -48.37 -48.37
15 6193 -337.96 -337.96
41 6193 -15.94 -15.94
44 6193 29.43 29.43
15 6194 135.33 135.33
20 6194 137.08 137.08
33 6194 143.96 143.96
35 6194 141.14 141.14
38 6194 146.67 146.67
47 6194 150.85 150.85
15 6195 123.17 123.17
17 6195 126.23 126.23
33 6195 130.42 130.42
35 6195 128.2 128.2
38 6195 133.21 133.21
47 6195 136.92 136.92
15 6196 -371.56 -371.56
41 6196 -51.12 -51.12
15 6197 -221.43 -221.43
44 6197 191.91 191.91
15 6198 -41.7 -41.7
20 6198 -45.53 -45.53
39 6198 -20.49 -20.49
45 6198 -13.25 -13.25
16 6199 -53.57 -53.57
43 6199 -48.95 -48.95
16 6200 162.54 162.54
43 6200 133.36 133.36
16 6201 1.38 1.38
38 6201 -40.22 -40.22
47 6201 -42.8 -42.8
16 6202 156.23 156.23
22 6202 164.16 164.16
30 6202 146.17 146.17
34 6202 135.46 135.46
39 6202 132.33 132.33
45 6202 135.54 135.54
16 6203 169.99 169.99
30 6203 158.62 158.62
34 6203 146.86 146.86
39 6203 142.23 142.23
16 6204 175.99 175.99
30 6204 164.15 164.15
34 6204 151.93 151.93
43 6204 145.53 145.53
16 6205 179.76 179.76
30 6205 164.36 164.36
43 6205 141.54 141.54
16 6206 156.4 156.4
22 6206 164.85 164.85
30 6206 146.53 146.53
34 6206 135.65 135.65
39 6206 132.38 132.38
45 6206 135.59 135.59
16 6207 143.41 143.41
22 6207 151.76 151.76
30 6207 133.4 133.4
34 6207 122.46 122.46
16 6208 -59.51 -59.51
22 6208 -61.48 -61.48
30 6208 -60.77 -60.77
34 6208 -63.69 -63.69
39 6208 -54.2 -54.2
43 6208 -62.02 -62.02
16 6209 216.58 216.58
39 6209 159.78 159.78
16 6210 -100.61 -100.61
39 6210 -44.39 -44.39
16 6211 -130.97 -130.97
39 6211 -59.82 -59.82
16 6212 283.23 283.23
43 6212 210.05 210.05
45 6212 198.34 198.34
16 6213 -84.09 -84.09
30 6213 -83.22 -83.22
43 6213 -81.33 -81.33
16 6214 -45.29 -45.29
22 6214 -46.25 -46.25
30 6214 -47.01 -47.01
34 6214 -50.34 -50.34
39 6214 -41.61 -41.61
43 6214 -49.23 -49.23
16 6215 349.74 349.74
39 6215 301.22 301.22
16 6216 187.87 187.87
30 6216 173.45 173.45
34 6216 160.45 160.45
39 6216 152.12 152.12
43 6216 152.81 152.81
16 6217 167.77 167.77
30 6217 154.52 154.52
34 6217 140.9 140.9
39 6217 134.59 134.59
43 6217 134.06 134.06
45 6217 135.41 135.41
16 6218 169.57 169.57
30 6218 155.31 155.31
34 6218 142.47 142.47
43 6218 135.09 135.09
45 6218 136.69 136.69
17 6219 203.38 203.38
35 6219 212.97 212.97
38 6219 236.36 236.36
17 6220 -74.76 -74.76
35 6220 -79.42 -79.42
38 6220 -91.38 -91.38
47 6220 -97.04 -97.04
17 6221 -80.47 -80.47
33 6221 -91.7 -91.7
38 6221 -97.56 -97.56
17 6222 -46.08 -46.08
20 6222 -41.99 -41.99
35 6222 -49.75 -49.75
38 6222 -58.95 -58.95
47 6222 -62.97 -62.97
17 6223 110.65 110.65
33 6223 114.72 114.72
35 6223 113.32 113.32
38 6223 117.08 117.08
47 6223 119.31 119.31
17 6224 111.49 111.49
20 6224 109.94 109.94
35 6224 113.42 113.42
38 6224 118.47 118.47
47 6224 121.09 121.09
17 6225 -388.25 -388.25
40 6225 -9.22 -9.22
17 6226 -174.08 -174.08
35 6226 -188.01 -188.01
40 6226 276.46 276.46
17 6227 283.34 283.34
38 6227 337.95 337.95
17 6228 -273.57 -273.57
41 6228 156.52 156.52
48 6228 55.11 55.11
17 6229 -181.23 -181.23
38 6229 -230.22 -230.22
44 6229 342.04 342.04
17 6230 -36.47 -36.47
33 6230 -49.57 -49.57
35 6230 -42.93 -42.93
38 6230 -57.62 -57.62
47 6230 -66.77 -66.77
17 6231 -75.68 -75.68
38 6231 -159.71 -159.71
17 6232 -50.76 -50.76
33 6232 -59.45 -59.45
38 6232 -64.55 -64.55
17 6233 -54.21 -54.21
33 6233 -63.05 -63.05
35 6233 -58.41 -58.41
38 6233 -67.98 -67.98
47 6233 -72.86 -72.86
17 6234 -120.42 -120.42
33 6234 -136.75 -136.75
35 6234 -128.32 -128.32
38 6234 -146.6 -146.6
47 6234 -156.22 -156.22
17 6235 -120.42 -120.42
33 6235 -136.75 -136.75
35 6235 -128.32 -128.32
38 6235 -146.6 -146.6
47 6235 -156.22 -156.22
17 6236 175.78 175.78
33 6236 189.02 189.02
35 6236 181.83 181.83
38 6236 197.16 197.16
47 6236 207.36 207.36
17 6237 -174.31 -174.31
35 6237 -187.88 -187.88
38 6237 -219.99 -219.99
40 6237 306.22 306.22
41 6237 330.61 330.61
44 6237 356.3 356.3
46 6237 285.61 285.61
48 6237 266.54 266.54
17 6238 178.5 178.5
33 6238 191.16 191.16
38 6238 199.89 199.89
47 6238 210.18 210.18
17 6239 55.05 55.05
38 6239 65.46 65.46
17 6240 -76.53 -76.53
20 6240 -71.99 -71.99
35 6240 -80.86 -80.86
38 6240 -91.73 -91.73
47 6240 -95.6 -95.6
17 6241 158.4 158.4
20 6241 155.76 155.76
33 6241 165.32 165.32
38 6241 169.05 169.05
47 6241 174.07 174.07
17 6242 -178.25 -178.25
38 6242 -225.52 -225.52
47 6242 -245.27 -245.27
17 6243 -32.99 -32.99
20 6243 -26.99 -26.99
35 6243 -39.43 -39.43
38 6243 -53.8 -53.8
17 6244 61.98 61.98
38 6244 73.54 73.54
17 6245 108.95 108.95
33 6245 113.27 113.27
35 6245 111.46 111.46
38 6245 115.92 115.92
47 6245 118.8 118.8
17 6246 -109.47 -109.47
33 6246 -122.87 -122.87
35 6246 -117.96 -117.96
38 6246 -130.36 -130.36
47 6246 -139.77 -139.77
17 6247 44.03 44.03
20 6247 44.4 44.4
33 6247 46.52 46.52
35 6247 44.44 44.44
38 6247 48.68 48.68
47 6247 52.66 52.66
17 6248 -248.28 -248.28
38 6248 -344.27 -344.27
19 6249 328.53 328.53
41 6249 284.21 284.21
19 6250 329.68 329.68
42 6250 371.94 371.94
20 6251 123.53 123.53
33 6251 129.75 129.75
35 6251 127.66 127.66
38 6251 132.9 132.9
47 6251 136.29 136.29
20 6252 301.68 301.68
38 6252 395.23 395.23
20 6253 -123.61 -123.61
38 6253 -180.46 -180.46
20 6254 -164.44 -164.44
38 6254 -225.54 -225.54
41 6254 322.78 322.78
44 6254 348.65 348.65
46 6254 276.85 276.85
47 6254 -244.99 -244.99
20 6255 -374.05 -374.05
25 6255 202.46 202.46
41 6255 -1.39999 -1.39999
46 6255 -90.66 -90.66
21 6256 324.65 324.65
44 6256 -106.61 -106.61
21 6257 -26.19 -26.19
42 6257 237.76 237.76
22 6258 397.47 397.47
43 6258 268.81 268.81
22 6259 383.61 383.61
39 6259 225.49 225.49
22 6260 -326.58 -326.58
42 6260 -124.66 -124.66
22 6261 -55.51 -55.51
43 6261 -53.55 -53.55
22 6262 173.68 173.68
43 6262 129.37 129.37
22 6263 364.57 364.57
39 6263 214.87 214.87
22 6264 354.36 354.36
43 6264 212.8 212.8
23 6265 355.91 355.91
44 6265 197.83 197.83
23 6266 -203.79 -203.79
42 6266 72.91 72.91
24 6267 33.57 33.57
41 6267 -324.61 -324.61
24 6268 22.82 22.82
40 6268 -405.52 -405.52
24 6269 138.97 138.97
44 6269 -138.01 -138.01
48 6269 -356.19 -356.19
25 6270 36.47 36.47
40 6270 -283.72 -283.72
25 6271 53.5 53.5
40 6271 -259.43 -259.43
41 6271 -201.78 -201.78
44 6271 -144.9 -144.9
46 6271 -313.4 -313.4
48 6271 -367.41 -367.41
25 6272 142.93 142.93
40 6272 -128.93 -128.93
25 6273 179.86 179.86
40 6273 -77.29 -77.29
41 6273 -30.58 -30.58
44 6273 15.63 15.63
46 6273 -120.99 -120.99
48 6273 -166.29 -166.29
25 6274 344.35 344.35
44 6274 217.77 217.77
25 6275 55.44 55.44
40 6275 -248.43 -248.43
41 6275 -194.38 -194.38
25 6276 55.6 55.6
41 6276 -192.91 -192.91
25 6277 -74.61 -74.61
41 6277 -349.91 -349.91
25 6278 98.16 98.16
44 6278 -68.84 -68.84
46 6278 -206.94 -206.94
25 6279 -38.25 -38.25
40 6279 -384.43 -384.43
41 6279 -324.81 -324.81
25 6280 323.38 323.38
40 6280 134.69 134.69
41 6280 167.09 167.09
46 6280 104.54 104.54
25 6281 -47.77 -47.77
40 6281 -372.15 -372.15
41 6281 -312.97 -312.97
44 6281 -253.9 -253.9
25 6282 -47.77 -47.77
40 6282 -372.15 -372.15
41 6282 -312.97 -312.97
44 6282 -253.9 -253.9
25 6283 203.72 203.72
44 6283 45.77 45.77
25 6284 345.69 345.69
44 6284 217.62 217.62
25 6285 186.33 186.33
44 6285 -28.27 -28.27
25 6286 -58.26 -58.26
41 6286 -327.73 -327.73
25 6287 364.36 364.36
38 6287 -321.96 -321.96
47 6287 -363.07 -363.07
25 6288 357.14 357.14
40 6288 171.49 171.49
41 6288 203.41 203.41
44 6288 236.14 236.14
46 6288 142.62 142.62
47 6288 -371.14 -371.14
25 6289 194.32 194.32
40 6289 -55.75 -55.75
41 6289 -10 -10
44 6289 35.04 35.04
46 6289 -98.82 -98.82
48 6289 -142.86 -142.86
26 6290 -93.25 -93.25
42 6290 131.77 131.77
27 6291 130.01 130.01
41 6291 -157.09 -157.09
27 6292 20.7 20.7
40 6292 -338.36 -338.36
46 6292 -391.38 -391.38
27 6293 106.72 106.72
40 6293 -244.98 -244.98
46 6293 -298.52 -298.52
28 6294 363.41 363.41
44 6294 123.07 123.07
28 6295 -159.44 -159.44
42 6295 54.14 54.14
28 6296 -88.75 -88.75
42 6296 177.96 177.96
29 6297 -391.65 -391.65
42 6297 -203.22 -203.22
29 6298 -224.98 -224.98
42 6298 -64.47 -64.47
29 6299 -86.47 -86.47
42 6299 64.7 64.7
29 6300 -139.31 -139.31
42 6300 88.32 88.32
29 6301 215.87 215.87
42 6301 360.31 360.31
29 6302 211.52 211.52
42 6302 359.36 359.36
29 6303 -295.7 -295.7
42 6303 -124.22 -124.22
29 6304 -247.75 -247.75
42 6304 -182.41 -182.41
29 6305 311.89 311.89
36 6305 367.28 367.28
29 6306 304.24 304.24
36 6306 360.11 360.11
29 6307 304.24 304.24
36 6307 360.11 360.11
29 6308 -292.64 -292.64
42 6308 -121.87 -121.87
29 6309 162.31 162.31
42 6309 293.41 293.41
29 6310 204.61 204.61
42 6310 350.2 350.2
29 6311 75.19 75.19
42 6311 184.46 184.46
29 6312 -215 -215
42 6312 -56.93 -56.93
29 6313 -215 -215
42 6313 -56.93 -56.93
29 6314 235.85 235.85
36 6314 292.08 292.08
29 6315 271.17 271.17
36 6315 323.47 323.47
29 6316 -341.2 -341.2
42 6316 -99.25 -99.25
29 6317 120.94 120.94
42 6317 223.04 223.04
29 6318 -337.42 -337.42
42 6318 -97.78 -97.78
29 6319 287.34 287.34
36 6319 341.9 341.9
29 6320 277.21 277.21
36 6320 329.7 329.7
29 6321 277.21 277.21
36 6321 329.7 329.7
30 6322 -91.44 -91.44
34 6322 -89.47 -89.47
43 6322 -83.76 -83.76
30 6323 -86.29 -86.29
34 6323 -84.85 -84.85
39 6323 -70.17 -70.17
43 6323 -79.85 -79.85
45 6323 -59.17 -59.17
30 6324 107.51 107.51
34 6324 99.22 99.22
39 6324 97.92 97.92
45 6324 101.37 101.37
30 6325 -349.18 -349.18
42 6325 -310.21 -310.21
30 6326 -116.93 -116.93
43 6326 -108.36 -108.36
30 6327 296.37 296.37
43 6327 232.24 232.24
30 6328 -70.8 -70.8
34 6328 -69.68 -69.68
43 6328 -64.62 -64.62
30 6329 -54.49 -54.49
39 6329 -45.81 -45.81
30 6330 -357.75 -357.75
43 6330 -273.79 -273.79
30 6331 -313.39 -313.39
43 6331 -247.45 -247.45
30 6332 290.52 290.52
39 6332 225.83 225.83
30 6333 -357.26 -357.26
42 6333 -312.71 -312.71
30 6334 -206.24 -206.24
34 6334 -184.53 -184.53
30 6335 -161.57 -161.57
34 6335 -146.41 -146.41
30 6336 -155.65 -155.65
34 6336 -140.66 -140.66
39 6336 -107.26 -107.26
43 6336 -124.71 -124.71
30 6337 145.46 145.46
34 6337 134.57 134.57
39 6337 129.99 129.99
43 6337 129.02 129.02
30 6338 -354.37 -354.37
42 6338 -317.96 -317.96
30 6339 -354.37 -354.37
42 6339 -317.96 -317.96
30 6340 -350.68 -350.68
42 6340 -312.19 -312.19
30 6341 185.19 185.19
39 6341 157.3 157.3
43 6341 158.89 158.89
30 6342 188.96 188.96
43 6342 159.74 159.74
30 6343 -202.05 -202.05
34 6343 -180.92 -180.92
30 6344 -73.51 -73.51
34 6344 -72.76 -72.76
39 6344 -59.04 -59.04
43 6344 -68.07 -68.07
30 6345 142.26 142.26
34 6345 131.31 131.31
39 6345 127.38 127.38
43 6345 126.21 126.21
45 6345 130.15 130.15
30 6346 -220.89 -220.89
39 6346 -162.97 -162.97
43 6346 -185.02 -185.02
30 6347 186.28 186.28
43 6347 157.52 157.52
45 6347 156.54 156.54
30 6348 186.28 186.28
43 6348 157.52 157.52
30 6349 -52.23 -52.23
34 6349 -51.27 -51.27
39 6349 -40 -40
30 6350 -360.04 -360.04
42 6350 -326.85 -326.85
30 6351 323.24 323.24
34 6351 291.69 291.69
30 6352 323.24 323.24
34 6352 291.69 291.69
43 6352 271.79 271.79
30 6353 -219.59 -219.59
34 6353 -198.53 -198.53
30 6354 292.26 292.26
34 6354 260.42 260.42
30 6355 270.06 270.06
34 6355 241.87 241.87
30 6356 -366.78 -366.78
42 6356 -336.43 -336.43
30 6357 393.67 393.67
43 6357 323.09 323.09
30 6358 210.96 210.96
39 6358 176.58 176.58
45 6358 174.91 174.91
30 6359 -150.84 -150.84
34 6359 -136.27 -136.27
30 6360 -211.28 -211.28
34 6360 -189.46 -189.46
30 6361 -211.28 -211.28
34 6361 -189.46 -189.46
30 6362 -78.75 -78.75
34 6362 -77.67 -77.67
39 6362 -63.49 -63.49
30 6363 -147.28 -147.28
34 6363 -133.12 -133.12
39 6363 -101.06 -101.06
43 6363 -117.8 -117.8
45 6363 -83.95 -83.95
30 6364 374.84 374.84
39 6364 291.41 291.41
43 6364 305.05 305.05
30 6365 127.84 127.84
34 6365 116.67 116.67
39 6365 110.47 110.47
43 6365 109.21 109.21
45 6365 112.85 112.85
30 6366 341.18 341.18
39 6366 267.6 267.6
43 6366 279.91 279.91
45 6366 259.12 259.12
30 6367 -85.12 -85.12
34 6367 -82.99 -82.99
39 6367 -67.61 -67.61
43 6367 -78.02 -78.02
30 6368 318.94 318.94
39 6368 246.08 246.08
31 6369 -19.93 -19.93
41 6369 -235.26 -235.26
31 6370 219.22 219.22
44 6370 106.57 106.57
31 6371 137.03 137.03
41 6371 -33.75 -33.75
46 6371 -124.57 -124.57
48 6371 -169.47 -169.47
31 6372 137.03 137.03
41 6372 -33.75 -33.75
46 6372 -124.57 -124.57
48 6372 -169.47 -169.47
31 6373 86.78 86.78
44 6373 -47.08 -47.08
46 6373 -195.32 -195.32
31 6374 321.46 321.46
38 6374 -340.91 -340.91
31 6375 -55.33 -55.33
44 6375 -219.75 -219.75
31 6376 363.72 363.72
38 6376 -287.52 -287.52
47 6376 -320.78 -320.78
48 6376 157.79 157.79
31 6377 67.86 67.86
41 6377 -102.58 -102.58
44 6377 -56.76 -56.76
46 6377 -192.31 -192.31
48 6377 -235.52 -235.52
31 6378 335.58 335.58
40 6378 177.35 177.35
31 6379 347.53 347.53
40 6379 191.76 191.76
46 6379 162.47 162.47
47 6379 -345.28 -345.28
31 6380 53.23 53.23
40 6380 -201.96 -201.96
44 6380 -92.23 -92.23
46 6380 -254.5 -254.5
31 6381 -4.85001 -4.85001
44 6381 -155.65 -155.65
32 6382 10.46 10.46
44 6382 -52.46 -52.46
32 6383 364.52 364.52
44 6383 329.42 329.42
32 6384 365.11 365.11
41 6384 294.03 294.03
44 6384 329.68 329.68
32 6385 -100.32 -100.32
40 6385 -271.76 -271.76
41 6385 -213.23 -213.23
44 6385 -155.71 -155.71
46 6385 -326.38 -326.38
48 6385 -380.89 -380.89
32 6386 -134.77 -134.77
40 6386 -312.48 -312.48
41 6386 -251.99 -251.99
44 6386 -192.61 -192.61
46 6386 -369.63 -369.63
32 6387 -124.96 -124.96
40 6387 -301.91 -301.91
41 6387 -241.68 -241.68
44 6387 -182.26 -182.26
46 6387 -358.25 -358.25
32 6388 -131.15 -131.15
44 6388 -188.74 -188.74
32 6389 -109.74 -109.74
44 6389 -165.91 -165.91
32 6390 -85.27 -85.27
40 6390 -253.53 -253.53
41 6390 -196.14 -196.14
46 6390 -307.15 -307.15
48 6390 -361.02 -361.02
32 6391 -102.56 -102.56
40 6391 -274.62 -274.62
41 6391 -216 -216
46 6391 -329.49 -329.49
48 6391 -384.11 -384.11
32 6392 -114.08 -114.08
40 6392 -288.46 -288.46
41 6392 -228.94 -228.94
46 6392 -344.17 -344.17
48 6392 -399.53 -399.53
32 6393 -114.08 -114.08
40 6393 -288.46 -288.46
48 6393 -399.53 -399.53
32 6394 136.26 136.26
41 6394 53.72 53.72
44 6394 95.57 95.57
32 6395 -156 -156
44 6395 -216.33 -216.33
32 6396 -149.19 -149.19
40 6396 -332.5 -332.5
46 6396 -390.75 -390.75
32 6397 -144.2 -144.2
40 6397 -325.62 -325.62
41 6397 -263.54 -263.54
46 6397 -383.44 -383.44
32 6398 -53.98 -53.98
40 6398 -215.36 -215.36
44 6398 -106.32 -106.32
32 6399 -85.68 -85.68
40 6399 -253.99 -253.99
41 6399 -196.7 -196.7
44 6399 -140.18 -140.18
46 6399 -308.02 -308.02
32 6400 -85.68 -85.68
40 6400 -253.99 -253.99
41 6400 -196.7 -196.7
44 6400 -140.18 -140.18
46 6400 -308.02 -308.02
32 6401 -95.1 -95.1
40 6401 -265.61 -265.61
41 6401 -207.4 -207.4
44 6401 -150.19 -150.19
46 6401 -320.08 -320.08
48 6401 -374.3 -374.3
32 6402 -149.07 -149.07
44 6402 -208.05 -208.05
32 6403 -129.95 -129.95
41 6403 -247.64 -247.64
44 6403 -187.46 -187.46
32 6404 -136.91 -136.91
40 6404 -316.93 -316.93
41 6404 -255.51 -255.51
44 6404 -195.12 -195.12
46 6404 -373.83 -373.83
32 6405 -19.76 -19.76
40 6405 -173.63 -173.63
44 6405 -69.65 -69.65
32 6406 -19.76 -19.76
40 6406 -173.42 -173.42
48 6406 -272.68 -272.68
32 6407 -97.74 -97.74
40 6407 -268.88 -268.88
48 6407 -378.13 -378.13
32 6408 248.81 248.81
38 6408 -357.16 -357.16
40 6408 146.13 146.13
46 6408 114 114
32 6409 368.4 368.4
40 6409 277.96 277.96
41 6409 307.04 307.04
46 6409 250.99 250.99
32 6410 229.5 229.5
44 6410 194.5 194.5
32 6411 60.39 60.39
41 6411 -72.45 -72.45
48 6411 -284.04 -284.04
32 6412 253.86 253.86
33 6412 -309.58 -309.58
38 6412 -349.64 -349.64
40 6412 151.87 151.87
41 6412 185.73 185.73
46 6412 120.55 120.55
48 6412 89.04 89.04
32 6413 296.41 296.41
33 6413 -266.81 -266.81
44 6413 265.05 265.05
47 6413 -333.34 -333.34
32 6414 6.16 6.16
44 6414 -37.08 -37.08
32 6415 276.29 276.29
38 6415 -320.7 -320.7
40 6415 179.89 179.89
41 6415 211.69 211.69
47 6415 -360.71 -360.71
32 6416 272.58 272.58
33 6416 -289.96 -289.96
38 6416 -324.43 -324.43
41 6416 207.76 207.76
44 6416 240.66 240.66
47 6416 -365.76 -365.76
32 6417 156.86 156.86
40 6417 38.48 38.48
32 6418 189.08 189.08
44 6418 152.42 152.42
32 6419 234.76 234.76
33 6419 -331.07 -331.07
41 6419 169.58 169.58
44 6419 202.58 202.58
32 6420 200.54 200.54
40 6420 93.5 93.5
41 6420 129.21 129.21
44 6420 165.46 165.46
46 6420 60.23 60.23
48 6420 26.48 26.48
32 6421 -283.6 -283.6
44 6421 -347.57 -347.57
32 6422 -87.61 -87.61
44 6422 -141.98 -141.98
32 6423 203.06 203.06
40 6423 97.42 97.42
41 6423 132.18 132.18
46 6423 64.37 64.37
48 6423 31.12 31.12
32 6424 203.06 203.06
41 6424 132.18 132.18
46 6424 64.37 64.37
32 6425 310.52 310.52
40 6425 222.29 222.29
41 6425 250.64 250.64
44 6425 281.14 281.14
47 6425 -312.67 -312.67
32 6426 -197.7 -197.7
40 6426 -372.21 -372.21
44 6426 -253.83 -253.83
32 6427 360.96 360.96
44 6427 295.98 295.98
32 6428 338.07 338.07
41 6428 135.53 135.53
32 6429 -190.21 -190.21
44 6429 -335.81 -335.81
32 6430 58.38 58.38
40 6430 42.16 42.16
32 6431 157.53 157.53
44 6431 -30.85 -30.85
32 6432 200.47 200.47
44 6432 8.31 8.31
32 6433 373.81 373.81
41 6433 303.52 303.52
44 6433 338.44 338.44
32 6434 92.77 92.77
44 6434 46.77 46.77
32 6435 -112.19 -112.19
40 6435 -286.67 -286.67
41 6435 -227.01 -227.01
46 6435 -342.12 -342.12
48 6435 -397.47 -397.47
32 6436 -112.19 -112.19
40 6436 -286.67 -286.67
41 6436 -227.01 -227.01
46 6436 -342.12 -342.12
48 6436 -397.47 -397.47
32 6437 72.51 72.51
41 6437 -17.07 -17.07
32 6438 38.33 38.33
44 6438 -25.47 -25.47
32 6439 -22.95 -22.95
41 6439 -114.85 -114.85
32 6440 -221.35 -221.35
41 6440 -298.64 -298.64
32 6441 371.95 371.95
44 6441 345.59 345.59
46 6441 273.61 273.61
32 6442 -264.09 -264.09
44 6442 -394.75 -394.75
32 6443 -187.89 -187.89
44 6443 -334.29 -334.29
32 6444 -7.42001 -7.42001
44 6444 -180.18 -180.18
32 6445 -10.58 -10.58
44 6445 -184.13 -184.13
32 6446 -54.27 -54.27
44 6446 -221.6 -221.6
32 6447 167.93 167.93
44 6447 -22.27 -22.27
32 6448 371.74 371.74
44 6448 336.38 336.38
32 6449 375.68 375.68
40 6449 271.26 271.26
44 6449 339.84 339.84
46 6449 241.72 241.72
48 6449 213.94 213.94
32 6450 375.68 375.68
40 6450 271.26 271.26
44 6450 339.84 339.84
46 6450 241.72 241.72
32 6451 376.42 376.42
41 6451 304.89 304.89
44 6451 340.53 340.53
32 6452 71.11 71.11
44 6452 24.84 24.84
32 6453 -136.13 -136.13
41 6453 -254.72 -254.72
32 6454 -74.42 -74.42
40 6454 -241.57 -241.57
41 6454 -184.41 -184.41
44 6454 -128.05 -128.05
46 6454 -295.6 -295.6
48 6454 -349.49 -349.49
32 6455 -74.42 -74.42
40 6455 -241.57 -241.57
41 6455 -184.41 -184.41
44 6455 -128.05 -128.05
48 6455 -349.49 -349.49
32 6456 375.05 375.05
33 6456 -208.44 -208.44
44 6456 342.69 342.69
32 6457 39.83 39.83
44 6457 -24.76 -24.76
32 6458 94.97 94.97
40 6458 -39.5 -39.5
32 6459 -336.72 -336.72
44 6459 -408.68 -408.68
32 6460 346.27 346.27
40 6460 258.51 258.51
46 6460 232.98 232.98
32 6461 165.88 165.88
44 6461 126.22 126.22
32 6462 192.19 192.19
40 6462 79.38 79.38
32 6463 269.15 269.15
33 6463 -293.9 -293.9
38 6463 -328.27 -328.27
44 6463 237.31 237.31
32 6464 205.97 205.97
33 6464 -368.25 -368.25
44 6464 171.35 171.35
32 6465 200.96 200.96
44 6465 119.71 119.71
32 6466 1.51999 1.51999
44 6466 -247.14 -247.14
32 6467 368.81 368.81
41 6467 316.2 316.2
46 6467 269.96 269.96
48 6467 249.63 249.63
32 6468 368.81 368.81
41 6468 316.2 316.2
46 6468 269.96 269.96
47 6468 -250.34 -250.34
32 6469 -134.44 -134.44
44 6469 -187.98 -187.98
32 6470 4.26999 4.26999
44 6470 -154.77 -154.77
32 6471 329.99 329.99
38 6471 -351.84 -351.84
32 6472 -47.13 -47.13
44 6472 -215.81 -215.81
32 6473 -47.13 -47.13
44 6473 -215.81 -215.81
32 6474 39.48 39.48
44 6474 -23.3 -23.3
32 6475 278.07 278.07
38 6475 -318.66 -318.66
40 6475 180.18 180.18
41 6475 212.49 212.49
44 6475 245.48 245.48
46 6475 150.44 150.44
47 6475 -360.39 -360.39
48 6475 120.8 120.8
32 6476 278.07 278.07
38 6476 -318.66 -318.66
40 6476 180.18 180.18
41 6476 212.49 212.49
44 6476 245.48 245.48
46 6476 150.44 150.44
47 6476 -360.39 -360.39
48 6476 120.8 120.8
32 6477 203.37 203.37
33 6477 -371.71 -371.71
40 6477 99.48 99.48
41 6477 134.27 134.27
44 6477 169.53 169.53
46 6477 66.88 66.88
32 6478 211.02 211.02
40 6478 109.17 109.17
41 6478 142.88 142.88
44 6478 177.79 177.79
46 6478 78.21 78.21
48 6478 47.72 47.72
32 6479 347.62 347.62
44 6479 253.4 253.4
32 6480 347.62 347.62
44 6480 253.4 253.4
32 6481 363.19 363.19
40 6481 261.24 261.24
41 6481 294.03 294.03
44 6481 328.99 328.99
32 6482 370.8 370.8
44 6482 337.95 337.95
32 6483 284.08 284.08
33 6483 -278.98 -278.98
38 6483 -310.59 -310.59
41 6483 221.05 221.05
44 6483 252.99 252.99
46 6483 159.46 159.46
32 6484 162.39 162.39
44 6484 123.82 123.82
32 6485 310.82 310.82
44 6485 217.97 217.97
32 6486 -293.57 -293.57
44 6486 -357.77 -357.77
32 6487 -233.8 -233.8
41 6487 -354.13 -354.13
32 6488 219.32 219.32
44 6488 186.64 186.64
32 6489 -121.51 -121.51
44 6489 -277.39 -277.39
32 6490 255.95 255.95
44 6490 222.49 222.49
32 6491 -86.53 -86.53
44 6491 -234.08 -234.08
32 6492 86.94 86.94
41 6492 -7.60001 -7.60001
44 6492 40.55 40.55
32 6493 -145.12 -145.12
40 6493 -297.68 -297.68
32 6494 -9.89999 -9.89999
44 6494 -178.92 -178.92
32 6495 346.69 346.69
44 6495 323.14 323.14
32 6496 204.21 204.21
44 6496 172.61 172.61
33 6497 -182.63 -182.63
38 6497 -205.63 -205.63
33 6498 -128.48 -128.48
38 6498 -143.95 -143.95
33 6499 -136.4 -136.4
38 6499 -153.39 -153.39
33 6500 -188.52 -188.52
38 6500 -208.67 -208.67
47 6500 -232.45 -232.45
33 6501 234.66 234.66
38 6501 249.79 249.79
47 6501 266.89 266.89
33 6502 -154.95 -154.95
38 6502 -173.11 -173.11
33 6503 369.41 369.41
38 6503 400.64 400.64
33 6504 359.92 359.92
38 6504 389.22 389.22
33 6505 345.64 345.64
38 6505 372.55 372.55
33 6506 319.64 319.64
38 6506 342.89 342.89
47 6506 368.75 368.75
33 6507 343.04 343.04
38 6507 369.21 369.21
33 6508 348.91 348.91
38 6508 376.17 376.17
33 6509 -330.28 -330.28
38 6509 -375.68 -375.68
33 6510 366.69 366.69
38 6510 397.13 397.13
33 6511 -276.83 -276.83
38 6511 -304.12 -304.12
40 6511 204.41 204.41
44 6511 258.17 258.17
46 6511 180.83 180.83
47 6511 -335.81 -335.81
33 6512 -279.39 -279.39
38 6512 -312.75 -312.75
40 6512 186.14 186.14
33 6513 363.83 363.83
38 6513 393.81 393.81
33 6514 -327.88 -327.88
38 6514 -371.44 -371.44
33 6515 -319.27 -319.27
38 6515 -361.87 -361.87
33 6516 -295.71 -295.71
38 6516 -332.41 -332.41
47 6516 -377.2 -377.2
33 6517 338.69 338.69
38 6517 363.85 363.85
47 6517 394.64 394.64
33 6518 -304.24 -304.24
41 6518 221.99 221.99
47 6518 -347.39 -347.39
33 6519 -309.98 -309.98
40 6519 150.96 150.96
33 6520 -294.63 -294.63
38 6520 -331.19 -331.19
47 6520 -375.47 -375.47
33 6521 -294.63 -294.63
38 6521 -331.19 -331.19
47 6521 -375.47 -375.47
33 6522 319.45 319.45
35 6522 301.56 301.56
38 6522 341.6 341.6
47 6522 368.3 368.3
33 6523 -182.49 -182.49
44 6523 -408.78 -408.78
33 6524 -303.87 -303.87
44 6524 225.49 225.49
33 6525 -330.21 -330.21
38 6525 -375.4 -375.4
40 6525 131.13 131.13
41 6525 166.05 166.05
33 6526 -326.15 -326.15
40 6526 134.49 134.49
33 6527 -217 -217
38 6527 -236.92 -236.92
44 6527 333.23 333.23
33 6528 -327.41 -327.41
38 6528 -368.78 -368.78
48 6528 82.46 82.46
33 6529 -250.75 -250.75
40 6529 227.94 227.94
41 6529 256.42 256.42
46 6529 202.54 202.54
47 6529 -306.44 -306.44
33 6530 -76.86 -76.86
38 6530 -90.09 -90.09
47 6530 -106.32 -106.32
33 6531 -235.76 -235.76
40 6531 246.77 246.77
41 6531 275.46 275.46
44 6531 305.2 305.2
47 6531 -286.9 -286.9
48 6531 196.22 196.22
33 6532 -247.48 -247.48
44 6532 288.38 288.38
33 6533 -112.74 -112.74
38 6533 -142.49 -142.49
33 6534 -112.74 -112.74
38 6534 -142.49 -142.49
33 6535 -382 -382
40 6535 88.37 88.37
46 6535 54.8 54.8
33 6536 -379.2 -379.2
40 6536 90.96 90.96
41 6536 126.36 126.36
46 6536 57.38 57.38
33 6537 -379.2 -379.2
41 6537 126.36 126.36
33 6538 231.13 231.13
38 6538 257.21 257.21
33 6539 294.26 294.26
38 6539 345.5 345.5
33 6540 239.47 239.47
38 6540 274.97 274.97
47 6540 327.52 327.52
33 6541 276.01 276.01
38 6541 321.93 321.93
47 6541 391.74 391.74
33 6542 327.61 327.61
38 6542 390.18 390.18
33 6543 321.37 321.37
38 6543 381.98 381.98
33 6544 321.37 321.37
38 6544 381.98 381.98
33 6545 -225.09 -225.09
38 6545 -309.04 -309.04
33 6546 -225.09 -225.09
38 6546 -309.04 -309.04
33 6547 -207.93 -207.93
38 6547 -232.4 -232.4
47 6547 -261.58 -261.58
33 6548 -207.31 -207.31
38 6548 -232.07 -232.07
47 6548 -262.55 -262.55
33 6549 -148.03 -148.03
38 6549 -166.6 -166.6
33 6550 -154.52 -154.52
38 6550 -174.62 -174.62
33 6551 -200.46 -200.46
38 6551 -224.61 -224.61
47 6551 -252.31 -252.31
33 6552 -134.14 -134.14
38 6552 -149.72 -149.72
47 6552 -168.54 -168.54
33 6553 247.49 247.49
38 6553 265.52 265.52
33 6554 249.04 249.04
38 6554 264.77 264.77
33 6555 242.25 242.25
38 6555 258.03 258.03
47 6555 275.84 275.84
33 6556 338.86 338.86
38 6556 364.62 364.62
33 6557 328.6 328.6
35 6557 309.64 309.64
38 6557 352.42 352.42
47 6557 380.85 380.85
33 6558 338.9 338.9
38 6558 364.6 364.6
47 6558 395.58 395.58
33 6559 338.9 338.9
38 6559 364.6 364.6
47 6559 395.58 395.58
33 6560 -213.21 -213.21
41 6560 311.92 311.92
44 6560 338.93 338.93
47 6560 -254.02 -254.02
33 6561 -334 -334
44 6561 200.03 200.03
46 6561 104.33 104.33
33 6562 -330.85 -330.85
38 6562 -373.26 -373.26
40 6562 137.32 137.32
41 6562 169.59 169.59
44 6562 202.66 202.66
46 6562 107.66 107.66
33 6563 -53.87 -53.87
35 6563 -46.31 -46.31
38 6563 -61.95 -61.95
33 6564 158.01 158.01
35 6564 150.72 150.72
38 6564 167.24 167.24
47 6564 179.12 179.12
33 6565 199.24 199.24
35 6565 183.43 183.43
38 6565 220.34 220.34
47 6565 247.98 247.98
33 6566 -333.96 -333.96
38 6566 -377.06 -377.06
33 6567 209.39 209.39
38 6567 231.6 231.6
47 6567 262.51 262.51
33 6568 -89.08 -89.08
38 6568 -114.73 -114.73
33 6569 325.06 325.06
38 6569 386.06 386.06
33 6570 245.41 245.41
38 6570 278.72 278.72
33 6571 -315.77 -315.77
44 6571 158.84 158.84
33 6572 -179.19 -179.19
38 6572 -201.49 -201.49
33 6573 258.36 258.36
35 6573 246.86 246.86
38 6573 276.16 276.16
33 6574 233.56 233.56
35 6574 224.36 224.36
38 6574 250.11 250.11
33 6575 -177.41 -177.41
38 6575 -197.39 -197.39
33 6576 236.16 236.16
35 6576 226.2 226.2
38 6576 251.21 251.21
33 6577 -170.62 -170.62
38 6577 -189.57 -189.57
33 6578 337.07 337.07
38 6578 362.1 362.1
47 6578 392.32 392.32
33 6579 -207.32 -207.32
35 6579 -192.27 -192.27
38 6579 -225.4 -225.4
33 6580 152.95 152.95
35 6580 145.9 145.9
38 6580 161.91 161.91
33 6581 152.95 152.95
35 6581 145.9 145.9
38 6581 161.91 161.91
33 6582 279.82 279.82
38 6582 325.83 325.83
33 6583 226.76 226.76
38 6583 252.55 252.55
33 6584 -361.27 -361.27
41 6584 -43.52 -43.52
44 6584 96 96
33 6585 249.88 249.88
38 6585 265.51 265.51
33 6586 -168.31 -168.31
38 6586 -186.22 -186.22
33 6587 -168.31 -168.31
38 6587 -186.22 -186.22
33 6588 364.23 364.23
35 6588 340.6 340.6
38 6588 392.78 392.78
33 6589 -91.29 -91.29
38 6589 -111.41 -111.41
47 6589 -138.9 -138.9
33 6590 239.88 239.88
38 6590 266.81 266.81
47 6590 303.51 303.51
33 6591 -220.43 -220.43
38 6591 -274.34 -274.34
33 6592 -171.45 -171.45
38 6592 -193.69 -193.69
33 6593 -153.65 -153.65
38 6593 -173.84 -173.84
33 6594 189.67 189.67
38 6594 201.77 201.77
33 6595 264.71 264.71
38 6595 283.36 283.36
47 6595 305.2 305.2
33 6596 264.71 264.71
38 6596 283.36 283.36
33 6597 -171.69 -171.69
38 6597 -191.64 -191.64
47 6597 -214.81 -214.81
33 6598 250.46 250.46
35 6598 240.17 240.17
38 6598 266.35 266.35
33 6599 340.44 340.44
38 6599 365.1 365.1
33 6600 -367.11 -367.11
41 6600 -43.54 -43.54
44 6600 94.49 94.49
33 6601 -149.62 -149.62
38 6601 -169.21 -169.21
47 6601 -193.13 -193.13
33 6602 -211.76 -211.76
38 6602 -235.4 -235.4
33 6603 271.43 271.43
38 6603 290.6 290.6
33 6604 354.07 354.07
35 6604 331.77 331.77
38 6604 381.93 381.93
33 6605 317.89 317.89
35 6605 300.18 300.18
38 6605 339.19 339.19
33 6606 -59.55 -59.55
35 6606 -51.65 -51.65
38 6606 -68.81 -68.81
47 6606 -79 -79
33 6607 335.72 335.72
38 6607 396.65 396.65
33 6608 -174.85 -174.85
38 6608 -197.66 -197.66
33 6609 -207.91 -207.91
38 6609 -233.03 -233.03
33 6610 -183.57 -183.57
38 6610 -206.14 -206.14
33 6611 -183.57 -183.57
38 6611 -206.14 -206.14
33 6612 226.76 226.76
38 6612 240.79 240.79
47 6612 257.22 257.22
33 6613 -210.93 -210.93
38 6613 -235.72 -235.72
33 6614 -145.57 -145.57
38 6614 -162.07 -162.07
47 6614 -182.78 -182.78
33 6615 -182.56 -182.56
38 6615 -203.09 -203.09
33 6616 -243.8 -243.8
38 6616 -267.88 -267.88
44 6616 295.35 295.35
46 6616 213.59 213.59
47 6616 -295.96 -295.96
33 6617 -102.61 -102.61
38 6617 -125.49 -125.49
47 6617 -156.44 -156.44
33 6618 -176.05 -176.05
35 6618 -162.3 -162.3
38 6618 -194 -194
33 6619 217.79 217.79
38 6619 241.36 241.36
33 6620 200.25 200.25
38 6620 212.57 212.57
33 6621 137.66 137.66
35 6621 131.5 131.5
38 6621 145.31 145.31
33 6622 137.66 137.66
35 6622 131.5 131.5
38 6622 145.31 145.31
47 6622 155.42 155.42
33 6623 -166.29 -166.29
38 6623 -183.29 -183.29
33 6624 232.76 232.76
38 6624 267.55 267.55
33 6625 -106.48 -106.48
35 6625 -96.68 -96.68
38 6625 -119.63 -119.63
47 6625 -132.23 -132.23
34 6626 -120.96 -120.96
43 6626 -106.97 -106.97
34 6627 -135.07 -135.07
39 6627 -103.74 -103.74
43 6627 -120.61 -120.61
34 6628 -351.49 -351.49
43 6628 -303.49 -303.49
34 6629 -113.15 -113.15
43 6629 -100.44 -100.44
34 6630 -113.15 -113.15
43 6630 -100.44 -100.44
34 6631 -187.97 -187.97
43 6631 -166.82 -166.82
34 6632 -111.63 -111.63
39 6632 -84.38 -84.38
43 6632 -99.26 -99.26
34 6633 172.42 172.42
43 6633 161.31 161.31
34 6634 245.92 245.92
43 6634 227.67 227.67
45 6634 213.38 213.38
34 6635 -160.12 -160.12
43 6635 -143.58 -143.58
34 6636 -77.31 -77.31
39 6636 -62.73 -62.73
43 6636 -72.42 -72.42
45 6636 -52.04 -52.04
34 6637 -277.96 -277.96
39 6637 -214.73 -214.73
34 6638 -308.18 -308.18
43 6638 -270.26 -270.26
34 6639 -155.43 -155.43
43 6639 -140.53 -140.53
34 6640 -388.91 -388.91
43 6640 -331.51 -331.51
34 6641 329.78 329.78
39 6641 287.93 287.93
43 6641 302.31 302.31
45 6641 277.1 277.1
34 6642 -328 -328
43 6642 -287.81 -287.81
34 6643 -271.54 -271.54
39 6643 -208.67 -208.67
43 6643 -240.69 -240.69
34 6644 -271.86 -271.86
43 6644 -240.93 -240.93
34 6645 -79.25 -79.25
43 6645 -67.15 -67.15
34 6646 -84.44 -84.44
43 6646 -72.88 -72.88
34 6647 -100.81 -100.81
39 6647 -67.33 -67.33
34 6648 -73.97 -73.97
39 6648 -47.29 -47.29
34 6649 115.44 115.44
39 6649 99.22 99.22
45 6649 97.25 97.25
34 6650 -134.03 -134.03
43 6650 -118.34 -118.34
34 6651 236.16 236.16
43 6651 219.09 219.09
34 6652 -165.63 -165.63
39 6652 -128.99 -128.99
43 6652 -148.31 -148.31
45 6652 -109.91 -109.91
34 6653 -147.56 -147.56
39 6653 -113.98 -113.98
34 6654 -83.81 -83.81
39 6654 -68.89 -68.89
43 6654 -79.15 -79.15
34 6655 -308.04 -308.04
43 6655 -269.03 -269.03
45 6655 -200.58 -200.58
34 6656 -373.53 -373.53
43 6656 -334.53 -334.53
34 6657 -372.82 -372.82
43 6657 -335.21 -335.21
34 6658 -372.82 -372.82
43 6658 -335.21 -335.21
34 6659 -120.32 -120.32
43 6659 -97.6 -97.6
34 6660 -120.32 -120.32
39 6660 -76.11 -76.11
43 6660 -97.6 -97.6
34 6661 -121.92 -121.92
43 6661 -99.99 -99.99
34 6662 -119.76 -119.76
39 6662 -91.25 -91.25
43 6662 -106.29 -106.29
45 6662 -75.58 -75.58
34 6663 179.98 179.98
39 6663 164.26 164.26
43 6663 168.12 168.12
34 6664 -307.31 -307.31
43 6664 -269.03 -269.03
45 6664 -200.58 -200.58
34 6665 -159.85 -159.85
43 6665 -136.63 -136.63
34 6666 307 307
39 6666 269.45 269.45
45 6666 259.83 259.83
34 6667 -114.45 -114.45
39 6667 -71.61 -71.61
43 6667 -93.08 -93.08
34 6668 137.78 137.78
39 6668 114.06 114.06
43 6668 120.75 120.75
45 6668 109.92 109.92
34 6669 -131.28 -131.28
39 6669 -101.17 -101.17
43 6669 -117.34 -117.34
34 6670 -125.81 -125.81
39 6670 -96.08 -96.08
43 6670 -111.65 -111.65
45 6670 -79.87 -79.87
34 6671 189.12 189.12
39 6671 172.13 172.13
43 6671 177.14 177.14
45 6671 169.24 169.24
34 6672 -156.15 -156.15
39 6672 -121.35 -121.35
43 6672 -139.56 -139.56
45 6672 -102.87 -102.87
34 6673 -156.15 -156.15
39 6673 -121.35 -121.35
45 6673 -102.87 -102.87
34 6674 -319.78 -319.78
39 6674 -240.61 -240.61
43 6674 -279.12 -279.12
45 6674 -206.57 -206.57
34 6675 -294.14 -294.14
43 6675 -259.26 -259.26
45 6675 -193.99 -193.99
34 6676 -377.58 -377.58
43 6676 -324.85 -324.85
34 6677 275.73 275.73
39 6677 249.47 249.47
43 6677 256.97 256.97
34 6678 -346.37 -346.37
43 6678 -299.38 -299.38
34 6679 -346.37 -346.37
43 6679 -299.38 -299.38
34 6680 -174.41 -174.41
39 6680 -95.62 -95.62
43 6680 -129.11 -129.11
34 6681 -123.93 -123.93
39 6681 -93.97 -93.97
43 6681 -110.33 -110.33
45 6681 -77.81 -77.81
34 6682 195.28 195.28
39 6682 177.84 177.84
43 6682 182.13 182.13
45 6682 175.36 175.36
34 6683 -309.31 -309.31
39 6683 -234.68 -234.68
42 6683 -314.88 -314.88
43 6683 -271.41 -271.41
34 6684 -295.07 -295.07
43 6684 -260.88 -260.88
34 6685 -141.44 -141.44
39 6685 -108.76 -108.76
43 6685 -126.38 -126.38
45 6685 -91.01 -91.01
34 6686 -131.24 -131.24
39 6686 -101.71 -101.71
43 6686 -117.72 -117.72
45 6686 -85.67 -85.67
34 6687 -131.24 -131.24
39 6687 -101.71 -101.71
43 6687 -117.72 -117.72
45 6687 -85.67 -85.67
34 6688 250.52 250.52
43 6688 231.91 231.91
34 6689 235.29 235.29
43 6689 218.75 218.75
45 6689 206.65 206.65
34 6690 -327.03 -327.03
43 6690 -283.41 -283.41
34 6691 185.7 185.7
39 6691 168.7 168.7
43 6691 173.52 173.52
45 6691 167.67 167.67
34 6692 -139.67 -139.67
43 6692 -119.44 -119.44
34 6693 207.71 207.71
39 6693 188.23 188.23
43 6693 192.24 192.24
45 6693 184.25 184.25
34 6694 -325.81 -325.81
39 6694 -243.73 -243.73
42 6694 -349.68 -349.68
43 6694 -283.59 -283.59
34 6695 -274.03 -274.03
39 6695 -210.12 -210.12
43 6695 -243.34 -243.34
45 6695 -182.12 -182.12
34 6696 223.11 223.11
39 6696 200.96 200.96
43 6696 208.08 208.08
45 6696 194.36 194.36
34 6697 -105.22 -105.22
39 6697 -81.42 -81.42
43 6697 -94.83 -94.83
45 6697 -67.29 -67.29
35 6698 215.18 215.18
38 6698 238.05 238.05
35 6699 220.7 220.7
38 6699 245.16 245.16
35 6700 -61.13 -61.13
38 6700 -71.62 -71.62
47 6700 -76.62 -76.62
35 6701 337.48 337.48
38 6701 390.99 390.99
35 6702 -363.59 -363.59
44 6702 137.55 137.55
46 6702 23.08 23.08
35 6703 -283.45 -283.45
38 6703 -357.01 -357.01
35 6704 -199.07 -199.07
38 6704 -234.07 -234.07
35 6705 212.99 212.99
38 6705 258 258
47 6705 292.92 292.92
35 6706 -246.48 -246.48
38 6706 -299.37 -299.37
47 6706 -333.45 -333.45
35 6707 -64.3 -64.3
38 6707 -87.1 -87.1
35 6708 318.28 318.28
38 6708 364.86 364.86
35 6709 52.72 52.72
38 6709 55.09 55.09
35 6710 -170.7 -170.7
38 6710 -210.39 -210.39
35 6711 -70.86 -70.86
38 6711 -81.86 -81.86
35 6712 -260.16 -260.16
38 6712 -311.94 -311.94
35 6713 -171.68 -171.68
38 6713 -200.05 -200.05
35 6714 -273.3 -273.3
37 6714 290.09 290.09
44 6714 225.63 225.63
46 6714 127.22 127.22
35 6715 -291.7 -291.7
37 6715 270.41 270.41
40 6715 145.01 145.01
46 6715 115.77 115.77
48 6715 86.94 86.94
35 6716 -178.31 -178.31
41 6716 144.48 144.48
35 6717 268.06 268.06
38 6717 360.34 360.34
35 6718 297.83 297.83
38 6718 336.74 336.74
35 6719 -205.89 -205.89
37 6719 375.54 375.54
40 6719 262.35 262.35
41 6719 289.89 289.89
44 6719 317.68 317.68
35 6720 -206.18 -206.18
37 6720 376.69 376.69
38 6720 -246.11 -246.11
40 6720 262.09 262.09
41 6720 292.29 292.29
47 6720 -272.44 -272.44
35 6721 -249.54 -249.54
41 6721 42.46 42.46
44 6721 149.04 149.04
35 6722 -252.36 -252.36
40 6722 195.7 195.7
36 6723 263.94 263.94
42 6723 332.46 332.46
36 6724 263.94 263.94
42 6724 332.46 332.46
36 6725 288.97 288.97
42 6725 360.25 360.25
36 6726 280.02 280.02
42 6726 350.07 350.07
36 6727 244.09 244.09
42 6727 309.27 309.27
36 6728 -285.61 -285.61
42 6728 -198.12 -198.12
36 6729 -243.95 -243.95
42 6729 -159.74 -159.74
36 6730 264.37 264.37
42 6730 332.77 332.77
36 6731 -216.87 -216.87
42 6731 -134.81 -134.81
36 6732 -130.03 -130.03
42 6732 -55.35 -55.35
36 6733 -7.51999 -7.51999
42 6733 57.49 57.49
36 6734 -7.51999 -7.51999
42 6734 57.49 57.49
36 6735 -251.13 -251.13
42 6735 -172.5 -172.5
36 6736 -214.44 -214.44
42 6736 -139.21 -139.21
36 6737 37.96 37.96
42 6737 95.7 95.7
36 6738 180.43 180.43
42 6738 275.13 275.13
36 6739 253.56 253.56
42 6739 320.77 320.77
36 6740 -403.35 -403.35
42 6740 -305.15 -305.15
36 6741 -360.49 -360.49
42 6741 -265.44 -265.44
36 6742 -360.49 -360.49
42 6742 -265.44 -265.44
36 6743 -235.73 -235.73
42 6743 -152.18 -152.18
36 6744 -239.35 -239.35
42 6744 -155.5 -155.5
36 6745 -218.87 -218.87
42 6745 -136.71 -136.71
36 6746 -351.75 -351.75
42 6746 -257.59 -257.59
36 6747 -227.67 -227.67
42 6747 -144.72 -144.72
36 6748 -229.43 -229.43
42 6748 -146.31 -146.31
36 6749 -223.15 -223.15
42 6749 -140.58 -140.58
36 6750 331.87 331.87
42 6750 377.27 377.27
36 6751 -256.37 -256.37
42 6751 -171.35 -171.35
36 6752 -216.48 -216.48
42 6752 -134.55 -134.55
36 6753 -216.48 -216.48
42 6753 -134.55 -134.55
36 6754 281.13 281.13
42 6754 351.93 351.93
36 6755 281.13 281.13
42 6755 351.93 351.93
36 6756 -333.49 -333.49
42 6756 -248.73 -248.73
36 6757 39.79 39.79
42 6757 98.63 98.63
36 6758 137.23 137.23
42 6758 216.02 216.02
36 6759 307.9 307.9
42 6759 360.83 360.83
36 6760 247.75 247.75
42 6760 313.3 313.3
36 6761 252.39 252.39
42 6761 318.87 318.87
36 6762 -302.17 -302.17
42 6762 -212.66 -212.66
36 6763 209.92 209.92
42 6763 261.49 261.49
36 6764 -316.86 -316.86
42 6764 -225.72 -225.72
36 6765 -371.26 -371.26
42 6765 -275.99 -275.99
36 6766 -339.75 -339.75
42 6766 -247.21 -247.21
36 6767 -239.6 -239.6
42 6767 -155.91 -155.91
36 6768 -235.54 -235.54
42 6768 -152.07 -152.07
36 6769 -255.78 -255.78
42 6769 -170.33 -170.33
36 6770 14.91 14.91
42 6770 107.97 107.97
36 6771 161.17 161.17
42 6771 216.29 216.29
36 6772 -254.89 -254.89
42 6772 -169.68 -169.68
36 6773 -24.82 -24.82
42 6773 41.05 41.05
36 6774 264.12 264.12
42 6774 329.95 329.95
36 6775 -38.34 -38.34
42 6775 60.52 60.52
36 6776 278.53 278.53
42 6776 349.3 349.3
36 6777 -236.1 -236.1
42 6777 -152.38 -152.38
36 6778 -198.92 -198.92
42 6778 -88.72 -88.72
36 6779 -284.8 -284.8
42 6779 -203.4 -203.4
36 6780 220.01 220.01
42 6780 282.12 282.12
36 6781 -336.18 -336.18
39 6781 -211.78 -211.78
43 6781 -243.79 -243.79
36 6782 -378.11 -378.11
42 6782 -281.28 -281.28
36 6783 -67.48 -67.48
42 6783 25.96 25.96
36 6784 292.89 292.89
42 6784 363.64 363.64
36 6785 116.06 116.06
42 6785 206.28 206.28
36 6786 214.26 214.26
42 6786 277.72 277.72
36 6787 77.1 77.1
42 6787 157.37 157.37
36 6788 77.1 77.1
42 6788 157.37 157.37
36 6789 -231.26 -231.26
42 6789 -120.34 -120.34
36 6790 -194.34 -194.34
42 6790 -82.78 -82.78
37 6791 -63.55 -63.55
40 6791 -288.49 -288.49
37 6792 -53.32 -53.32
44 6792 -158.43 -158.43
37 6793 -60.03 -60.03
40 6793 -283.88 -283.88
46 6793 -338.95 -338.95
48 6793 -394.08 -394.08
37 6794 -82.24 -82.24
40 6794 -313.05 -313.05
37 6795 11.75 11.75
41 6795 -137.77 -137.77
44 6795 -84.58 -84.58
46 6795 -241.08 -241.08
37 6796 164.84 164.84
41 6796 43.59 43.59
37 6797 -71 -71
40 6797 -298.29 -298.29
46 6797 -354.23 -354.23
37 6798 -74.56 -74.56
40 6798 -302.53 -302.53
41 6798 -242.43 -242.43
44 6798 -182.27 -182.27
37 6799 -28.47 -28.47
44 6799 -130 -130
37 6800 335.29 335.29
38 6800 -287.21 -287.21
44 6800 275.62 275.62
47 6800 -320.18 -320.18
48 6800 158.73 158.73
37 6801 171.1 171.1
40 6801 5.29999 5.29999
41 6801 48.48 48.48
46 6801 -35.56 -35.56
37 6802 -123.7 -123.7
44 6802 -228.36 -228.36
37 6803 -166.16 -166.16
40 6803 -353.1 -353.1
37 6804 262.31 262.31
44 6804 199.88 199.88
37 6805 31 31
44 6805 -273.56 -273.56
37 6806 330.86 330.86
41 6806 53 53
37 6807 363.73 363.73
41 6807 83.05 83.05
37 6808 -4.91 -4.91
40 6808 -212.28 -212.28
37 6809 150.65 150.65
41 6809 41.1 41.1
37 6810 150.65 150.65
41 6810 41.1 41.1
37 6811 14.45 14.45
41 6811 -119.38 -119.38
37 6812 -76.03 -76.03
44 6812 -175.29 -175.29
37 6813 338.11 338.11
41 6813 -250.04 -250.04
37 6814 94.47 94.47
44 6814 14 14
37 6815 221.52 221.52
41 6815 -92.51 -92.51
37 6816 -34.15 -34.15
40 6816 -247.35 -247.35
46 6816 -300.91 -300.91
48 6816 -353.78 -353.78
37 6817 15.44 15.44
44 6817 -255.98 -255.98
37 6818 94.09 94.09
44 6818 13.09 13.09
37 6819 151.56 151.56
41 6819 27.45 27.45
37 6820 25.97 25.97
44 6820 -59.93 -59.93
37 6821 369.12 369.12
38 6821 -252.97 -252.97
41 6821 283.53 283.53
47 6821 -279.48 -279.48
37 6822 219.22 219.22
41 6822 109.24 109.24
44 6822 146.97 146.97
38 6823 -350.61 -350.61
40 6823 150.94 150.94
48 6823 87.86 87.86
38 6824 -350.88 -350.88
40 6824 150.86 150.86
41 6824 185.08 185.08
46 6824 119.2 119.2
48 6824 87.64 87.64
38 6825 -197.89 -197.89
40 6825 339.14 339.14
47 6825 -214.84 -214.84
38 6826 -232.89 -232.89
40 6826 278.11 278.11
46 6826 251.19 251.19
38 6827 -216.82 -216.82
40 6827 308.95 308.95
44 6827 361.38 361.38
46 6827 286.23 286.23
47 6827 -236.43 -236.43
48 6827 265.73 265.73
38 6828 -281.64 -281.64
41 6828 250.12 250.12
38 6829 -184.84 -184.84
41 6829 379.35 379.35
38 6830 -141.73 -141.73
40 6830 325.05 325.05
38 6831 -373.07 -373.07
40 6831 137.45 137.45
44 6831 203.06 203.06
46 6831 107.99 107.99
48 6831 78.56 78.56
38 6832 -240.29 -240.29
41 6832 301.52 301.52
38 6833 -320.27 -320.27
41 6833 211.73 211.73
44 6833 244.19 244.19
47 6833 -360.43 -360.43
38 6834 -293.16 -293.16
41 6834 237.87 237.87
44 6834 269.89 269.89
47 6834 -327.99 -327.99
38 6835 -342.52 -342.52
40 6835 158.24 158.24
46 6835 127.22 127.22
38 6836 -270.09 -270.09
41 6836 264.98 264.98
44 6836 294.04 294.04
38 6837 -261.63 -261.63
41 6837 241.73 241.73
44 6837 304.85 304.85
47 6837 -325.85 -325.85
38 6838 -372.62 -372.62
41 6838 170.01 170.01
44 6838 203.27 203.27
38 6839 -242.25 -242.25
40 6839 268.52 268.52
41 6839 296.7 296.7
46 6839 243.56 243.56
47 6839 -267.54 -267.54
48 6839 219.8 219.8
39 6840 -112.08 -112.08
43 6840 -130.39 -130.39
39 6841 -216.81 -216.81
43 6841 -249.56 -249.56
39 6842 -163.64 -163.64
43 6842 -185.26 -185.26
45 6842 -142.82 -142.82
39 6843 -235.36 -235.36
43 6843 -272.47 -272.47
45 6843 -201.99 -201.99
39 6844 -168.96 -168.96
43 6844 -191.76 -191.76
39 6845 104.29 104.29
43 6845 109.77 109.77
39 6846 103.26 103.26
43 6846 109.03 109.03
39 6847 108.45 108.45
43 6847 115.61 115.61
45 6847 104.45 104.45
39 6848 108.45 108.45
43 6848 115.61 115.61
39 6849 119.28 119.28
43 6849 127.55 127.55
39 6850 -233.87 -233.87
43 6850 -270.63 -270.63
39 6851 -228.62 -228.62
43 6851 -264.19 -264.19
39 6852 -228.62 -228.62
43 6852 -264.19 -264.19
45 6852 -197.23 -197.23
39 6853 -224.94 -224.94
43 6853 -258.99 -258.99
45 6853 -194.09 -194.09
39 6854 -223.77 -223.77
43 6854 -256.5 -256.5
45 6854 -193.76 -193.76
39 6855 -236.41 -236.41
43 6855 -277.16 -277.16
39 6856 114.06 114.06
43 6856 120.75 120.75
45 6856 109.92 109.92
39 6857 196.2 196.2
43 6857 202.67 202.67
45 6857 192.16 192.16
39 6858 -167.77 -167.77
43 6858 -190.45 -190.45
39 6859 -162.97 -162.97
43 6859 -185.02 -185.02
39 6860 -240.27 -240.27
43 6860 -282.32 -282.32
39 6861 -72.76 -72.76
43 6861 -92.3 -92.3
39 6862 -246.85 -246.85
43 6862 -287.3 -287.3
40 6863 303.63 303.63
41 6863 336.48 336.48
40 6864 -64.58 -64.58
41 6864 -15.98 -15.98
40 6865 -258.83 -258.83
41 6865 -201.15 -201.15
46 6865 -312.55 -312.55
48 6865 -366.5 -366.5
40 6866 -258.83 -258.83
41 6866 -201.15 -201.15
46 6866 -312.55 -312.55
48 6866 -366.5 -366.5
40 6867 -252.72 -252.72
44 6867 -139.2 -139.2
46 6867 -306.26 -306.26
40 6868 -252.72 -252.72
44 6868 -139.2 -139.2
46 6868 -306.26 -306.26
48 6868 -359.89 -359.89
40 6869 -57.33 -57.33
41 6869 -12.9 -12.9
48 6869 -141.77 -141.77
40 6870 -266.36 -266.36
41 6870 -208.38 -208.38
46 6870 -320.78 -320.78
48 6870 -374.94 -374.94
40 6871 -301.46 -301.46
41 6871 -241.19 -241.19
46 6871 -357.9 -357.9
40 6872 -202.32 -202.32
41 6872 -148.17 -148.17
46 6872 -253.38 -253.38
40 6873 -212.19 -212.19
41 6873 -157.43 -157.43
46 6873 -263.83 -263.83
40 6874 -64.87 -64.87
41 6874 -18.88 -18.88
46 6874 -108.13 -108.13
40 6875 -298.92 -298.92
41 6875 -238.69 -238.69
40 6876 -310.29 -310.29
41 6876 -249.12 -249.12
46 6876 -367.11 -367.11
40 6877 -296.34 -296.34
41 6877 -236.21 -236.21
40 6878 -293.78 -293.78
41 6878 -233.93 -233.93
44 6878 -175.07 -175.07
46 6878 -349.65 -349.65
48 6878 -405.24 -405.24
40 6879 -306.97 -306.97
41 6879 -246.05 -246.05
40 6880 -306.97 -306.97
41 6880 -246.05 -246.05
40 6881 -285.74 -285.74
41 6881 -226.34 -226.34
44 6881 -167.89 -167.89
46 6881 -341.22 -341.22
48 6881 -396.42 -396.42
40 6882 -285.74 -285.74
41 6882 -226.34 -226.34
44 6882 -167.89 -167.89
46 6882 -341.22 -341.22
48 6882 -396.42 -396.42
40 6883 -299.18 -299.18
41 6883 -238.99 -238.99
44 6883 -179.71 -179.71
46 6883 -355.42 -355.42
40 6884 -282.96 -282.96
41 6884 -223.73 -223.73
46 6884 -338.26 -338.26
48 6884 -393.25 -393.25
40 6885 -282.96 -282.96
41 6885 -223.73 -223.73
46 6885 -338.26 -338.26
48 6885 -393.25 -393.25
40 6886 -266.56 -266.56
41 6886 -208.44 -208.44
46 6886 -321.19 -321.19
48 6886 -375.5 -375.5
40 6887 -62.51 -62.51
41 6887 -16.67 -16.67
40 6888 -192.39 -192.39
41 6888 -137.77 -137.77
46 6888 -241.08 -241.08
40 6889 -356.35 -356.35
44 6889 -227.69 -227.69
40 6890 -328.67 -328.67
41 6890 -266.51 -266.51
40 6891 -328.67 -328.67
41 6891 -266.51 -266.51
40 6892 -106.11 -106.11
41 6892 -57.94 -57.94
46 6892 -151.89 -151.89
48 6892 -197.83 -197.83
40 6893 -346.34 -346.34
41 6893 -283 -283
44 6893 -221.03 -221.03
46 6893 -405.12 -405.12
40 6894 -300.36 -300.36
44 6894 -180.57 -180.57
40 6895 -300.36 -300.36
44 6895 -180.57 -180.57
40 6896 -62.06 -62.06
44 6896 28.94 28.94
40 6897 -301.07 -301.07
41 6897 -240.95 -240.95
44 6897 -181.42 -181.42
46 6897 -357.35 -357.35
40 6898 -277.95 -277.95
41 6898 -219.01 -219.01
46 6898 -332.95 -332.95
48 6898 -387.98 -387.98
40 6899 -12.09 -12.09
44 6899 74.92 74.92
48 6899 -95.03 -95.03
40 6900 -282.88 -282.88
41 6900 -223.96 -223.96
48 6900 -394.02 -394.02
40 6901 -293.23 -293.23
41 6901 -233.34 -233.34
46 6901 -349.01 -349.01
48 6901 -405.04 -405.04
40 6902 -262.31 -262.31
41 6902 -204.39 -204.39
44 6902 -147.43 -147.43
46 6902 -316.8 -316.8
48 6902 -370.82 -370.82
40 6903 -299.38 -299.38
41 6903 -259.2 -259.2
40 6904 303.51 303.51
44 6904 357.13 357.13
47 6904 -239.84 -239.84
40 6905 253.9 253.9
41 6905 282.5 282.5
46 6905 228.49 228.49
40 6906 253.9 253.9
41 6906 282.5 282.5
46 6906 228.49 228.49
47 6906 -280.7 -280.7
40 6907 346.38 346.38
41 6907 377.32 377.32
48 6907 286.46 286.46
40 6908 -378.91 -378.91
44 6908 -259.6 -259.6
40 6909 -180.02 -180.02
41 6909 -132.33 -132.33
40 6910 131.69 131.69
41 6910 164.07 164.07
40 6911 180.06 180.06
41 6911 211.85 211.85
46 6911 150.35 150.35
40 6912 134.69 134.69
41 6912 167.09 167.09
40 6913 134.69 134.69
41 6913 167.09 167.09
40 6914 -330.31 -330.31
41 6914 -273.64 -273.64
40 6915 -393.5 -393.5
41 6915 -237.04 -237.04
40 6916 -327.26 -327.26
41 6916 -141.99 -141.99
40 6917 -53.11 -53.11
44 6917 166.25 166.25
40 6918 283.05 283.05
44 6918 326.23 326.23
40 6919 224.47 224.47
41 6919 350.95 350.95
40 6920 260.37 260.37
41 6920 294.28 294.28
40 6921 265.46 265.46
41 6921 298.26 298.26
40 6922 288.47 288.47
41 6922 320.19 320.19
44 6922 354.56 354.56
40 6923 309.81 309.81
41 6923 342.94 342.94
46 6923 282.98 282.98
40 6924 -159.66 -159.66
41 6924 -88.11 -88.11
40 6925 -283.72 -283.72
41 6925 -224.62 -224.62
46 6925 -339.17 -339.17
40 6926 -1.81 -1.81
44 6926 83.53 83.53
46 6926 -42.44 -42.44
40 6927 -317.34 -317.34
44 6927 -195.3 -195.3
40 6928 -278.28 -278.28
41 6928 -219.44 -219.44
40 6929 300.59 300.59
41 6929 326.95 326.95
47 6929 -242.72 -242.72
40 6930 -215.61 -215.61
41 6930 -160.1 -160.1
46 6930 -267.7 -267.7
40 6931 310.02 310.02
44 6931 362.82 362.82
46 6931 287.65 287.65
48 6931 266.57 266.57
40 6932 -345.65 -345.65
41 6932 -288.58 -288.58
46 6932 -399.36 -399.36
40 6933 202.78 202.78
41 6933 232.52 232.52
40 6934 174.67 174.67
41 6934 206.59 206.59
46 6934 145.87 145.87
48 6934 117.24 117.24
40 6935 253.19 253.19
41 6935 281.21 281.21
44 6935 311.32 311.32
48 6935 203.4 203.4
40 6936 -51.95 -51.95
41 6936 62.85 62.85
44 6936 167.5 167.5
46 6936 -175.91 -175.91
40 6937 26.49 26.49
41 6937 148.69 148.69
44 6937 257.7 257.7
46 6937 -108.08 -108.08
48 6937 -266.81 -266.81
40 6938 26.49 26.49
41 6938 148.69 148.69
44 6938 257.7 257.7
46 6938 -108.08 -108.08
48 6938 -266.81 -266.81
40 6939 -293.11 -293.11
41 6939 -96.16 -96.16
40 6940 195.8 195.8
41 6940 322.53 322.53
40 6941 259.57 259.57
41 6941 292.21 292.21
48 6941 203.72 203.72
40 6942 300.58 300.58
41 6942 332.97 332.97
40 6943 285.16 285.16
44 6943 351.52 351.52
40 6944 -56.82 -56.82
41 6944 -11.97 -11.97
40 6945 -290.3 -290.3
41 6945 -230.53 -230.53
46 6945 -345.99 -345.99
48 6945 -401.21 -401.21
40 6946 307.26 307.26
41 6946 333.55 333.55
47 6946 -237.08 -237.08
40 6947 -221.12 -221.12
41 6947 -165.09 -165.09
40 6948 269.94 269.94
41 6948 297.49 297.49
47 6948 -266.65 -266.65
40 6949 256.52 256.52
41 6949 285.26 285.26
40 6950 137.87 137.87
41 6950 169.96 169.96
44 6950 203.16 203.16
40 6951 279.58 279.58
41 6951 305.38 305.38
46 6951 257.37 257.37
47 6951 -259.22 -259.22
40 6952 137.19 137.19
41 6952 169.49 169.49
40 6953 137.12 137.12
41 6953 169.45 169.45
40 6954 -329.02 -329.02
41 6954 -272.83 -272.83
40 6955 -56.94 -56.94
41 6955 -10.95 -10.95
40 6956 -40.49 -40.49
44 6956 48.39 48.39
40 6957 119.59 119.59
41 6957 141.18 141.18
46 6957 101.14 101.14
48 6957 83.76 83.76
40 6958 192.79 192.79
41 6958 222.21 222.21
40 6959 -1.06 -1.06
44 6959 76.01 76.01
40 6960 -259.93 -259.93
41 6960 -81.06 -81.06
40 6961 188.32 188.32
41 6961 314.89 314.89
40 6962 265.43 265.43
41 6962 298.97 298.97
44 6962 334.92 334.92
46 6962 236.01 236.01
48 6962 208.2 208.2
40 6963 276.24 276.24
41 6963 308.21 308.21
46 6963 247.13 247.13
40 6964 5.79001 5.79001
41 6964 48.69 48.69
44 6964 91.62 91.62
46 6964 -34.98 -34.98
48 6964 -76.32 -76.32
40 6965 -167.32 -167.32
41 6965 -95.1 -95.1
40 6966 -167.32 -167.32
41 6966 -95.1 -95.1
40 6967 146.09 146.09
41 6967 178.44 178.44
46 6967 116.32 116.32
48 6967 87.88 87.88
40 6968 260.68 260.68
44 6968 318.11 318.11
40 6969 178.04 178.04
41 6969 209.71 209.71
44 6969 242.13 242.13
40 6970 255.23 255.23
41 6970 283.74 283.74
40 6971 -53.4 -53.4
41 6971 56.77 56.77
46 6971 -169.22 -169.22
48 6971 -301.01 -301.01
40 6972 -38.11 -38.11
41 6972 72.19 72.19
46 6972 -155.53 -155.53
48 6972 -288.11 -288.11
40 6973 200.78 200.78
41 6973 327.58 327.58
40 6974 -153.68 -153.68
41 6974 -83.01 -83.01
40 6975 -77.06 -77.06
41 6975 -34.52 -34.52
40 6976 -74.6 -74.6
41 6976 -26.42 -26.42
44 6976 17.6 17.6
46 6976 -118.08 -118.08
48 6976 -162.94 -162.94
40 6977 107.29 107.29
41 6977 140.98 140.98
40 6978 313.92 313.92
44 6978 363.2 363.2
40 6979 81.39 81.39
41 6979 118.2 118.2
44 6979 156.08 156.08
46 6979 46.14 46.14
48 6979 11.5 11.5
40 6980 116.68 116.68
41 6980 186.58 186.58
40 6981 309.61 309.61
41 6981 342.2 342.2
46 6981 282.53 282.53
40 6982 309.61 309.61
41 6982 342.2 342.2
46 6982 282.53 282.53
48 6982 257.32 257.32
40 6983 52.35 52.35
41 6983 92.44 92.44
46 6983 14.6 14.6
48 6983 -24.14 -24.14
40 6984 210.45 210.45
41 6984 337.47 337.47
40 6985 300.64 300.64
41 6985 335.81 335.81
40 6986 271.22 271.22
41 6986 304.55 304.55
46 6986 243.27 243.27
48 6986 217.96 217.96
40 6987 119.58 119.58
41 6987 153.28 153.28
46 6987 89.63 89.63
48 6987 59.6 59.6
40 6988 -53.53 -53.53
41 6988 -8.32999 -8.32999
44 6988 36.48 36.48
46 6988 -96.32 -96.32
40 6989 248.34 248.34
41 6989 277.39 277.39
47 6989 -284.95 -284.95
40 6990 269.28 269.28
41 6990 301.31 301.31
44 6990 337.87 337.87
46 6990 239.33 239.33
48 6990 211.08 211.08
40 6991 282.6 282.6
41 6991 314.4 314.4
46 6991 254.67 254.67
48 6991 228.62 228.62
40 6992 270.2 270.2
44 6992 327.56 327.56
40 6993 -43.58 -43.58
41 6993 0.559998 0.559998
46 6993 -87.49 -87.49
48 6993 -132.72 -132.72
40 6994 77.59 77.59
41 6994 114.43 114.43
40 6995 -125.68 -125.68
41 6995 -59.45 -59.45
40 6996 257.43 257.43
41 6996 294.02 294.02
40 6997 57.31 57.31
41 6997 95.78 95.78
44 6997 134.58 134.58
46 6997 21.01 21.01
48 6997 -15.29 -15.29
40 6998 24.59 24.59
41 6998 143.87 143.87
41 6999 -19.35 -19.35
44 6999 27.92 27.92
41 7000 -216.2 -216.2
44 7000 -158.43 -158.43
46 7000 -329.8 -329.8
48 7000 -384.44 -384.44
41 7001 -221.96 -221.96
44 7001 -164.01 -164.01
46 7001 -336.53 -336.53
48 7001 -391.24 -391.24
41 7002 -221.96 -221.96
44 7002 -164.01 -164.01
46 7002 -336.53 -336.53
48 7002 -391.24 -391.24
41 7003 -238.99 -238.99
44 7003 -179.71 -179.71
46 7003 -355.42 -355.42
41 7004 -275.39 -275.39
44 7004 -213.63 -213.63
41 7005 -285.78 -285.78
44 7005 -223.36 -223.36
41 7006 -248.29 -248.29
44 7006 -188 -188
41 7007 -230.46 -230.46
44 7007 -171.87 -171.87
46 7007 -346.2 -346.2
48 7007 -401.7 -401.7
41 7008 -204.39 -204.39
44 7008 -147.43 -147.43
46 7008 -316.8 -316.8
48 7008 -370.82 -370.82
41 7009 -360.27 -360.27
44 7009 -269.28 -269.28
41 7010 -353.92 -353.92
44 7010 -292.24 -292.24
41 7011 132.64 132.64
44 7011 166.6 166.6
41 7012 -23.73 -23.73
44 7012 54.52 54.52
41 7013 -407.56 -407.56
44 7013 -341.53 -341.53
41 7014 217.93 217.93
44 7014 250.62 250.62
48 7014 127.9 127.9
41 7015 -36.51 -36.51
44 7015 63.64 63.64
41 7016 -180.43 -180.43
44 7016 -0.149994 -0.149994
41 7017 316.85 316.85
44 7017 354.68 354.68
41 7018 317.88 317.88
44 7018 353.82 353.82
41 7019 313.49 313.49
44 7019 348.16 348.16
41 7020 -25.69 -25.69
44 7020 19.48 19.48
41 7021 -241.41 -241.41
44 7021 -182.12 -182.12
46 7021 -358.4 -358.4
41 7022 -104.59 -104.59
44 7022 -53.63 -53.63
48 7022 -252.6 -252.6
41 7023 329.61 329.61
44 7023 356.62 356.62
46 7023 281.3 281.3
47 7023 -239.77 -239.77
41 7024 166.58 166.58
44 7024 199.89 199.89
41 7025 -235.35 -235.35
44 7025 -179.93 -179.93
41 7026 286.08 286.08
44 7026 315.71 315.71
41 7027 205.19 205.19
44 7027 237.08 237.08
41 7028 -351.1 -351.1
44 7028 -289.53 -289.53
41 7029 222.5 222.5
44 7029 292.86 292.86
41 7030 151.3 151.3
44 7030 259.75 259.75
41 7031 -29.47 -29.47
44 7031 14.28 14.28
41 7032 -32.41 -32.41
44 7032 10.12 10.12
41 7033 -158.57 -158.57
44 7033 -104.32 -104.32
41 7034 -350.38 -350.38
44 7034 -288.86 -288.86
41 7035 -389.81 -389.81
44 7035 -187.28 -187.28
41 7036 -369.65 -369.65
44 7036 -163.36 -163.36
41 7037 -239.37 -239.37
44 7037 16.01 16.01
41 7038 309.73 309.73
44 7038 336.32 336.32
46 7038 263.41 263.41
47 7038 -255.72 -255.72
41 7039 142.88 142.88
44 7039 177.79 177.79
41 7040 -244.72 -244.72
44 7040 -2.20999 -2.20999
41 7041 140.98 140.98
44 7041 175.26 175.26
41 7042 118.62 118.62
44 7042 156.47 156.47
41 7043 322.46 322.46
44 7043 348.43 348.43
41 7044 213.85 213.85
44 7044 283.16 283.16
41 7045 -334.05 -334.05
44 7045 -98.04 -98.04
41 7046 285.49 285.49
44 7046 320.61 320.61
46 7046 221.38 221.38
48 7046 192.48 192.48
41 7047 -196.82 -196.82
44 7047 -141.1 -141.1
41 7048 -329.41 -329.41
44 7048 -142.5 -142.5
41 7049 -240.02 -240.02
44 7049 -35.15 -35.15
41 7050 -323 -323
44 7050 -88.72 -88.72
41 7051 -188.05 -188.05
44 7051 -132.22 -132.22
41 7052 130.44 130.44
44 7052 235.69 235.69
41 7053 -106.34 -106.34
44 7053 -38.78 -38.78
41 7054 170.45 170.45
44 7054 263.86 263.86
0 7055 -260.85 -260.85
43 7055 -260.71 -260.71
0 7056 -280.52 -280.52
39 7056 -282.88 -282.88
0 7057 -335.13 -335.13
8 7057 -334.64 -334.64
12 7057 -334.5 -334.5
20 7057 -334.51 -334.51
43 7057 -335.52 -335.52
0 7058 -335.13 -335.13
43 7058 -335.52 -335.52
0 7059 -370.88 -370.88
4 7059 -368.28 -368.28
8 7059 -363.02 -363.02
12 7059 -369.37 -369.37
17 7059 -360.37 -360.37
20 7059 -371.15 -371.15
34 7059 -369.48 -369.48
39 7059 -362.64 -362.64
0 7060 -68.82 -68.82
3 7060 -69.05 -69.05
4 7060 -69.24 -69.24
8 7060 -69.1 -69.1
9 7060 -69.32 -69.32
14 7060 -69.38 -69.38
39 7060 -68.76 -68.76
0 7061 -80.94 -80.94
4 7061 -81.15 -81.15
15 7061 -81.17 -81.17
16 7061 -81.42 -81.42
34 7061 -81.38 -81.38
43 7061 -81.21 -81.21
0 7062 -80.94 -80.94
15 7062 -81.17 -81.17
16 7062 -81.42 -81.42
34 7062 -81.38 -81.38
0 7063 -83.02 -83.02
12 7063 -82.9 -82.9
38 7063 -82.81 -82.81
43 7063 -82.9 -82.9
0 7064 -87.56 -87.56
10 7064 -87.11 -87.11
43 7064 -87.18 -87.18
0 7065 -87.56 -87.56
10 7065 -87.11 -87.11
43 7065 -87.18 -87.18
0 7066 27.65 27.65
12 7066 27.74 27.74
14 7066 27.61 27.61
20 7066 27.54 27.54
30 7066 27.56 27.56
43 7066 27.69 27.69
0 7067 47.41 47.41
14 7067 47.83 47.83
17 7067 47.5 47.5
30 7067 47.42 47.42
43 7067 47.5 47.5
45 7067 47.74 47.74
0 7068 47.41 47.41
4 7068 47.38 47.38
14 7068 47.83 47.83
16 7068 47.36 47.36
22 7068 47.54 47.54
30 7068 47.42 47.42
33 7068 47.34 47.34
34 7068 47.5 47.5
43 7068 47.5 47.5
45 7068 47.74 47.74
0 7069 -109.77 -109.77
4 7069 -109.91 -109.91
8 7069 -110.01 -110.01
9 7069 -109.9 -109.9
11 7069 -109.69 -109.69
17 7069 -109.88 -109.88
34 7069 -110.16 -110.16
39 7069 -109.67 -109.67
43 7069 -109.9 -109.9
0 7070 -163.05 -163.05
3 7070 -163.03 -163.03
7 7070 -163.04 -163.04
12 7070 -163.04 -163.04
45 7070 -163.06 -163.06
0 7071 -359.77 -359.77
9 7071 -362.71 -362.71
11 7071 -361.24 -361.24
14 7071 -360.08 -360.08
43 7071 -361.01 -361.01
0 7072 -61.13 -61.13
34 7072 -60.94 -60.94
39 7072 -61.11 -61.11
45 7072 -61.23 -61.23
0 7073 -66.19 -66.19
35 7073 -65.77 -65.77
43 7073 -65.94 -65.94
0 7074 -103.43 -103.43
2 7074 -103.41 -103.41
3 7074 -103.45 -103.45
6 7074 -103.47 -103.47
39 7074 -103.16 -103.16
43 7074 -103.26 -103.26
1 7075 -248.96 -248.96
6 7075 -248.85 -248.85
39 7075 -249.09 -249.09
1 7076 -140.43 -140.43
9 7076 -140.66 -140.66
45 7076 -139.56 -139.56
47 7076 -139.12 -139.12
1 7077 -382.55 -382.55
5 7077 -382.68 -382.68
45 7077 -382.76 -382.76
1 7078 -382.55 -382.55
45 7078 -382.76 -382.76
1 7079 -95.45 -95.45
2 7079 -95.41 -95.41
12 7079 -95.42 -95.42
17 7079 -95.36 -95.36
34 7079 -95.14 -95.14
39 7079 -95.31 -95.31
45 7079 -95 -95
1 7080 -106.92 -106.92
4 7080 -106.94 -106.94
9 7080 -107.08 -107.08
17 7080 -107.42 -107.42
20 7080 -107.31 -107.31
39 7080 -107.17 -107.17
43 7080 -107.2 -107.2
1 7081 -342.03 -342.03
14 7081 -345.23 -345.23
17 7081 -345.71 -345.71
39 7081 -345.1 -345.1
1 7082 -81.66 -81.66
12 7082 -81.52 -81.52
14 7082 -81.63 -81.63
33 7082 -81.94 -81.94
34 7082 -81.46 -81.46
47 7082 -81.6 -81.6
1 7083 -114.41 -114.41
8 7083 -114.72 -114.72
11 7083 -114.44 -114.44
17 7083 -114.45 -114.45
34 7083 -114.54 -114.54
38 7083 -114.2 -114.2
1 7084 371.81 371.81
39 7084 339.52 339.52
1 7085 68.28 68.28
2 7085 61.11 61.11
3 7085 65.94 65.94
4 7085 59.2 59.2
9 7085 57.32 57.32
12 7085 57.12 57.12
13 7085 60.83 60.83
14 7085 57.41 57.41
15 7085 56.54 56.54
17 7085 53.78 53.78
22 7085 57.85 57.85
33 7085 52.48 52.48
38 7085 53.08 53.08
39 7085 48.11 48.11
45 7085 54.08 54.08
47 7085 53.26 53.26
2 7086 -390.93 -390.93
5 7086 -390.55 -390.55
7 7086 -390.29 -390.29
8 7086 -390.56 -390.56
13 7086 -392.92 -392.92
15 7086 -387.26 -387.26
17 7086 -392.85 -392.85
30 7086 -393.38 -393.38
35 7086 -384.82 -384.82
38 7086 -391.5 -391.5
45 7086 -390.59 -390.59
2 7087 -75.67 -75.67
3 7087 -75.65 -75.65
39 7087 -75.59 -75.59
2 7088 39.13 39.13
3 7088 39.08 39.08
4 7088 38.91 38.91
6 7088 38.88 38.88
10 7088 38.88 38.88
34 7088 38.8 38.8
2 7089 -103.3 -103.3
4 7089 -103.49 -103.49
6 7089 -103.26 -103.26
11 7089 -102.77 -102.77
12 7089 -103.15 -103.15
16 7089 -102.87 -102.87
17 7089 -102.98 -102.98
20 7089 -103.36 -103.36
33 7089 -103.61 -103.61
35 7089 -103.19 -103.19
43 7089 -103.28 -103.28
47 7089 -103.12 -103.12
2 7090 -30.34 -30.34
5 7090 -31.41 -31.41
10 7090 -31.94 -31.94
11 7090 -31.88 -31.88
35 7090 -31.86 -31.86
43 7090 -32.82 -32.82
45 7090 -32.17 -32.17
2 7091 13.91 13.91
5 7091 14.03 14.03
6 7091 13.95 13.95
14 7091 13.63 13.63
16 7091 14.02 14.02
17 7091 13.93 13.93
34 7091 13.96 13.96
43 7091 14.01 14.01
2 7092 84.14 84.14
4 7092 83.11 83.11
8 7092 82.82 82.82
9 7092 82.92 82.92
12 7092 84.61 84.61
14 7092 83.9 83.9
17 7092 84 84
33 7092 84 84
35 7092 83.87 83.87
38 7092 84.71 84.71
47 7092 85.83 85.83
3 7093 -319.07 -319.07
4 7093 -312.49 -312.49
34 7093 -312.65 -312.65
35 7093 -312.95 -312.95
38 7093 -312.6 -312.6
39 7093 -312.73 -312.73
43 7093 -312.34 -312.34
3 7094 203.5 203.5
9 7094 203.14 203.14
45 7094 202.75 202.75
47 7094 203.05 203.05
3 7095 41.16 41.16
5 7095 41.26 41.26
6 7095 40.83 40.83
9 7095 41.16 41.16
14 7095 41.2 41.2
35 7095 41.2 41.2
38 7095 41.23 41.23
39 7095 41.11 41.11
47 7095 41.1 41.1
3 7096 27.14 27.14
9 7096 27.26 27.26
15 7096 27.21 27.21
30 7096 27.49 27.49
33 7096 27.4 27.4
38 7096 27.59 27.59
39 7096 27.36 27.36
3 7097 45.06 45.06
14 7097 44.77 44.77
17 7097 44.83 44.83
30 7097 44.88 44.88
35 7097 44.84 44.84
39 7097 44.93 44.93
3 7098 -54.18 -54.18
11 7098 -55.71 -55.71
13 7098 -56.09 -56.09
15 7098 -55.47 -55.47
30 7098 -55.7 -55.7
33 7098 -55.68 -55.68
34 7098 -55.74 -55.74
38 7098 -55.76 -55.76
39 7098 -55.72 -55.72
45 7098 -55.58 -55.58
3 7099 -256.18 -256.18
39 7099 -264.24 -264.24
3 7100 -372.08 -372.08
30 7100 -372.5 -372.5
3 7101 22.13 22.13
38 7101 21.89 21.89
3 7102 -45.22 -45.22
5 7102 -45.8 -45.8
17 7102 -45.17 -45.17
35 7102 -46.22 -46.22
39 7102 -45.14 -45.14
43 7102 -45.62 -45.62
47 7102 -46.91 -46.91
4 7103 -304.48 -304.48
43 7103 -296.01 -296.01
4 7104 -304.48 -304.48
43 7104 -296.01 -296.01
4 7105 -382.23 -382.23
30 7105 -382.13 -382.13
34 7105 -371.6 -371.6
5 7106 -249.86 -249.86
43 7106 -250.16 -250.16
5 7107 -378.78 -378.78
39 7107 -366.25 -366.25
5 7108 -79.26 -79.26
43 7108 -79.49 -79.49
5 7109 27.17 27.17
8 7109 27.05 27.05
11 7109 27.2 27.2
43 7109 27.09 27.09
5 7110 -360.97 -360.97
39 7110 -303.84 -303.84
6 7111 -328.79 -328.79
7 7111 -328.32 -328.32
13 7111 -328.41 -328.41
17 7111 -328.92 -328.92
39 7111 -328.76 -328.76
7 7112 -293.58 -293.58
43 7112 -277.47 -277.47
7 7113 -293.58 -293.58
43 7113 -277.47 -277.47
7 7114 -316.7 -316.7
45 7114 -268.93 -268.93
8 7115 -328.89 -328.89
11 7115 -329.06 -329.06
12 7115 -327.97 -327.97
30 7115 -329.3 -329.3
43 7115 -328.81 -328.81
8 7116 -90.68 -90.68
46 7116 226.91 226.91
8 7117 1.16 1.16
11 7117 1.19 1.19
12 7117 1.20001 1.20001
13 7117 1.17999 1.17999
17 7117 1.26999 1.26999
22 7117 1.17999 1.17999
35 7117 1.37 1.37
38 7117 1.19 1.19
45 7117 1.14999 1.14999
47 7117 1.20001 1.20001
9 7118 -369.86 -369.86
48 7118 -402.61 -402.61
9 7119 -28.09 -28.09
15 7119 -33.01 -33.01
47 7119 -47.68 -47.68
9 7120 -149.39 -149.39
13 7120 -149.22 -149.22
34 7120 -149.36 -149.36
9 7121 -364.47 -364.47
48 7121 -394.35 -394.35
9 7122 -312.66 -312.66
38 7122 -312.93 -312.93
43 7122 -312.52 -312.52
10 7123 -325.03 -325.03
43 7123 -299.26 -299.26
10 7124 -33.32 -33.32
43 7124 -32.95 -32.95
11 7125 -79.59 -79.59
43 7125 -79.44 -79.44
11 7126 -79.59 -79.59
43 7126 -79.44 -79.44
11 7127 -334.06 -334.06
39 7127 -269.07 -269.07
43 7127 -277.36 -277.36
12 7128 -33.26 -33.26
47 7128 -59.67 -59.67
12 7129 -360.25 -360.25
48 7129 -238.63 -238.63
12 7130 258.24 258.24
47 7130 307.9 307.9
13 7131 294.61 294.61
47 7131 323.58 323.58
13 7132 -356.05 -356.05
43 7132 -356.86 -356.86
13 7133 -167.21 -167.21
20 7133 -167.33 -167.33
30 7133 -167.38 -167.38
35 7133 -167.24 -167.24
39 7133 -167.41 -167.41
43 7133 -167.66 -167.66
45 7133 -167.58 -167.58
13 7134 122.59 122.59
16 7134 112.38 112.38
22 7134 117.43 117.43
45 7134 100.13 100.13
13 7135 214.49 214.49
22 7135 197.02 197.02
45 7135 143.96 143.96
14 7136 76.79 76.79
17 7136 75.74 75.74
20 7136 76.31 76.31
33 7136 76.05 76.05
47 7136 76.69 76.69
14 7137 40.77 40.77
45 7137 38.4 38.4
14 7138 -165.29 -165.29
46 7138 289.54 289.54
14 7139 -231.85 -231.85
46 7139 -119.61 -119.61
48 7139 -161.3 -161.3
15 7140 -42.95 -42.95
17 7140 -51.16 -51.16
47 7140 -69.44 -69.44
15 7141 55.35 55.35
20 7141 55.85 55.85
47 7141 51.63 51.63
15 7142 -305.07 -305.07
46 7142 -226.67 -226.67
15 7143 -119.78 -119.78
20 7143 -131.36 -131.36
48 7143 278.47 278.47
16 7144 -14.37 -14.37
22 7144 -13.96 -13.96
30 7144 -17.23 -17.23
45 7144 -7.35001 -7.35001
16 7145 156.23 156.23
45 7145 135.54 135.54
16 7146 140.26 140.26
30 7146 130.58 130.58
34 7146 120.16 120.16
39 7146 117.68 117.68
43 7146 115.5 115.5
45 7146 120.83 120.83
17 7147 120.64 120.64
20 7147 118.99 118.99
33 7147 123.82 123.82
35 7147 122.33 122.33
38 7147 126.07 126.07
47 7147 128.61 128.61
17 7148 -149.48 -149.48
48 7148 332.5 332.5
17 7149 -88.78 -88.78
47 7149 -113.91 -113.91
17 7150 -366.48 -366.48
46 7150 -36.26 -36.26
17 7151 163.05 163.05
33 7151 170.1 170.1
35 7151 166.04 166.04
47 7151 180.53 180.53
17 7152 -239.07 -239.07
31 7152 329.88 329.88
47 7152 -266.01 -266.01
17 7153 159.22 159.22
33 7153 165.76 165.76
35 7153 162.28 162.28
38 7153 169.79 169.79
47 7153 174.98 174.98
17 7154 -176.9 -176.9
47 7154 -268.26 -268.26
17 7155 -10.51 -10.51
33 7155 -18.02 -18.02
47 7155 -27.15 -27.15
17 7156 -245 -245
46 7156 227.94 227.94
17 7157 153.23 153.23
33 7157 160.35 160.35
35 7157 156.23 156.23
38 7157 165.07 165.07
47 7157 169.97 169.97
17 7158 -62.61 -62.61
33 7158 -71.01 -71.01
35 7158 -66.74 -66.74
38 7158 -76.03 -76.03
47 7158 -79.77 -79.77
17 7159 -89.59 -89.59
20 7159 -84.77 -84.77
47 7159 -111.8 -111.8
20 7160 106.41 106.41
47 7160 116.24 116.24
20 7161 137.19 137.19
38 7161 146.5 146.5
47 7161 150.68 150.68
20 7162 332.98 332.98
47 7162 355.46 355.46
20 7163 -329.89 -329.89
47 7163 -362.55 -362.55
20 7164 -49.93 -49.93
47 7164 -73.65 -73.65
20 7165 264 264
47 7165 355.27 355.27
22 7166 -294.5 -294.5
39 7166 -270.4 -270.4
22 7167 -369.04 -369.04
43 7167 -366.06 -366.06
23 7168 228.95 228.95
46 7168 -176.91 -176.91
24 7169 62.02 62.02
46 7169 -392.43 -392.43
24 7170 272.48 272.48
40 7170 272.58 272.58
48 7170 258.11 258.11
25 7171 123.91 123.91
46 7171 -168.18 -168.18
25 7172 338.81 338.81
48 7172 152.52 152.52
27 7173 -12.89 -12.89
46 7173 -334.62 -334.62
27 7174 141.85 141.85
48 7174 -244.92 -244.92
27 7175 248.41 248.41
48 7175 226.23 226.23
27 7176 -305.29 -305.29
45 7176 -318.8 -318.8
30 7177 -38.47 -38.47
34 7177 -42 -42
43 7177 -41.33 -41.33
45 7177 -26.36 -26.36
30 7178 202.52 202.52
45 7178 171.04 171.04
30 7179 -382.06 -382.06
39 7179 -289.08 -289.08
30 7180 287.86 287.86
45 7180 216.76 216.76
30 7181 261.29 261.29
45 7181 197.43 197.43
30 7182 -369.29 -369.29
43 7182 -278.79 -278.79
30 7183 265.69 265.69
34 7183 238.31 238.31
39 7183 213 213
43 7183 220.74 220.74
45 7183 207.66 207.66
30 7184 -90.7 -90.7
45 7184 -37.11 -37.11
30 7185 318.31 318.31
45 7185 245.21 245.21
30 7186 -345.12 -345.12
45 7186 -96.37 -96.37
30 7187 274.91 274.91
34 7187 247.91 247.91
39 7187 222.27 222.27
43 7187 230.94 230.94
45 7187 217.06 217.06
30 7188 274.91 274.91
34 7188 247.91 247.91
39 7188 222.27 222.27
43 7188 230.94 230.94
45 7188 217.06 217.06
31 7189 305.13 305.13
47 7189 -372.19 -372.19
31 7190 203.22 203.22
48 7190 -78.03 -78.03
31 7191 204.47 204.47
46 7191 -34.97 -34.97
48 7191 -75.97 -75.97
32 7192 -100.53 -100.53
46 7192 -327.03 -327.03
32 7193 -39.97 -39.97
46 7193 -248.51 -248.51
32 7194 -97.74 -97.74
46 7194 -323.61 -323.61
32 7195 60.14 60.14
48 7195 -284.05 -284.05
32 7196 339.6 339.6
47 7196 -282.16 -282.16
32 7197 272.54 272.54
47 7197 -366.12 -366.12
32 7198 -7.59 -7.59
46 7198 -187 -187
48 7198 -230.08 -230.08
32 7199 8.19 8.19
40 7199 -187.24 -187.24
41 7199 -120.73 -120.73
44 7199 -55.79 -55.79
46 7199 -254.81 -254.81
33 7200 -211.26 -211.26
47 7200 -267.16 -267.16
33 7201 279.62 279.62
47 7201 320.74 320.74
33 7202 234.98 234.98
47 7202 266.77 266.77
33 7203 -56.65 -56.65
35 7203 -51.96 -51.96
38 7203 -61.54 -61.54
47 7203 -65.87 -65.87
33 7204 -89.4 -89.4
38 7204 -95.56 -95.56
47 7204 -101.66 -101.66
33 7205 -89.4 -89.4
38 7205 -95.56 -95.56
47 7205 -101.66 -101.66
33 7206 123.12 123.12
35 7206 120.82 120.82
38 7206 126.27 126.27
47 7206 129.2 129.2
33 7207 147.58 147.58
35 7207 144.92 144.92
38 7207 151.56 151.56
47 7207 155.88 155.88
33 7208 -335.75 -335.75
46 7208 92.91 92.91
33 7209 323.11 323.11
47 7209 396.49 396.49
33 7210 196.44 196.44
38 7210 205.35 205.35
47 7210 216.24 216.24
33 7211 -147.72 -147.72
38 7211 -158.5 -158.5
47 7211 -169.59 -169.59
33 7212 141.54 141.54
38 7212 149.51 149.51
47 7212 162.5 162.5
33 7213 51.31 51.31
38 7213 52.34 52.34
47 7213 54.24 54.24
33 7214 219.03 219.03
35 7214 209.38 209.38
47 7214 247.5 247.5
33 7215 -162.45 -162.45
48 7215 293.18 293.18
33 7216 317.19 317.19
38 7216 338.33 338.33
47 7216 364.75 364.75
33 7217 235.28 235.28
47 7217 297.67 297.67
33 7218 235.28 235.28
47 7218 297.67 297.67
33 7219 131.59 131.59
35 7219 125.63 125.63
38 7219 136.56 136.56
47 7219 145.05 145.05
33 7220 -78.85 -78.85
47 7220 -90.03 -90.03
33 7221 68.2 68.2
47 7221 83.76 83.76
33 7222 68.2 68.2
47 7222 83.76 83.76
33 7223 153.76 153.76
38 7223 164.64 164.64
47 7223 179.72 179.72
33 7224 161.64 161.64
47 7224 189.27 189.27
33 7225 103.07 103.07
35 7225 99.53 99.53
38 7225 106.23 106.23
47 7225 110.96 110.96
33 7226 110.34 110.34
35 7226 109.02 109.02
38 7226 112.95 112.95
47 7226 116.77 116.77
33 7227 175.51 175.51
35 7227 171.01 171.01
38 7227 181.24 181.24
47 7227 188.85 188.85
33 7228 -34.12 -34.12
38 7228 -40.68 -40.68
47 7228 -47.82 -47.82
33 7229 -99.02 -99.02
38 7229 -106.04 -106.04
47 7229 -116.24 -116.24
34 7230 226.2 226.2
43 7230 209.54 209.54
34 7231 -76.44 -76.44
39 7231 -62.6 -62.6
43 7231 -72.02 -72.02
45 7231 -52.19 -52.19
34 7232 -70.47 -70.47
39 7232 -56.95 -56.95
43 7232 -66.64 -66.64
45 7232 -46.58 -46.58
34 7233 -171.06 -171.06
45 7233 -118.14 -118.14
34 7234 371.71 371.71
43 7234 321.24 321.24
34 7235 99.22 99.22
45 7235 101.37 101.37
34 7236 100.91 100.91
39 7236 99.03 99.03
45 7236 102.97 102.97
34 7237 165.48 165.48
39 7237 154.59 154.59
43 7237 155.77 155.77
45 7237 154.46 154.46
34 7238 256.27 256.27
43 7238 234.58 234.58
34 7239 -167.98 -167.98
39 7239 -129.29 -129.29
43 7239 -149.02 -149.02
34 7240 -50.59 -50.59
39 7240 -40.81 -40.81
45 7240 -31.73 -31.73
34 7241 -64.74 -64.74
39 7241 -53.4 -53.4
43 7241 -61.82 -61.82
45 7241 -43.82 -43.82
34 7242 -143.92 -143.92
43 7242 -127.33 -127.33
34 7243 -38.94 -38.94
39 7243 -29.46 -29.46
43 7243 -36.89 -36.89
45 7243 -20.81 -20.81
34 7244 -53.36 -53.36
43 7244 -50.96 -50.96
45 7244 -34.06 -34.06
34 7245 -73.3 -73.3
39 7245 -59.46 -59.46
43 7245 -68.89 -68.89
45 7245 -48.98 -48.98
34 7246 -106.66 -106.66
39 7246 -90.86 -90.86
45 7246 -79.28 -79.28
34 7247 -136.27 -136.27
39 7247 -103.68 -103.68
43 7247 -120.76 -120.76
45 7247 -86.13 -86.13
34 7248 212.71 212.71
43 7248 197.68 197.68
34 7249 273.34 273.34
39 7249 243.38 243.38
43 7249 252.85 252.85
34 7250 250.52 250.52
39 7250 223.24 223.24
43 7250 231.91 231.91
45 7250 217.42 217.42
34 7251 258.05 258.05
43 7251 239.63 239.63
34 7252 -95.3 -95.3
39 7252 -80.29 -80.29
43 7252 -90.95 -90.95
45 7252 -70.54 -70.54
34 7253 -184.45 -184.45
39 7253 -142 -142
43 7253 -163.49 -163.49
34 7254 -184.45 -184.45
39 7254 -142 -142
43 7254 -163.49 -163.49
45 7254 -120.64 -120.64
34 7255 -52.21 -52.21
43 7255 -48.76 -48.76
45 7255 -32.11 -32.11
34 7256 270.37 270.37
39 7256 237.93 237.93
35 7257 309.64 309.64
47 7257 380.85 380.85
35 7258 -361.55 -361.55
48 7258 -11.69 -11.69
35 7259 -361.55 -361.55
48 7259 -11.69 -11.69
35 7260 316.49 316.49
47 7260 392.32 392.32
35 7261 -122.88 -122.88
47 7261 -192.13 -192.13
35 7262 -199.61 -199.61
47 7262 -255.01 -255.01
35 7263 187.37 187.37
47 7263 214.18 214.18
36 7264 333.25 333.25
46 7264 294.84 294.84
37 7265 363.73 363.73
48 7265 -301.1 -301.1
37 7266 353.62 353.62
46 7266 -165.51 -165.51
37 7267 93.55 93.55
45 7267 -244.84 -244.84
38 7268 228.81 228.81
47 7268 244.98 244.98
38 7269 249.36 249.36
47 7269 265.83 265.83
38 7270 206.63 206.63
47 7270 218.86 218.86
38 7271 208.44 208.44
47 7271 221.42 221.42
38 7272 206.11 206.11
47 7272 218.77 218.77
38 7273 331.79 331.79
47 7273 356.57 356.57
38 7274 363.88 363.88
47 7274 395.06 395.06
38 7275 -353.09 -353.09
46 7275 117.14 117.14
38 7276 -321.5 -321.5
47 7276 -362.75 -362.75
38 7277 -334.98 -334.98
48 7277 103.51 103.51
38 7278 -311.97 -311.97
44 7278 251.79 251.79
47 7278 -351.1 -351.1
38 7279 -322.82 -322.82
47 7279 -365 -365
48 7279 115.9 115.9
38 7280 -307.61 -307.61
47 7280 -345.81 -345.81
38 7281 -361.22 -361.22
48 7281 78.66 78.66
38 7282 -378.62 -378.62
48 7282 62.87 62.87
38 7283 -352.5 -352.5
46 7283 118.15 118.15
38 7284 340.45 340.45
47 7284 367.55 367.55
38 7285 -326.96 -326.96
47 7285 -370.09 -370.09
38 7286 218.78 218.78
47 7286 244 244
38 7287 217.37 217.37
47 7287 242.88 242.88
38 7288 -94.7 -94.7
47 7288 -111.8 -111.8
38 7289 220.43 220.43
47 7289 248.41 248.41
38 7290 -208.85 -208.85
47 7290 -265.21 -265.21
38 7291 226.89 226.89
47 7291 256.28 256.28
38 7292 216.73 216.73
47 7292 243.84 243.84
38 7293 -89.41 -89.41
47 7293 -104.39 -104.39
38 7294 229.51 229.51
47 7294 259.39 259.39
38 7295 218.52 218.52
47 7295 246.26 246.26
38 7296 218.52 218.52
47 7296 246.26 246.26
38 7297 222.22 222.22
47 7297 250.77 250.77
38 7298 222.22 222.22
47 7298 250.77 250.77
38 7299 218.92 218.92
47 7299 246.74 246.74
38 7300 225.43 225.43
47 7300 254.39 254.39
38 7301 -99.55 -99.55
47 7301 -123.71 -123.71
38 7302 252.4 252.4
47 7302 287.83 287.83
38 7303 281.78 281.78
47 7303 337.26 337.26
38 7304 289.98 289.98
47 7304 347.61 347.61
38 7305 -157.8 -157.8
47 7305 -222.9 -222.9
38 7306 -167.71 -167.71
47 7306 -236.54 -236.54
38 7307 -185.11 -185.11
47 7307 -264.27 -264.27
38 7308 -185.11 -185.11
47 7308 -264.27 -264.27
38 7309 -242.92 -242.92
47 7309 -273.72 -273.72
38 7310 240.26 240.26
47 7310 257.46 257.46
38 7311 -135.93 -135.93
47 7311 -153.48 -153.48
38 7312 -211.62 -211.62
47 7312 -235.44 -235.44
38 7313 194.85 194.85
47 7313 206.86 206.86
38 7314 276.9 276.9
47 7314 294.24 294.24
38 7315 364.84 364.84
47 7315 396.14 396.14
38 7316 -302.74 -302.74
46 7316 172.59 172.59
47 7316 -337.95 -337.95
48 7316 146.48 146.48
38 7317 -87.1 -87.1
47 7317 -102.62 -102.62
38 7318 261.76 261.76
47 7318 297.67 297.67
38 7319 282.52 282.52
47 7319 337.95 337.95
38 7320 -164.75 -164.75
47 7320 -232.04 -232.04
38 7321 -173.07 -173.07
47 7321 -245.14 -245.14
38 7322 -163.77 -163.77
47 7322 -232.52 -232.52
38 7323 -232.81 -232.81
47 7323 -259.5 -259.5
38 7324 -155.05 -155.05
47 7324 -174.32 -174.32
38 7325 293.1 293.1
47 7325 313.17 313.17
38 7326 249.12 249.12
47 7326 266.29 266.29
38 7327 244.86 244.86
47 7327 261.15 261.15
38 7328 287.18 287.18
47 7328 324.61 324.61
38 7329 282.4 282.4
47 7329 338.18 338.18
38 7330 -152.44 -152.44
47 7330 -173.46 -173.46
38 7331 -137.26 -137.26
47 7331 -155.25 -155.25
38 7332 -128.71 -128.71
47 7332 -146.09 -146.09
38 7333 -149.55 -149.55
47 7333 -168.05 -168.05
38 7334 -212 -212
47 7334 -236.06 -236.06
38 7335 283.02 283.02
47 7335 304.6 304.6
38 7336 -315.73 -315.73
47 7336 -347.19 -347.19
38 7337 -175.71 -175.71
47 7337 -250.32 -250.32
38 7338 -135.56 -135.56
47 7338 -152.35 -152.35
38 7339 -203.94 -203.94
47 7339 -227.88 -227.88
38 7340 -325.23 -325.23
47 7340 -368.57 -368.57
48 7340 112.41 112.41
38 7341 232.86 232.86
47 7341 250.1 250.1
38 7342 217.91 217.91
47 7342 232.12 232.12
38 7343 217.91 217.91
47 7343 232.12 232.12
38 7344 271.02 271.02
47 7344 289.91 289.91
38 7345 -255.19 -255.19
47 7345 -281.77 -281.77
38 7346 195.79 195.79
47 7346 217.24 217.24
38 7347 225.55 225.55
47 7347 251.65 251.65
38 7348 225.55 225.55
47 7348 251.65 251.65
38 7349 -161.4 -161.4
47 7349 -227.44 -227.44
38 7350 -174.93 -174.93
47 7350 -247.6 -247.6
38 7351 -162.69 -162.69
47 7351 -184.35 -184.35
38 7352 181.12 181.12
47 7352 197.81 197.81
38 7353 -155.09 -155.09
47 7353 -176.73 -176.73
38 7354 -149.94 -149.94
47 7354 -169.82 -169.82
38 7355 -167.86 -167.86
47 7355 -188.48 -188.48
38 7356 232.67 232.67
47 7356 264.08 264.08
38 7357 -160.48 -160.48
47 7357 -181.71 -181.71
38 7358 -223.35 -223.35
47 7358 -249.9 -249.9
39 7359 -347.81 -347.81
45 7359 -275.71 -275.71
39 7360 -245.03 -245.03
43 7360 -301.55 -301.55
39 7361 -155.02 -155.02
43 7361 -177.43 -177.43
39 7362 -104.51 -104.51
43 7362 -121.9 -121.9
39 7363 -162.53 -162.53
43 7363 -185.22 -185.22
39 7364 208.69 208.69
45 7364 203.18 203.18
39 7365 176.5 176.5
43 7365 181.16 181.16
39 7366 -106.53 -106.53
43 7366 -123.07 -123.07
39 7367 209.55 209.55
43 7367 216.2 216.2
39 7368 -103.33 -103.33
43 7368 -119.8 -119.8
39 7369 -116.62 -116.62
45 7369 -98.66 -98.66
39 7370 386.33 386.33
45 7370 370.22 370.22
39 7371 -343.01 -343.01
45 7371 -285.4 -285.4
39 7372 -379.18 -379.18
45 7372 -314.28 -314.28
39 7373 -385.37 -385.37
45 7373 -322.53 -322.53
39 7374 -105.11 -105.11
45 7374 -87.24 -87.24
39 7375 -109.78 -109.78
45 7375 -91.85 -91.85
39 7376 -149.96 -149.96
45 7376 -129.24 -129.24
39 7377 177.72 177.72
43 7377 182.14 182.14
45 7377 174.53 174.53
39 7378 -329.67 -329.67
45 7378 -275.65 -275.65
39 7379 -329.67 -329.67
45 7379 -275.65 -275.65
39 7380 -327.69 -327.69
45 7380 -274.28 -274.28
39 7381 -314.56 -314.56
45 7381 -264.54 -264.54
39 7382 -326.21 -326.21
45 7382 -273.38 -273.38
39 7383 -340.04 -340.04
45 7383 -283.54 -283.54
39 7384 -340.04 -340.04
45 7384 -283.54 -283.54
39 7385 -340.04 -340.04
45 7385 -283.54 -283.54
39 7386 -332.3 -332.3
45 7386 -277.62 -277.62
39 7387 -322.06 -322.06
45 7387 -270.01 -270.01
39 7388 -363.34 -363.34
45 7388 -301.28 -301.28
39 7389 -352.52 -352.52
45 7389 -292.61 -292.61
39 7390 -330.47 -330.47
45 7390 -276.32 -276.32
39 7391 -330.47 -330.47
45 7391 -276.32 -276.32
39 7392 -334.5 -334.5
45 7392 -279.6 -279.6
39 7393 -334.5 -334.5
45 7393 -279.6 -279.6
39 7394 -223.77 -223.77
45 7394 -193.76 -193.76
39 7395 287.81 287.81
43 7395 301.02 301.02
45 7395 276.92 276.92
39 7396 -362.38 -362.38
45 7396 -298.42 -298.42
39 7397 -235.62 -235.62
45 7397 -200.79 -200.79
39 7398 332.37 332.37
43 7398 373.46 373.46
39 7399 323.78 323.78
43 7399 363.64 363.64
39 7400 -296.07 -296.07
43 7400 -371.74 -371.74
39 7401 -299.71 -299.71
43 7401 -375.65 -375.65
39 7402 -114.95 -114.95
45 7402 -96.62 -96.62
39 7403 -114.95 -114.95
45 7403 -96.62 -96.62
39 7404 -109.93 -109.93
45 7404 -91.92 -91.92
39 7405 -109.93 -109.93
45 7405 -91.92 -91.92
39 7406 -151.66 -151.66
45 7406 -130.05 -130.05
39 7407 -146.61 -146.61
43 7407 -167.6 -167.6
39 7408 -88.27 -88.27
43 7408 -104.3 -104.3
39 7409 -89.38 -89.38
45 7409 -74.11 -74.11
39 7410 -91.25 -91.25
43 7410 -106.29 -106.29
39 7411 -113.49 -113.49
43 7411 -131.2 -131.2
39 7412 182.87 182.87
43 7412 187.92 187.92
39 7413 -93.62 -93.62
45 7413 -78.28 -78.28
39 7414 -144.89 -144.89
43 7414 -165.18 -165.18
45 7414 -124.2 -124.2
39 7415 -348.54 -348.54
45 7415 -289.67 -289.67
39 7416 -344.03 -344.03
45 7416 -286.48 -286.48
39 7417 -362.26 -362.26
45 7417 -255.57 -255.57
39 7418 -319.41 -319.41
45 7418 -267.6 -267.6
39 7419 -325.77 -325.77
45 7419 -272.94 -272.94
39 7420 -325.77 -325.77
45 7420 -272.94 -272.94
39 7421 -335.64 -335.64
45 7421 -280.36 -280.36
39 7422 -322.78 -322.78
45 7422 -270.52 -270.52
39 7423 -338.42 -338.42
45 7423 -282.4 -282.4
39 7424 -342.87 -342.87
45 7424 -285.75 -285.75
39 7425 -331.58 -331.58
45 7425 -277.65 -277.65
39 7426 -328.73 -328.73
45 7426 -270.86 -270.86
39 7427 374.66 374.66
43 7427 393.92 393.92
45 7427 359.53 359.53
39 7428 374.66 374.66
43 7428 393.92 393.92
45 7428 359.53 359.53
39 7429 -224.07 -224.07
45 7429 -176.14 -176.14
39 7430 -278.1 -278.1
43 7430 -348.32 -348.32
39 7431 -143.82 -143.82
45 7431 -122.49 -122.49
39 7432 -143.82 -143.82
45 7432 -122.49 -122.49
39 7433 -160.3 -160.3
45 7433 -137.62 -137.62
39 7434 -160.3 -160.3
45 7434 -137.62 -137.62
39 7435 209.13 209.13
45 7435 204.22 204.22
39 7436 217.82 217.82
43 7436 227.14 227.14
39 7437 -115.18 -115.18
45 7437 -97.14 -97.14
39 7438 174.58 174.58
43 7438 180.34 180.34
45 7438 171.08 171.08
39 7439 -117.21 -117.21
45 7439 -99.18 -99.18
39 7440 -69.5 -69.5
43 7440 -79.55 -79.55
45 7440 -58.47 -58.47
39 7441 -69.5 -69.5
43 7441 -79.55 -79.55
45 7441 -58.47 -58.47
39 7442 -322.48 -322.48
45 7442 -270.64 -270.64
39 7443 324.71 324.71
43 7443 339.47 339.47
39 7444 -220.86 -220.86
45 7444 -191.07 -191.07
39 7445 -320.12 -320.12
45 7445 -268.92 -268.92
39 7446 373.76 373.76
45 7446 357.63 357.63
39 7447 379.41 379.41
45 7447 363.79 363.79
39 7448 -315.82 -315.82
45 7448 -273.24 -273.24
39 7449 -315.82 -315.82
45 7449 -273.24 -273.24
39 7450 -317.43 -317.43
45 7450 -273.93 -273.93
39 7451 -314 -314
45 7451 -271.26 -271.26
39 7452 -144.83 -144.83
45 7452 -123.07 -123.07
39 7453 -339.04 -339.04
45 7453 -282.55 -282.55
39 7454 -331.33 -331.33
45 7454 -277.1 -277.1
39 7455 -341.22 -341.22
45 7455 -284.25 -284.25
39 7456 373.4 373.4
43 7456 391.99 391.99
39 7457 -255.24 -255.24
45 7457 -218.24 -218.24
39 7458 -105.82 -105.82
45 7458 -72.44 -72.44
39 7459 342.15 342.15
43 7459 385.62 385.62
39 7460 -129.08 -129.08
43 7460 -149.21 -149.21
39 7461 -94.74 -94.74
43 7461 -111.67 -111.67
39 7462 -90.08 -90.08
43 7462 -105.34 -105.34
45 7462 -73.66 -73.66
39 7463 -110.6 -110.6
45 7463 -93.14 -93.14
39 7464 377.01 377.01
45 7464 302.76 302.76
39 7465 -278.39 -278.39
45 7465 -224.66 -224.66
39 7466 -302.43 -302.43
43 7466 -382.63 -382.63
39 7467 -350.25 -350.25
45 7467 -291.56 -291.56
39 7468 383.08 383.08
45 7468 367.65 367.65
39 7469 -359.31 -359.31
45 7469 -297.9 -297.9
39 7470 -156.64 -156.64
43 7470 -179.27 -179.27
39 7471 193.57 193.57
45 7471 190.96 190.96
39 7472 -97.36 -97.36
43 7472 -110.5 -110.5
45 7472 -83.38 -83.38
39 7473 -350.29 -350.29
45 7473 -291.44 -291.44
39 7474 202.36 202.36
43 7474 209.82 209.82
45 7474 196.89 196.89
40 7475 279.46 279.46
41 7475 315.5 315.5
46 7475 246.42 246.42
48 7475 218.18 218.18
40 7476 269.36 269.36
41 7476 302.88 302.88
48 7476 213.13 213.13
40 7477 -255.72 -255.72
46 7477 -309.51 -309.51
48 7477 -363.28 -363.28
40 7478 -255.72 -255.72
46 7478 -309.51 -309.51
48 7478 -363.28 -363.28
40 7479 -268.83 -268.83
46 7479 -323.43 -323.43
48 7479 -377.7 -377.7
40 7480 -268.83 -268.83
46 7480 -323.43 -323.43
48 7480 -377.7 -377.7
40 7481 -251.36 -251.36
48 7481 -359.15 -359.15
40 7482 -276.23 -276.23
48 7482 -386.02 -386.02
40 7483 -258.68 -258.68
46 7483 -313.31 -313.31
48 7483 -367.18 -367.18
40 7484 -202.32 -202.32
46 7484 -253.38 -253.38
40 7485 -291.26 -291.26
46 7485 -346.93 -346.93
48 7485 -402.5 -402.5
40 7486 -291.26 -291.26
46 7486 -346.93 -346.93
48 7486 -402.5 -402.5
40 7487 -113.91 -113.91
46 7487 -159.81 -159.81
40 7488 -313.47 -313.47
46 7488 -370.37 -370.37
40 7489 -304.26 -304.26
46 7489 -360.76 -360.76
40 7490 -139.57 -139.57
46 7490 -187.09 -187.09
48 7490 -235.07 -235.07
40 7491 -139.57 -139.57
46 7491 -187.09 -187.09
48 7491 -235.07 -235.07
40 7492 164.63 164.63
41 7492 168.6 168.6
44 7492 173.89 173.89
46 7492 163.76 163.76
48 7492 165.22 165.22
40 7493 119.19 119.19
48 7493 83.48 83.48
40 7494 -323.51 -323.51
46 7494 -380.67 -380.67
40 7495 -277.95 -277.95
48 7495 -387.98 -387.98
40 7496 -254.08 -254.08
48 7496 -361.74 -361.74
40 7497 300.83 300.83
46 7497 277.69 277.69
40 7498 -234.31 -234.31
48 7498 -339.59 -339.59
40 7499 162.53 162.53
47 7499 -383.32 -383.32
48 7499 100.96 100.96
40 7500 203.25 203.25
46 7500 174.8 174.8
47 7500 -331.67 -331.67
48 7500 146.52 146.52
40 7501 144.23 144.23
46 7501 112.68 112.68
40 7502 309.4 309.4
47 7502 -235.55 -235.55
40 7503 371.89 371.89
48 7503 336.65 336.65
40 7504 183.65 183.65
47 7504 -355.93 -355.93
40 7505 -97.57 -97.57
46 7505 -138.46 -138.46
40 7506 -329.54 -329.54
46 7506 -382.22 -382.22
40 7507 -135.79 -135.79
48 7507 -221.62 -221.62
40 7508 76.62 76.62
47 7508 -277.42 -277.42
40 7509 85.18 85.18
46 7509 51.22 51.22
48 7509 16.52 16.52
40 7510 90.96 90.96
46 7510 57.38 57.38
48 7510 23.33 23.33
40 7511 90.96 90.96
46 7511 57.38 57.38
48 7511 23.33 23.33
40 7512 -257.39 -257.39
46 7512 -312.1 -312.1
40 7513 107.59 107.59
48 7513 43.41 43.41
40 7514 96.98 96.98
46 7514 64.18 64.18
48 7514 30.86 30.86
40 7515 82.69 82.69
46 7515 48.45 48.45
40 7516 -209.16 -209.16
46 7516 -382.34 -382.34
40 7517 222.56 222.56
46 7517 75.91 75.91
40 7518 -57.41 -57.41
46 7518 -224.15 -224.15
40 7519 -30 -30
46 7519 -201.97 -201.97
40 7520 -367.95 -367.95
41 7520 -128.35 -128.35
40 7521 320.01 320.01
41 7521 357 357
40 7522 284.17 284.17
41 7522 320.93 320.93
46 7522 251.16 251.16
40 7523 288.16 288.16
41 7523 324.82 324.82
40 7524 280.48 280.48
41 7524 316.41 316.41
44 7524 356.38 356.38
46 7524 247.41 247.41
40 7525 282.82 282.82
41 7525 319.05 319.05
44 7525 358.18 358.18
40 7526 311.66 311.66
41 7526 347.11 347.11
40 7527 369.47 369.47
46 7527 340.47 340.47
40 7528 -319.82 -319.82
46 7528 -376.31 -376.31
40 7529 -268.84 -268.84
46 7529 -323.41 -323.41
48 7529 -377.98 -377.98
40 7530 -268.84 -268.84
46 7530 -323.41 -323.41
48 7530 -377.98 -377.98
40 7531 -100.97 -100.97
46 7531 -145.81 -145.81
40 7532 -116.91 -116.91
46 7532 -163.71 -163.71
40 7533 265.27 265.27
46 7533 240.46 240.46
40 7534 -64.5 -64.5
46 7534 -108.86 -108.86
48 7534 -152.91 -152.91
40 7535 -105.29 -105.29
48 7535 -188.3 -188.3
40 7536 -101.93 -101.93
46 7536 -142.93 -142.93
48 7536 -184.32 -184.32
40 7537 325.12 325.12
47 7537 -224.97 -224.97
40 7538 -176.89 -176.89
48 7538 -266.42 -266.42
40 7539 83.53 83.53
48 7539 14.65 14.65
40 7540 -74.11 -74.11
46 7540 -110.15 -110.15
48 7540 -145.81 -145.81
40 7541 86.05 86.05
46 7541 51.62 51.62
48 7541 16.98 16.98
40 7542 216.36 216.36
46 7542 143.04 143.04
40 7543 22.73 22.73
46 7543 -111.95 -111.95
40 7544 229.37 229.37
41 7544 357.66 357.66
40 7545 -175.16 -175.16
41 7545 -110.32 -110.32
46 7545 -237.79 -237.79
40 7546 288.96 288.96
46 7546 256.84 256.84
40 7547 -67.51 -67.51
46 7547 -110.54 -110.54
40 7548 151.21 151.21
48 7548 87.84 87.84
40 7549 158.24 158.24
46 7549 127.22 127.22
40 7550 288.07 288.07
48 7550 245.94 245.94
40 7551 -105.09 -105.09
46 7551 -146.59 -146.59
40 7552 -127.19 -127.19
46 7552 -170.91 -170.91
48 7552 -212.46 -212.46
40 7553 322.26 322.26
41 7553 345.95 345.95
48 7553 235.32 235.32
40 7554 3.35001 3.35001
46 7554 -31.79 -31.79
40 7555 321.79 321.79
47 7555 -227.47 -227.47
40 7556 321.61 321.61
46 7556 302.01 302.01
40 7557 321.52 321.52
46 7557 301.96 301.96
40 7558 17.45 17.45
46 7558 -116.75 -116.75
40 7559 -224.22 -224.22
46 7559 -404.17 -404.17
40 7560 326.67 326.67
41 7560 364.15 364.15
40 7561 -175.02 -175.02
46 7561 -240.24 -240.24
40 7562 291.99 291.99
41 7562 327.18 327.18
40 7563 378.07 378.07
46 7563 348.99 348.99
40 7564 365.28 365.28
46 7564 336.15 336.15
40 7565 345.56 345.56
46 7565 316 316
40 7566 175.2 175.2
46 7566 147.43 147.43
47 7566 -370.07 -370.07
40 7567 42.97 42.97
48 7567 -33.51 -33.51
40 7568 285.13 285.13
46 7568 263.6 263.6
47 7568 -254.87 -254.87
40 7569 237.34 237.34
46 7569 211.8 211.8
47 7569 -296.48 -296.48
48 7569 187.15 187.15
40 7570 225.03 225.03
46 7570 198.82 198.82
40 7571 100.84 100.84
46 7571 68.29 68.29
48 7571 35.42 35.42
40 7572 80.69 80.69
46 7572 45.48 45.48
48 7572 10.19 10.19
40 7573 36.89 36.89
46 7573 -71.29 -71.29
48 7573 -193.47 -193.47
40 7574 -294.88 -294.88
46 7574 -378.54 -378.54
40 7575 -210.48 -210.48
46 7575 -392.14 -392.14
40 7576 271.86 271.86
41 7576 307.7 307.7
44 7576 346.23 346.23
40 7577 351.2 351.2
46 7577 321.01 321.01
48 7577 293.22 293.22
40 7578 153.34 153.34
46 7578 122.57 122.57
40 7579 153.34 153.34
46 7579 122.57 122.57
40 7580 -118.67 -118.67
46 7580 -160.32 -160.32
40 7581 116.92 116.92
46 7581 86.06 86.06
48 7581 55.02 55.02
40 7582 80.94 80.94
46 7582 45.91 45.91
48 7582 10.69 10.69
40 7583 167.44 167.44
46 7583 97.25 97.25
47 7583 -332.6 -332.6
40 7584 212.02 212.02
46 7584 136.86 136.86
40 7585 -64.25 -64.25
46 7585 -187.48 -187.48
40 7586 332.14 332.14
41 7586 366.42 366.42
40 7587 260.74 260.74
46 7587 231.04 231.04
40 7588 260.74 260.74
46 7588 231.04 231.04
40 7589 -244.98 -244.98
46 7589 -298.52 -298.52
40 7590 -250.83 -250.83
48 7590 -354.98 -354.98
40 7591 81.27 81.27
46 7591 46.2 46.2
48 7591 10.49 10.49
40 7592 -251.71 -251.71
46 7592 -304.03 -304.03
48 7592 -356.93 -356.93
40 7593 308.52 308.52
46 7593 275.72 275.72
40 7594 275.66 275.66
41 7594 310.73 310.73
46 7594 245.26 245.26
48 7594 217.04 217.04
40 7595 275.66 275.66
44 7595 349.94 349.94
46 7595 245.26 245.26
48 7595 217.04 217.04
40 7596 260.97 260.97
41 7596 295.36 295.36
40 7597 352.81 352.81
48 7597 294.9 294.9
40 7598 178.11 178.11
46 7598 148.59 148.59
48 7598 120.07 120.07
40 7599 281.3 281.3
41 7599 317.99 317.99
46 7599 248.57 248.57
40 7600 316.28 316.28
41 7600 350.54 350.54
40 7601 41.3 41.3
46 7601 3.23999 3.23999
48 7601 -38 -38
40 7602 119.58 119.58
46 7602 89.63 89.63
48 7602 59.6 59.6
40 7603 -251.24 -251.24
46 7603 -304.12 -304.12
48 7603 -357.13 -357.13
40 7604 -1.98999 -1.98999
46 7604 -125.86 -125.86
40 7605 326.64 326.64
46 7605 297.82 297.82
40 7606 -81.33 -81.33
46 7606 -121.76 -121.76
40 7607 68.28 68.28
46 7607 32.27 32.27
48 7607 -4.20001 -4.20001
40 7608 68.28 68.28
46 7608 32.27 32.27
48 7608 -4.20001 -4.20001
40 7609 330.15 330.15
47 7609 -181.05 -181.05
40 7610 275.49 275.49
41 7610 308.67 308.67
44 7610 344.9 344.9
40 7611 334.85 334.85
48 7611 276.66 276.66
40 7612 158.68 158.68
48 7612 86.15 86.15
40 7613 300.51 300.51
46 7613 273.72 273.72
47 7613 -243.88 -243.88
48 7613 249.19 249.19
40 7614 355.15 355.15
46 7614 329.32 329.32
40 7615 100.38 100.38
46 7615 67.66 67.66
40 7616 -19.43 -19.43
46 7616 -143.47 -143.47
40 7617 -72.74 -72.74
46 7617 -72.27 -72.27
48 7617 -120.88 -120.88
41 7618 364.31 364.31
46 7618 299.94 299.94
41 7619 -199.87 -199.87
46 7619 -311.63 -311.63
48 7619 -365.33 -365.33
41 7620 -246.82 -246.82
46 7620 -363.74 -363.74
41 7621 -234.21 -234.21
46 7621 -349.97 -349.97
41 7622 30.68 30.68
48 7622 -94.87 -94.87
41 7623 -239.27 -239.27
46 7623 -354.94 -354.94
41 7624 -239.27 -239.27
46 7624 -354.94 -354.94
41 7625 -216.65 -216.65
48 7625 -384.95 -384.95
41 7626 -221.18 -221.18
46 7626 -335.69 -335.69
48 7626 -390.76 -390.76
41 7627 -210.64 -210.64
46 7627 -323.61 -323.61
41 7628 166.28 166.28
46 7628 98.9 98.9
41 7629 -185.97 -185.97
46 7629 -297.86 -297.86
41 7630 280.25 280.25
48 7630 201.3 201.3
41 7631 49.94 49.94
48 7631 -74.28 -74.28
41 7632 221.99 221.99
46 7632 160.68 160.68
48 7632 131.59 131.59
41 7633 330.18 330.18
48 7633 265.64 265.64
41 7634 -27.81 -27.81
48 7634 -148.28 -148.28
41 7635 116.57 116.57
46 7635 43.59 43.59
48 7635 7.60001 7.60001
41 7636 141.94 141.94
48 7636 43.41 43.41
41 7637 -237.23 -237.23
48 7637 -393.19 -393.19
41 7638 -237.23 -237.23
48 7638 -393.19 -393.19
41 7639 306.85 306.85
48 7639 215.1 215.1
41 7640 -221.65 -221.65
46 7640 -336.02 -336.02
48 7640 -390.89 -390.89
41 7641 305.38 305.38
46 7641 257.37 257.37
41 7642 339.33 339.33
46 7642 272.47 272.47
48 7642 245.06 245.06
41 7643 143.87 143.87
46 7643 102.02 102.02
41 7644 -94.21 -94.21
46 7644 -237.54 -237.54
41 7645 154.01 154.01
46 7645 90.06 90.06
41 7646 -11.48 -11.48
48 7646 -140.49 -140.49
41 7647 361.41 361.41
46 7647 298.6 298.6
41 7648 -22.77 -22.77
46 7648 -116.88 -116.88
48 7648 -157.76 -157.76
43 7649 329.59 329.59
45 7649 305.13 305.13
43 7650 -204.94 -204.94
45 7650 -156.33 -156.33
43 7651 -189.93 -189.93
45 7651 -146.5 -146.5
43 7652 370.2 370.2
45 7652 339.39 339.39
43 7653 -170.69 -170.69
45 7653 -131.32 -131.32
44 7654 -98.57 -98.57
46 7654 -256.83 -256.83
44 7655 24.15 24.15
46 7655 -110.39 -110.39
48 7655 -154.9 -154.9
44 7656 -222.63 -222.63
46 7656 -407.04 -407.04
44 7657 -161.09 -161.09
46 7657 -333.3 -333.3
44 7658 -47.08 -47.08
46 7658 -195.32 -195.32
48 7658 -243.62 -243.62
44 7659 126.55 126.55
46 7659 6.07001 6.07001
44 7660 196.57 196.57
46 7660 91.85 91.85
44 7661 219.54 219.54
48 7661 99.28 99.28
44 7662 219.54 219.54
46 7662 127.63 127.63
48 7662 99.28 99.28
44 7663 51.96 51.96
46 7663 -64.06 -64.06
44 7664 334.41 334.41
46 7664 136.97 136.97
44 7665 351.16 351.16
46 7665 280.13 280.13
47 7665 -242.83 -242.83
48 7665 279.04 279.04
44 7666 329.48 329.48
47 7666 -262.14 -262.14
44 7667 -68.76 -68.76
48 7667 -250.86 -250.86
44 7668 29.26 29.26
46 7668 -105.25 -105.25
46 7669 -243.4 -243.4
48 7669 -308.75 -308.75
46 7670 243.99 243.99
48 7670 215.59 215.59
46 7671 249.9 249.9
48 7671 221.3 221.3
46 7672 356.85 356.85
48 7672 330.96 330.96
46 7673 253.14 253.14
48 7673 225.81 225.81
46 7674 377.53 377.53
48 7674 351.61 351.61
46 7675 -346.46 -346.46
48 7675 -402.79 -402.79
46 7676 -340.05 -340.05
48 7676 -395.24 -395.24
46 7677 -330.71 -330.71
48 7677 -385.79 -385.79
46 7678 -317.93 -317.93
48 7678 -371.99 -371.99
46 7679 -307.4 -307.4
48 7679 -361.09 -361.09
46 7680 -332.28 -332.28
48 7680 -386.9 -386.9
46 7681 -312.6 -312.6
48 7681 -365.78 -365.78
46 7682 -312.6 -312.6
48 7682 -365.78 -365.78
46 7683 -149.5 -149.5
48 7683 -196 -196
46 7684 124.58 124.58
48 7684 93.77 93.77
46 7685 131.84 131.84
47 7685 -383.05 -383.05
46 7686 131.84 131.84
47 7686 -383.05 -383.05
46 7687 146.01 146.01
47 7687 -365.21 -365.21
46 7688 178.3 178.3
47 7688 -328.13 -328.13
48 7688 150.22 150.22
46 7689 130.05 130.05
47 7689 -386.02 -386.02
48 7689 99.1 99.1
46 7690 136.89 136.89
48 7690 106.56 106.56
46 7691 143.79 143.79
47 7691 -368.09 -368.09
48 7691 71.63 71.63
46 7692 169.99 169.99
48 7692 141.61 141.61
46 7693 138.76 138.76
48 7693 108.48 108.48
46 7694 -30.4 -30.4
48 7694 -71.42 -71.42
46 7695 -63.88 -63.88
48 7695 -100.97 -100.97
46 7696 101.12 101.12
48 7696 71.32 71.32
46 7697 -148.83 -148.83
48 7697 -192.14 -192.14
46 7698 106.51 106.51
48 7698 76.68 76.68
46 7699 101.77 101.77
48 7699 71.85 71.85
46 7700 56.07 56.07
48 7700 21.58 21.58
46 7701 -167.99 -167.99
48 7701 -308.31 -308.31
46 7702 301.73 301.73
48 7702 283.48 283.48
46 7703 374.66 374.66
48 7703 348.98 348.98
46 7704 243.73 243.73
48 7704 215.7 215.7
46 7705 368.98 368.98
48 7705 342.32 342.32
46 7706 349.81 349.81
48 7706 324.21 324.21
46 7707 242.05 242.05
48 7707 216.05 216.05
46 7708 -214.53 -214.53
48 7708 -285.73 -285.73
46 7709 -206.06 -206.06
48 7709 -254.91 -254.91
46 7710 244.31 244.31
48 7710 220.19 220.19
46 7711 -145.94 -145.94
48 7711 -188.21 -188.21
46 7712 83.25 83.25
48 7712 51.41 51.41
46 7713 83.25 83.25
48 7713 51.41 51.41
46 7714 83.25 83.25
48 7714 51.41 51.41
46 7715 56.79 56.79
48 7715 22.95 22.95
46 7716 49.27 49.27
48 7716 15 15
46 7717 -50.16 -50.16
48 7717 -162.72 -162.72
46 7718 237.98 237.98
48 7718 143.37 143.37
46 7719 326.93 326.93
48 7719 230.78 230.78
46 7720 361.27 361.27
48 7720 336.12 336.12
46 7721 360.79 360.79
48 7721 334.17 334.17
46 7722 335.72 335.72
48 7722 307.02 307.02
46 7723 344.43 344.43
48 7723 327.13 327.13
46 7724 280.58 280.58
47 7724 -242.33 -242.33
46 7725 -176.99 -176.99
48 7725 -220.22 -220.22
46 7726 -350.52 -350.52
48 7726 -403.11 -403.11
46 7727 139.35 139.35
48 7727 111.76 111.76
46 7728 -126.2 -126.2
48 7728 -162.63 -162.63
46 7729 -126.2 -126.2
48 7729 -162.63 -162.63
46 7730 -65.12 -65.12
48 7730 -187.29 -187.29
46 7731 -97.91 -97.91
48 7731 -236.39 -236.39
46 7732 280.42 280.42
48 7732 185.72 185.72
46 7733 280.42 280.42
48 7733 185.72 185.72
46 7734 271.51 271.51
48 7734 177.58 177.58
46 7735 271.51 271.51
48 7735 177.58 177.58
46 7736 366.04 366.04
48 7736 339.22 339.22
46 7737 -272.38 -272.38
48 7737 -324.29 -324.29
46 7738 -199.32 -199.32
48 7738 -247.98 -247.98
46 7739 332.74 332.74
48 7739 303.32 303.32
46 7740 351.49 351.49
48 7740 334.77 334.77
46 7741 351.49 351.49
48 7741 334.77 334.77
46 7742 338.17 338.17
48 7742 309.27 309.27
46 7743 -152.7 -152.7
48 7743 -194.32 -194.32
46 7744 346.45 346.45
48 7744 329.91 329.91
46 7745 -150.59 -150.59
48 7745 -193.67 -193.67
46 7746 54.24 54.24
48 7746 21.3 21.3
46 7747 -89.55 -89.55
48 7747 -225.75 -225.75
46 7748 262.25 262.25
48 7748 241.09 241.09
46 7749 293.93 293.93
48 7749 275.14 275.14
46 7750 294.01 294.01
48 7750 274.97 274.97
46 7751 349.46 349.46
48 7751 325.35 325.35
46 7752 -119.61 -119.61
48 7752 -161.3 -161.3
46 7753 364.27 364.27
48 7753 348.35 348.35
46 7754 147.97 147.97
47 7754 -363.74 -363.74
46 7755 34.55 34.55
48 7755 -1.95001 -1.95001
46 7756 266.4 266.4
48 7756 239.77 239.77
46 7757 266.4 266.4
48 7757 239.77 239.77
46 7758 -28.53 -28.53
48 7758 -62.63 -62.63
46 7759 -28.53 -28.53
48 7759 -62.63 -62.63
46 7760 345.1 345.1
48 7760 252.86 252.86
46 7761 342.87 342.87
48 7761 314.65 314.65
46 7762 254.67 254.67
48 7762 228.62 228.62
46 7763 331.44 331.44
48 7763 303.77 303.77
46 7764 -106.99 -106.99
48 7764 -149.37 -149.37
46 7765 -198.92 -198.92
48 7765 -271.74 -271.74
46 7766 125.01 125.01
48 7766 95.5 95.5
46 7767 3 3
48 7767 -34.15 -34.15
46 7768 303.4 303.4
48 7768 210.88 210.88
46 7769 278.51 278.51
48 7769 249.25 249.25
47 7770 -364.92 -364.92
48 7770 116.11 116.11
47 7771 -341.99 -341.99
48 7771 136.54 136.54
47 7772 -178.12 -178.12
48 7772 369.95 369.95
47 7773 -174.18 -174.18
48 7773 376.82 376.82
47 7774 -379.07 -379.07
48 7774 111.22 111.22
47 7775 -281.64 -281.64
48 7775 202.2 202.2
0.0157415
-0.0127909
-0.00440085
-0.0340938
-0.107514
1.12022
399.752
-3.17706e-07
5.88205e-13
0.0159773
-0.0252245
-0.00940014
-0.00856677
-0.12188
0.719013
402.018
-3.78048e-07
9.30743e-13
0.0143351
-0.00281315
-0.00640993
-0.0365177
-0.0983219
1.31422
399.452
-3.17118e-07
5.49809e-13
0.0148463
-0.0210629
-0.00116695
-0.024951
-0.113985
0.92166
400.402
-3.29526e-07
6.73289e-13
0.0143828
0.00144372
-0.00633309
-0.0467982
-0.0905954
1.50186
399.337
-3.20589e-07
5.37738e-13
0.0125469
-0.0208981
-0.00637575
0.0116858
-0.126836
0.514164
402.535
-3.85811e-07
1.04985e-12
0.013596
0.00456858
-0.0061368
-0.0566482
-0.0831447
1.68299
398.949
-3.01343e-07
4.33301e-13
0.015239
-0.0179696
-0.0117834
0.0295734
-0.136658
0.30559
402.791
-3.79853e-07
1.0566e-12
0.0160107
0.00699247
-0.00466312
-0.0674379
-0.0807931
1.85931
398.324
-2.66806e-07
2.94932e-13
0.0173585
0.00968756
-0.00227106
-0.076556
-0.0768003
2.03249
397.658
-2.48118e-07
2.22207e-13
0.0146915
-0.0120396
-0.00731661
0.0643086
-0.154153
-0.123672
403.586
-3.21231e-07
4.1408e-13
0.0160624
-0.0159093
-0.0100596
0.0461567
-0.144716
0.091495
403.038
-3.37504e-07
7.75883e-13
0.0150929
0.0113403
-0.00323365
-0.0999916
-0.0587311
2.34792
396.896
-1.93701e-07
9.93526e-14
0.0160796
-0.0105211
-0.0102871
0.0810747
-0.159206
-0.341944
404.602
-3.66139e-07
5.69929e-13
0.0151514
0.00994521
-0.00294216
-0.0899703
-0.0656226
2.19487
397.275
-2.18336e-07
1.3982e-13
0.0138945
0.0126918
-0.00321264
-0.109153
-0.051117
2.49387
395.895
-1.54562e-07
4.72488e-14
0.0156214
-0.000596369
-0.00919067
0.112759
-0.176489
-0.778829
406.83
-4.85214e-07
1.12601e-12
0.0154619
0.0191665
-0.00304384
-0.116864
-0.0421063
2.79639
395.388
-1.80504e-07
1.01473e-13
0.0153482
-1.21997
0.0183204
-2.08664
-0.0893566
0.632513
406.975
4.14354e-08
-1.01187e-13
0.0164574
-1.21963
0.0206818
-1.92677
-0.0980741
0.590499
407.517
3.96377e-08
-1.06833e-13
0.015522
0.0158723
-0.00251615
-0.113882
-0.0488617
2.64551
395.866
-1.72268e-07
1.1347e-13
0.0175364
-1.22153
0.0132005
-1.58694
-0.106059
0.496427
407.983
6.87212e-08
-2.22708e-13
0.0159605
-0.00561208
-0.0102919
0.0979961
-0.167994
-0.561328
405.571
-4.20548e-07
7.97165e-13
0.0191742
-1.22122
0.0155205
-1.75983
-0.104929
0.54338
407.667
4.33487e-08
-1.44029e-13
0.0146599
-1.21955
0.0191224
-2.2366
-0.0825102
0.674714
406.802
6.59422e-09
3.10179e-14
0.0119741
-1.21392
0.0228653
-2.5213
-0.0700297
0.766059
405.864
1.13276e-08
5.17296e-14
0.0199167
-1.22433
0.0119989
-1.4119
-0.114807
0.449156
407.03
5.95875e-08
-2.48391e-13
0.0132797
-1.21822
0.0184928
-2.37916
-0.074972
0.715099
406.212
2.99176e-08
-2.18283e-14
0.020142
-1.22945
0.0127154
-1.23341
-0.121439
0.397409
406.463
3.72116e-08
-1.74784e-13
0.0208224
-1.23843
0.0138931
-1.04969
-0.129951
0.337984
405.918
4.56731e-08
-1.79243e-13
0.0149327
0.0113003
-0.00858701
0.12122
-0.185026
-0.990242
408.115
-5.51351e-07
1.50582e-12
0.0133308
-1.21141
0.0219136
-2.66391
-0.0678862
0.810339
405.256
1.73922e-08
6.01495e-15
0.0110267
-1.21083
0.0205525
-2.93627
-0.0509758
0.885816
403
5.88386e-09
1.01183e-13
0.0122979
0.0238051
-0.00276602
-0.126138
-0.0198062
3.07717
395.857
-2.84332e-07
5.35408e-13
0.0160819
0.0266783
-0.0133388
0.123091
-0.193243
-1.18908
408.607
-6.30125e-07
1.90532e-12
0.016129
0.0217265
-0.00544106
-0.120659
-0.0371893
2.93947
395.751
-2.71546e-07
5.40046e-13
0.0165882
-1.24723
0.0184679
-0.861732
-0.132109
0.282568
404.736
4.74657e-08
-1.50881e-13
0.0155777
-1.21139
0.0209145
-2.80208
-0.0657485
0.84895
403.356
2.82957e-08
1.47962e-14
0.0156281
0.0258107
-0.00334185
-0.132346
-0.0242109
3.21907
395.824
-2.85614e-07
5.79916e-13
0.0189777
0.0190565
-0.0161332
0.169631
-0.205715
-1.57762
410.618
-7.57135e-07
2.5318e-12
0.0113191
-1.21454
0.022321
-3.35727
-0.0423007
0.979191
402.675
3.00881e-09
-2.46911e-14
0.0111003
-1.211
0.0216252
-3.21737
-0.0450759
0.95512
402.989
1.13112e-08
-1.59152e-14
0.0245465
-1.25615
0.0106714
-0.674067
-0.141566
0.233402
401.584
2.58707e-08
-1.16733e-13
0.0148054
0.0300527
-0.0162719
0.135607
-0.202125
-1.37629
408.589
-7.34367e-07
2.45512e-12
0.0148455
-1.20959
0.0209615
-3.07513
-0.0563429
0.924771
402.784
2.64413e-08
-1.47931e-15
0.0181515
0.00445005
-0.0183732
0.211471
-0.217981
-1.77741
410.511
-7.37111e-07
2.22872e-12
0.00765021
-1.22294
0.0254231
-3.49388
-0.0358653
0.981607
402.301
2.00784e-08
-3.26774e-14
0.0134076
0.0257303
-0.000534617
-0.146072
-0.0129378
3.36297
395.273
-2.88581e-07
5.73277e-13
0.00526132
-1.23654
0.0266735
-3.63692
-0.0281637
0.962054
403.856
1.45652e-08
3.77593e-14
-0.612
0.571759
-1.84708
1.7075
0.953869
-6.87717
-0.37337
1.53588
-4.78242
1.71734
0.761973
-6.84601
1.61018
1.29759
-6.83257
-0.406544
1.35449
-7.07132
2.23667
0.324731
-6.20887
1.4038
1.23968
-6.82222
1.30859
0.0204923
-2.98003
1.58046
1.23779
-5.02938
1.80068
0.0863281
-7.13873
1.71039
-0.0317084
-5.52222
0.780993
-0.20944
-2.38635
0.775788
-0.2781
-2.40291
1.63391
0.0547372
-3.24239
1.75116
0.054604
-4.63335
1.64999
0.314167
-3.51973
1.63062
0.17861
-3.29885
1.698
-0.24314
-5.76232
1.6096
0.71843
-8.35827
1.24816
0.312889
-3.00844
1.73502
0.27103
-4.61739
1.69027
0.216258
-3.97058
1.62649
0.147903
-3.16531
1.60905
0.165513
-2.93181
1.63979
0.138694
-3.33602
1.5951
0.113918
-2.96613
1.64573
0.153845
-3.37433
1.60827
0.197125
-3.29326
1.71484
0.283079
-4.66294
1.63484
0.0753402
-3.24004
1.70207
0.279116
-4.63859
0.341964
-0.549176
-2.74381
0.612772
0.878926
-15.4635
1.58375
0.356343
-2.68298
1.60207
0.154249
-2.87266
1.61125
0.0941302
-2.88388
1.61196
0.0932424
-2.88444
1.58751
0.356898
-2.68702
1.59998
0.0726467
-2.87682
1.62375
0.203125
-3.3138
1.64252
0.139051
-3.34
1.60519
0.0716862
-3.00654
1.70117
0.194966
-4.15527
1.6521
0.216553
-3.27231
1.63244
0.220537
-3.07817
0.362907
0.930066
-13.9637
-1.39205
0.126028
1.19714
1.60514
0.170004
-3.01323
1.64651
0.06916
-3.45885
1.68022
0.134399
-3.89792
1.63446
0.0688771
-3.28346
1.63833
0.194137
-3.29395
1.61943
0.213222
-3.27249
1.62773
0.139879
-3.23023
1.61284
0.209202
-3.09705
1.61267
0.209222
-3.09687
0.0431304
1.00009
-10.8852
-0.431382
1.4536
-3.54977
1.76795
0.290686
-4.5955
1.60022
0.141067
-2.97163
1.6261
0.110779
-3.19331
1.59261
0.372116
-2.88828
1.64594
0.137139
-3.4127
1.4605
1.4668
-4.95049
1.27128
1.47154
-5.07704
1.62119
0.256349
-3.01413
1.64649
0.302284
-3.37171
1.66458
1.22462
-6.85459
-0.257104
1.24289
-6.83938
1.68504
0.685366
-8.05072
-0.27975
1.4267
-6.89089
1.77918
-0.00714214
-4.90375
-0.329669
1.01879
-8.92082
-0.247021
-0.109544
-9.62925
-0.693158
0.433048
-1.83475
1.63877
0.228344
-3.40883
0.788353
-0.353526
-3.59724
1.61064
0.21934
-3.12127
0.963864
1.44316
-3.01274
-0.197377
-0.291835
-2.75458
-0.199127
-0.297004
-2.77137
1.64901
0.314
-3.42787
-0.933463
0.111571
-3.53745
-0.945103
0.117295
-3.36346
1.64356
0.153457
-3.44743
1.64294
0.103642
-3.37421
1.64653
0.169353
-3.18258
1.59818
0.276839
-2.93526
1.5871
0.260411
-2.67883
1.69778
0.111284
-3.9587
1.62989
0.221754
-3.07468
1.61064
0.21934
-3.12127
1.61722
0.189428
-3.08958
1.00181
1.4778
-2.99737
1.62595
0.0939644
-3.06448
-0.660985
0.406881
-1.82989
1.68873
0.229332
-4.55138
-0.989286
0.34939
-3.71994
1.73922
0.274276
-4.62546
-0.939684
0.261631
-3.73618
1.75047
0.250536
-4.81769
1.53044
1.1
-6.83951
1.81398
0.265893
-5.48802
-0.580664
1.17372
-3.48218
-0.592719
1.21019
-3.48681
1.63077
1.29162
-4.97394
1.22606
1.48537
-5.04191
1.82957
0.264578
-5.421
1.35231
1.1833
-5.11066
1.66984
0.55453
-7.67716
1.28635
1.37161
-5.15884
-0.0425776
-0.229999
-3.96394
1.35917
1.13117
-5.09735
-0.321561
1.44902
-4.90109
-0.928645
0.355796
-3.7554
-0.955738
0.240074
-3.73312
-0.888873
-0.00673511
-3.7712
1.51866
1.09135
-4.96308
0.832261
-0.239465
-3.44215
-0.960956
0.361257
-3.74868
-0.663207
1.54324
-4.75432
-0.35875
0.860637
-8.52946
1.68249
0.0301344
-4.19603
1.45471
1.46371
-4.94485
1.27914
1.47596
-4.98296
0.855738
-0.256061
-3.4302
-0.0458869
-0.226538
-3.30435
0.870308
-0.34364
-3.27942
-0.391437
0.0967351
-5.42862
0.791743
-0.283759
-3.44054
1.80621
0.298639
-5.41785
1.63389
0.28245
-3.22273
1.61383
0.326845
-3.01631
1.60207
0.154249
-2.87266
1.59571
0.334343
-2.72572
0.858979
-0.332088
-4.82313
0.77091
-0.312799
-3.41552
0.858504
-0.196287
-2.27087
-0.456687
1.41932
-3.53324
1.34232
1.45283
-2.86282
0.840924
-0.231596
-3.19106
0.735096
-0.312097
-2.59569
-0.667706
1.53985
-4.75401
-0.0889058
-0.131758
-8.63171
-0.211225
-0.192867
-3.14887
0.819657
-0.203415
-2.28043
-0.0252525
-0.106507
-3.76827
1.60598
0.343893
-2.90034
-1.04546
-0.163854
-2.39037
-0.996324
0.0624123
-2.48122
-0.993727
0.23188
-3.69539
-1.00141
0.0612593
-2.60325
-0.854236
0.411565
-3.72058
-0.733913
1.60923
-3.3916
1.63374
0.282728
-3.22201
1.68583
0.237107
-4.0674
-0.522709
1.37788
-4.79435
1.75182
0.906786
-7.77238
-0.962361
-0.215457
-3.24256
-0.670182
1.38525
-4.72248
0.771211
-0.204497
-2.33545
-0.182643
-0.322107
-2.80948
-0.303686
-0.223487
-2.68952
-0.778447
0.238886
-3.6473
-0.541801
-0.306755
-2.6077
0.867906
-0.330432
-4.65142
-0.723234
0.0479581
-2.3384
-0.364282
-0.196927
-2.62904
0.782478
-0.238734
-3.55568
-0.721984
-0.191981
-1.95453
-0.675863
-0.2663
-1.86605
-0.613676
-0.294816
-2.48684
1.23834
1.0788
-6.73836
-0.72827
1.51487
-3.35581
-0.481776
1.4608
-4.9797
-0.683516
-0.25585
-9.71002
1.05674
1.31395
-3.06616
1.90803
0.188494
-6.89291
-0.184259
-0.235284
-9.27117
-0.417678
-0.211036
-2.61453
-0.423144
-0.214409
-2.62452
-0.432042
1.44981
-3.54344
-0.305735
-0.402315
-9.20388
0.82633
-0.141966
-2.74915
0.829515
-0.142802
-2.75375
-0.455213
-0.315358
-2.59153
0.986108
1.37555
-3.06164
-0.347748
0.656076
2.29834
-0.900557
0.299455
-3.74239
-0.37046
0.679157
2.14027
-0.734878
1.54033
-3.3635
0.984521
1.5476
-2.9998
0.984521
1.5476
-2.9998
-0.279826
-0.190457
-3.07729
-0.205419
-0.218177
-2.73711
-0.577779
1.51849
-4.74401
-0.811999
0.467609
-3.94855
-0.933812
0.4117
-3.68197
-0.48283
0.158593
-3.63005
-0.884486
0.0336425
-3.7963
0.80471
-0.203161
-2.29425
0.804132
-0.192053
-2.31874
-1.01456
0.215506
-2.525
1.26387
1.52707
-2.79302
-1.01002
0.210832
-2.47488
-0.618829
1.78442
-2.43413
0.76776
-0.228444
-2.76855
1.07356
1.58902
-2.87381
-0.74358
1.43925
-4.64852
-0.426693
-0.126243
-4.83245
-0.658656
-0.276685
-2.07954
-0.600064
1.3754
-4.76827
1.63078
0.312735
-3.48937
-0.533174
1.32384
-6.82823
0.797755
-0.268728
-3.54471
0.805766
-0.20394
-2.2955
-0.3398
1.41118
-4.85785
-0.182623
-0.211438
-2.78668
-0.414318
1.18119
-8.61475
1.61801
0.344159
-3.06656
0.989937
1.35012
-3.06549
1.19875
1.19105
-2.97038
-0.858273
0.0155463
-3.90587
0.843383
-0.218075
-2.26351
0.843383
-0.218075
-2.26351
1.70533
-0.232971
-6.4999
0.772203
-0.205018
-2.33789
0.741816
-0.195463
-2.31424
1.69743
0.260546
-4.2264
1.7074
0.224078
-4.1474
-0.0291413
-0.143186
-8.6998
0.843275
-0.321847
-2.88215
-0.831685
0.374076
-3.72198
-0.831936
0.373014
-3.72237
-0.926156
0.147458
-3.32539
-0.549743
-0.0819799
-4.94744
-0.0449584
-0.221806
-3.26351
-0.864286
-0.311661
-3.55457
-0.0925208
-0.349677
-3.33186
-0.949034
0.108119
-3.25888
0.74502
-0.17366
-2.36189
-0.952474
0.353924
-3.7246
-0.881598
0.0442619
-3.79133
-3.04676
1.1672
4.87482
0.825833
-0.201461
-2.28969
0.795129
-0.227224
-2.72498
-0.066507
-0.242869
-3.26921
-0.682812
0.377105
-1.83416
-0.983598
-0.139602
-2.49392
-1.01102
-0.0301626
-2.57218
-0.684808
0.376841
-1.83527
-1.01818
0.246873
-2.53495
-1.01292
0.141121
-2.58856
-1.05008
0.170419
-2.6198
1.28627
1.41215
-5.13787
1.73833
-0.128101
-5.356
1.65653
0.0158659
-3.22237
1.60156
0.281783
-2.72911
1.65151
0.305937
-3.47925
1.60169
0.166605
-2.82112
1.49803
-0.162326
-5.5033
-0.478345
1.29013
-3.4938
-0.733586
1.60655
-3.39372
-0.352597
1.41426
-4.80015
-0.633263
1.57232
-3.28766
-0.556251
-0.317698
-2.54636
-0.811999
0.467609
-3.94855
-0.666085
1.59724
-3.30814
0.845111
-0.234079
-2.27098
1.45092
1.37563
-5.13102
-0.669436
1.60171
-3.31462
0.781754
-0.231049
-2.74604
1.27446
0.284159
-3.00358
0.788214
-0.258717
-3.17502
-0.149019
-0.292892
-2.83705
-0.841863
-0.0893063
-4.01524
0.743503
-0.27259
-3.2325
1.25714
1.24223
-2.94545
1.23875
1.4585
-2.79639
-0.435436
1.42473
-4.78227
0.281779
-0.325942
-2.55818
0.768784
-0.191777
-2.83255
-0.386325
-0.190789
-3.20795
-0.329258
-0.204322
-2.74707
0.938722
-0.270613
-3.44172
0.975428
1.36864
-3.06996
-0.924551
-0.239198
-4.00514
1.63545
-0.278952
-3.00965
-0.413467
-0.216909
-2.64813
1.40403
1.5136
-5.01747
-0.567074
-0.233056
-3.41016
0.898858
-0.210126
-3.4678
1.6384
0.00865248
-5.68844
0.777827
-0.285959
-2.80575
0.950327
1.40398
-2.99942
1.15164
1.62526
-2.87258
1.26885
1.24005
-2.93959
-0.610142
-0.290926
-2.50403
1.60769
0.330439
-2.87331
0.743821
-0.162324
-2.37726
1.00185
1.55389
-2.89396
-0.589426
-0.299678
-2.65167
0.789209
-0.158855
-2.38457
0.378872
-0.252343
-1.68231
1.63545
-0.278952
-3.00965
1.64902
0.187577
-3.41099
-0.981508
0.0955975
-2.59887
-0.882994
-0.00765729
-3.75763
0.770198
-0.132193
-2.3722
1.38419
1.10366
-5.09498
0.791249
-0.208648
-2.73463
-0.759429
1.42367
-3.44445
-0.584433
1.52248
-4.75748
-0.590204
1.35497
-4.70167
1.60933
1.28471
-5.03803
-2.39406
0.70705
3.62716
1.61457
0.0988903
-2.91044
-0.628625
0.585922
-1.83342
-1.00602
-0.0736792
-2.53049
0.761267
-0.267108
-3.57909
-0.427566
1.36805
-4.86443
-0.559491
-0.321178
-2.55902
-0.715789
1.85948
-2.51801
-0.222559
1.25457
-6.63678
0.784733
-0.349352
-3.32174
-0.624611
1.7997
-2.44716
-0.779964
1.3757
-3.53735
1.08571
1.55103
-2.80918
-0.327708
-0.202991
-2.73959
-0.714202
-0.224905
-1.96561
-0.886083
0.142029
-3.89893
-0.712111
-0.240943
-1.95306
-0.711758
-0.188065
-1.95871
0.830407
-0.140836
-2.69787
-0.596933
-0.267268
-2.4959
-0.703806
0.267902
-1.82871
-0.801167
1.50261
-3.35081
-0.82349
1.63483
-2.34006
0.239118
-0.278841
-2.16729
-0.68626
-0.183158
-2.00977
-0.698229
-0.218823
-2.08656
-0.944506
0.0717157
-3.17453
0.95428
1.5571
-2.97631
-1.0264
2.7728
-2.97192
1.25025
1.46359
-2.77578
-0.731398
1.57139
-3.40381
1.27121
1.22311
-2.92168
-0.314861
1.45483
-4.60405
-0.707705
0.418617
-1.83217
-0.57582
1.33846
-6.72058
-0.530265
0.811213
-4.80959
-0.892211
0.146309
-3.70871
-0.960741
0.0860654
-2.58036
0.891274
-0.21738
-3.38827
0.930653
-0.218351
-3.40087
0.792859
-0.12108
-2.42369
0.767442
-0.190482
-2.82862
0.732146
-0.244676
-3.1125
1.246
1.46376
-2.79038
0.934854
1.35878
-2.99817
-0.985384
0.200489
-2.57556
1.51391
-0.0461405
-5.16037
-0.172989
0.58084
2.02781
-0.313188
0.615235
2.23118
0.727377
-0.213027
-2.36942
0.727377
-0.213027
-2.36942
-0.700612
-0.171532
-1.98819
0.819289
-0.298453
-2.44548
1.30727
1.18162
-5.0623
-0.423
-0.224216
-2.68478
-0.376759
0.607502
1.83307
1.30047
1.43656
-2.86254
1.32783
1.40032
-2.90118
1.00683
1.27005
-2.98515
-0.127114
0.642612
1.96179
-0.209513
0.575517
1.63968
-1.01109
-0.00887712
-2.63898
-0.839553
-0.0884486
-4.00573
0.965924
1.36013
-3.05255
-0.904108
0.0470435
-3.73054
-0.58938
1.35394
-4.6979
-1.00125
-0.130701
-2.51562
-0.702134
-0.274042
-1.96862
0.969465
1.46689
-3.01134
0.981024
1.45484
-3.00775
-0.539999
1.57295
-3.28256
-0.750486
1.52067
-3.33779
-0.81323
1.52307
-3.38305
1.08221
1.26146
-2.97487
-0.533349
1.50034
-3.43357
-0.391859
1.46431
-3.38291
1.20641
1.17953
-2.9802
-0.606199
1.17259
-3.37504
-0.601658
1.55674
-4.67539
-0.531926
1.58936
-4.79114
-0.495383
1.56375
-4.80781
1.5691
1.45164
-4.95406
1.23273
1.46433
-5.06693
1.62313
1.39113
-4.98351
1.63635
1.38934
-5.05294
-1.03638
0.365153
-2.36957
-1.01491
0.362137
-2.53405
-1.07091
0.460792
-3.72472
-0.968256
0.403311
-3.71774
-1.08431
0.37336
-3.72017
-1.01897
0.236883
-2.49217
1.6237
0.328213
-3.35223
1.6237
0.328213
-3.35223
1.64601
0.3267
-3.46616
-1.00618
0.214453
-2.58752
-1.02031
0.194426
-2.47899
-0.910423
0.277468
-3.7491
1.62562
0.221851
-2.97991
-0.984456
0.255206
-3.71383
1.70774
0.200821
-4.11404
1.69062
0.201634
-4.08754
1.7008
0.202189
-4.10414
1.4073
0.23113
-5.05887
1.69507
0.143471
-3.85759
1.71866
0.136903
-4.38039
-0.931107
0.109553
-3.47665
-0.989385
0.0806615
-2.72902
-0.915693
0.0774435
-3.71077
1.67959
0.077568
-4.04945
-0.914896
0.0713597
-2.93314
-0.867647
0.046642
-3.90758
-0.940657
0.0498699
-3.36815
3.22877
0.0225136
-4.80039
1.5378
0.05923
-2.81863
-0.962614
-0.220868
-4.04646
0.797494
-0.144304
-2.79597
-0.189084
-0.231326
-3.19431
0.971509
-0.169181
-2.80095
-0.928966
-0.301906
-3.52913
0.828467
-0.1667
-2.7034
0.817635
-0.288222
-3.43341
0.873072
-0.121339
-2.32608
0.794042
-0.196621
-2.74185
0.794042
-0.196621
-2.74185
0.796193
-0.220027
-2.84118
0.862528
-0.199817
-2.70618
0.82447
-0.125554
-2.2886
-0.224072
-0.211578
-2.7332
0.822931
-0.297068
-3.20147
-1.0301
-0.180451
-2.44975
-0.560503
-0.262963
-2.63573
0.836767
-0.319463
-2.87059
0.822452
-0.190757
-2.30167
0.274984
-0.312632
-2.74484
-0.559836
-0.29333
-2.61787
-0.392628
-0.274385
-1.87193
-0.740389
1.71643
-2.48577
1.25344
1.51127
-2.78416
1.26826
1.46392
-2.77994
1.02859
1.49395
-2.86558
1.03219
1.46525
-3.00739
-0.508062
1.61821
-3.36664
-0.7471
1.62844
-3.38549
-0.747284
1.58976
-3.3622
1.08217
1.40349
-3.1063
-0.626916
1.53752
-3.36912
-0.685502
0.426118
-1.83491
1.18466
0.803593
-3.0127
1.42928
1.49779
-4.93021
-0.346296
1.40527
-4.91744
1.57479
1.38078
-4.93879
-0.680686
0.331351
-1.83317
1.41842
1.41258
-5.19642
-0.692188
0.319135
-1.83475
-0.667148
0.318817
-1.83563
-0.667148
0.318817
-1.83563
-0.674916
0.312197
-1.83115
-0.674916
0.312197
-1.83115
1.52302
1.13129
-5.05581
-0.670255
0.26771
-1.83328
-1.03305
0.304741
-2.37137
-0.844244
0.480736
-3.70758
-1.04042
0.241245
-2.2885
-1.03958
0.241637
-2.28792
-0.698759
0.252068
-2.37961
-1.02148
0.243845
-2.47912
-1.00287
0.224914
-2.54227
-1.03108
0.195061
-2.29184
1.61921
0.199224
-2.87513
1.68863
0.22342
-3.97041
-0.960984
0.164737
-3.12879
-0.960457
0.161306
-3.12883
-1.00135
0.116171
-2.57086
-0.970007
0.129405
-3.20475
-0.954861
0.127941
-3.19365
-0.928308
0.13632
-3.55589
1.59444
0.0725743
-2.87088
0.319572
0.084969
-1.47393
1.67953
0.0327124
-3.8891
1.67953
0.0327124
-3.8891
1.58077
0.0468437
-2.99267
1.68524
0.0419327
-3.1897
-0.92078
0.0100941
-3.31798
-0.730338
-0.0667271
-5.18163
-0.730338
-0.0667271
-5.18163
-0.985229
0.0246915
-2.56604
-1.04808
0.0279874
-2.28644
-0.994002
-0.174593
-3.60749
-0.301104
-0.174564
-3.08757
-1.09134
-0.161488
-2.90907
-0.143056
-0.20544
-3.19154
0.791524
-0.164985
-2.84043
-0.323736
-0.178369
-2.72851
-0.895267
-0.3098
-3.48161
-1.05353
-0.141617
-2.42027
-0.317222
-0.211835
-2.87075
-0.306417
-0.185964
-2.71885
0.797161
-0.123038
-2.37083
0.785925
-0.119701
-2.35273
0.824368
-0.12109
-2.32252
0.821756
-0.194083
-2.6906
1.63041
-0.254853
-3.00746
-1.02723
-0.162464
-2.40823
0.813315
-0.211613
-2.7423
1.64391
-0.26573
-3.00537
-0.162372
-0.315635
-3.22108
-1.05071
-0.159195
-2.29327
0.883065
-0.227672
-2.70912
-1.05426
-0.16538
-2.28154
-1.04549
-0.177767
-2.34455
-1.03906
-0.176446
-2.33958
-0.743497
-0.0803478
-1.85883
0.774663
-0.176957
-2.31196
-0.577181
-0.281667
-2.64328
0.794993
-0.191137
-2.23093
0.84501
-0.207686
-2.27009
0.877753
-0.207666
-2.26982
0.242853
-0.277285
-2.43796
-0.561536
-0.31272
-2.49486
0.261321
-0.291862
-2.44988
-0.600136
-0.251453
-1.7903
1.01236
1.55536
-2.87714
1.01236
1.55536
-2.87714
-0.638216
1.66513
-3.47509
1.05314
1.39702
-3.07946
-0.669876
0.570528
-1.84536
-0.473646
1.56844
-3.4224
1.10512
1.3338
-3.06999
1.10174
1.3187
-3.09836
1.13814
1.0932
-2.9813
-0.458032
1.36732
-3.53092
1.15099
1.06936
-2.99449
1.22296
0.808592
-3.0041
-0.602717
0.918335
-3.48706
-0.604267
0.921145
-3.49427
-0.73711
1.34969
-4.86228
1.27932
1.40622
-5.11851
-0.377719
1.30347
-4.94917
1.61516
1.33924
-5.08736
-1.03641
0.359344
-2.45526
-1.01296
0.340791
-2.559
-0.853847
0.453133
-3.71671
-0.85434
0.452825
-3.71765
1.61193
0.327905
-2.9704
-1.02487
0.247102
-2.44135
-0.998472
0.391742
-3.70325
-1.0428
0.209985
-2.25523
1.58516
0.243953
-2.8005
1.66032
0.279929
-3.7801
-0.954548
0.170498
-3.1957
-0.954548
0.170498
-3.1957
1.68384
0.202195
-3.91319
1.68515
0.204868
-3.91571
-0.927409
0.14723
-3.11821
-0.89056
0.163345
-3.78136
-0.951285
0.148632
-3.2631
-0.999068
0.105317
-2.59107
1.69962
0.0591406
-3.95893
-0.74327
-0.0138969
-5.25849
-0.496471
-0.0361605
-4.89139
-0.496095
-0.0351795
-4.88358
1.63301
-0.0205594
-3.30631
-1.04283
-0.166422
-3.15479
-0.895629
-0.229021
-3.56236
-1.048
-0.199042
-3.22046
-1.04605
-0.104608
-2.38519
-1.10116
-0.171385
-2.84764
-1.01043
-0.134004
-2.58329
0.812868
-0.251531
-3.26631
-0.130268
-0.265681
-3.20052
-0.93155
-0.294298
-3.3258
-1.03631
-0.150217
-2.41429
0.830394
-0.121101
-2.31166
-0.729877
-0.134191
-2.32298
-1.07785
-0.235497
-2.83549
0.905509
-0.202892
-2.73583
-1.03451
-0.171581
-2.46139
0.822601
-0.297766
-3.1208
-0.979578
-0.192966
-2.49909
1.64059
-0.279993
-3.04432
0.752772
-0.161481
-2.36996
0.737249
-0.230445
-2.38124
0.811983
-0.295163
-2.43299
-0.708071
-0.175916
-1.95939
-0.681648
-0.215243
-1.9812
-0.685902
-0.233837
-1.98446
-0.678362
-0.231081
-1.97633
-0.691955
-0.252602
-1.99309
-0.713915
-0.2699
-1.95821
0.960345
1.54578
-2.99546
1.02842
1.50507
-2.98887
1.22539
1.18761
-2.97171
1.14332
1.10002
-2.99292
1.32937
1.48897
-4.96148
-0.369499
1.35644
-4.94041
-0.365988
1.35072
-4.92939
-1.03091
0.281027
-2.39216
-1.02858
0.278866
-2.42669
-0.933636
0.393111
-3.71447
1.2728
0.283699
-3.00157
-0.88699
0.344466
-3.74453
-1.01421
0.299737
-3.72345
1.69534
0.279207
-4.0836
1.69534
0.279207
-4.0836
1.76676
0.290527
-4.59398
1.61785
0.156698
-3.19191
1.68134
0.132146
-3.80596
-0.987386
0.0902164
-2.60535
-0.673476
0.0471001
-2.36091
-0.817739
-0.192677
-5.70242
-1.09578
-0.114102
-2.8665
-0.045533
-0.22996
-3.96559
-0.31781
-0.160859
-3.09399
-0.964659
-0.259014
-3.12855
-0.157565
-0.247122
-2.93369
0.851816
-0.167016
-2.27288
-0.736633
-0.230763
-1.97246
-0.726941
-0.240425
-1.96008
1.06289
1.51291
-3.12101
-0.623758
1.54931
-3.2898
-0.776956
1.51587
-3.36257
1.10274
1.28384
-3.03955
1.09489
1.27323
-3.02593
-0.531844
1.31941
-3.56136
-0.375675
1.53983
-4.79
1.52752
1.45511
-4.96536
1.57272
1.1735
-5.05137
-1.0298
0.302266
-2.38945
1.57379
0.252721
-2.8643
1.65954
0.307217
-3.80435
1.69507
0.286032
-3.9138
1.69328
0.285945
-3.91184
1.66286
0.225455
-3.7565
1.72014
0.155049
-4.09275
1.60909
0.12453
-2.8107
1.60909
0.12453
-2.8107
-1.01087
0.0694345
-2.57698
1.54217
0.00501332
-2.703
-0.992701
-0.151619
-2.55731
-0.960377
-0.252533
-3.21928
0.840896
-0.176474
-2.74871
-0.601853
-0.252915
-2.47448
-0.581868
-0.324033
-2.49211
-0.704081
-0.263339
-2.07883
-0.411701
-0.266584
-1.86639
-0.584349
-0.280889
-1.84833
1.18636
1.60565
-2.86576
1.10644
1.22067
-2.98833
-0.609102
1.46768
-3.45247
-0.454688
1.413
-3.54709
-1.00637
0.179685
-2.57608
1.62604
0.216758
-3.23887
-0.936039
0.153298
-3.39998
1.76369
0.217413
-4.49612
1.68346
0.18746
-3.83601
1.66437
0.0817461
-3.86874
-1.00149
0.0259133
-2.54796
-0.972414
-0.117438
-3.45908
-0.407249
-0.227519
-2.79123
-1.0488
-0.177548
-2.43235
-0.530054
1.21191
-3.48782
-0.361958
1.19722
-4.75685
1.28197
1.29619
-5.08188
1.3148
1.17044
-5.15467
-1.02224
0.335712
-2.52751
1.60547
0.315871
-2.84862
-0.892472
0.218856
-3.74715
1.59654
0.166054
-2.8154
-0.886023
-0.205549
-4.12192
-0.970159
-0.203186
-3.46507
-1.01351
-0.112671
-2.57044
0.743851
-0.193057
-2.41758
1.59245
0.263303
-2.77209
1.57149
0.217937
-2.82381
1.85846
0.138365
-5.31512
1.85873
0.137374
-5.31474
1.79113
-0.0205139
-5.15542
1.59371
-0.0272371
-4.29744
-0.950696
-0.284267
-3.46046
-0.660914
1.55036
-3.32821
-0.535685
1.56163
-3.35729
-0.987358
0.266528
-2.56146
-1.03311
0.234198
-2.51509
-0.950098
0.219173
-2.56915
1.18611
-0.0357751
-2.72015
-1.04207
-0.0707561
-2.35021
0.752377
-0.269217
-2.91009
-0.479398
1.53121
-3.51202
1.17654
1.23097
-3.02244
1.18039
1.23097
-3.02533
-1.03396
0.26879
-3.57946
1.29682
0.24542
-3.35614
-1.02926
-0.106146
-2.42208
0.775938
-0.243415
-2.55801
-0.59823
-0.273125
-2.56012
-0.523822
1.30675
-3.83809
-0.316298
0.227448
-2.98216
-0.642726
-0.0688128
-3.27172
-0.942199
1.75245
-2.39544
-0.942199
1.75245
-2.39544
-1.16094
1.04439
-1.85468
-1.16094
1.04439
-1.85468
0.969878
1.52374
-2.99419
-0.555726
1.66736
-3.42658
1.31099
1.36671
-2.90755
-0.72001
1.58077
-3.43585
-0.804298
1.5071
-3.35949
1.1623
1.11546
-3.02694
-0.741872
0.544568
-1.81505
-0.838009
0.452255
-1.82999
-0.728778
0.454083
-1.82941
-0.733609
0.454324
-1.83346
-0.683501
0.43932
-1.82541
-0.320441
1.32526
-4.90404
-0.718924
0.427483
-1.83705
-0.755327
0.389542
-1.82975
-1.07153
0.416895
-1.99539
-1.06344
0.39974
-1.98575
-1.07235
0.403808
-1.99547
-0.75957
0.360631
-1.83584
1.45567
1.03932
-5.0311
1.437
1.01321
-5.04805
-0.768211
0.320225
-1.83471
-0.759975
0.306565
-1.83572
-1.08971
0.247324
-1.78226
-0.93437
0.361374
-3.72545
-1.00885
0.232661
-2.4814
-1.03726
0.180207
-2.12261
-1.03537
0.180083
-2.12044
-1.0408
0.175366
-2.11319
1.68099
0.232465
-3.91197
-0.737887
0.136748
-1.84825
1.44657
0.245838
-5.02316
1.59002
0.153046
-2.88001
-0.984646
0.0748928
-2.60482
-0.953879
0.0740452
-3.26867
-0.985303
0.0696827
-2.7324
-0.72067
0.075012
-2.34182
-0.714642
0.0749492
-2.33199
-0.914941
-0.00620024
-3.70346
1.74317
-0.0609866
-4.43175
-1.06326
0.0143026
-2.09962
-1.06326
0.0143026
-2.09962
1.23394
-0.0307424
-2.68826
-1.06785
-0.0903231
-2.79758
-1.05178
-0.0472303
-2.09585
-1.03631
-0.151613
-2.41482
-1.06991
-0.143287
-2.09533
0.752167
-0.176698
-2.37956
0.773436
-0.180799
-2.3494
-1.05339
-0.164144
-2.08779
0.848614
-0.18035
-2.26848
-0.206211
-0.319442
-2.76555
-0.593639
-0.280986
-2.45372
0.846082
-0.223539
-2.24548
-0.729318
-0.267029
-1.95575
-0.733769
-0.257042
-1.77607
0.27509
-0.264173
-1.8305
-0.260484
-3.22828
-4.90372
-0.559884
1.9809
-2.30645
-0.577453
1.90935
-2.42144
-0.578732
1.7882
-2.37476
-0.716515
1.55759
-2.29987
1.35604
1.43591
-2.88737
1.01222
1.44511
-3.07918
-0.760397
1.33422
-3.36813
-0.624906
1.18373
-3.45818
1.16311
0.890793
-2.99147
-1.05261
0.439152
-2.06007
-0.211493
1.34459
-6.87062
-1.08913
0.304946
-1.7754
-1.0919
0.285282
-1.74986
-1.08859
0.283465
-1.78183
-0.776516
0.274782
-1.84129
-1.089
0.247841
-1.76303
-1.09273
0.24425
-1.75571
1.60002
0.245707
-2.8131
1.70454
0.208276
-4.04625
1.6579
0.183322
-3.29079
1.69358
0.184459
-3.34366
1.64145
0.133824
-3.48197
1.6121
0.123339
-3.03025
-0.998355
0.0791029
-2.59042
-0.939622
0.0508556
-3.11845
-0.95311
0.0366205
-3.27014
-0.708123
-0.0414289
-5.30816
-1.15788
-0.0474024
-2.06468
-1.15154
-0.0567347
-2.05278
-1.16391
-0.0593985
-2.07934
-1.08657
-0.0602013
-2.08949
-1.0927
-0.17621
-2.93367
-1.09249
-0.176307
-2.93367
-0.884962
-0.256671
-3.0586
-0.858865
-0.248637
-2.99554
-1.05069
-0.173277
-2.06717
-0.689002
-0.184292
-2.01454
-1.03171
-0.220379
-2.05947
0.909024
-0.273197
-2.30928
0.920704
-0.278489
-2.33023
-0.685408
-0.238885
-1.96402
-0.683913
-0.238402
-1.96118
-0.695879
-0.262027
-2.03787
1.16502
-0.27655
-2.06524
0.204275
-0.257239
-1.98243
0.201484
-0.240437
-1.84377
-0.1696
-0.267597
-1.86388
-0.166565
-0.264975
-1.85172
0.206704
-0.254709
-1.84004
-0.552101
-0.29533
-1.89261
0.742293
-0.268691
-1.77097
0.961958
-0.28733
-1.77867
-0.598446
2.0077
-2.38794
-0.972987
1.94583
-2.37188
-0.935276
1.8946
-2.34217
-0.557205
1.88274
-2.40948
0.959364
1.54639
-2.99636
1.01585
1.38419
-3.06803
-0.731159
0.531423
-1.83967
1.31831
1.50959
-5.07707
-0.774028
0.459946
-1.83474
-0.637064
1.27208
-4.93425
-1.08808
0.335344
-1.78721
-0.665975
0.242858
-2.34898
-1.01896
0.34185
-3.70999
1.27471
0.284034
-3.00567
1.64598
0.304583
-3.37158
-1.00085
0.130583
-2.50429
-0.956407
0.135327
-3.10129
1.61738
0.146661
-3.05351
-0.723056
0.0481273
-2.33947
0.79055
-0.222231
-3.98643
-1.07525
-0.106171
-2.09144
-0.549908
-0.247853
-2.66767
-0.564558
-0.257632
-2.71768
0.919735
-0.230429
-2.31751
-0.731624
-0.23146
-1.94606
-0.636346
-0.279675
-1.79501
-0.455703
-0.256263
-1.44026
-0.438593
-0.306956
-1.1486
-0.961838
1.92563
-2.30412
1.3185
1.33437
-2.96747
-0.415113
1.49413
-3.54945
-0.752122
0.372525
-1.83702
-1.09018
0.347315
-1.77976
-1.0898
0.347135
-1.77945
-0.826262
0.358395
-1.85111
-1.09241
0.295896
-1.76599
1.60437
0.368482
-2.94778
-1.00204
0.175071
-2.56821
1.36038
0.10374
-2.3972
-0.996274
0.0378987
-2.60756
1.77798
-0.062965
-4.61921
-0.871859
-0.141187
-4.08672
0.860205
-0.121446
-2.71404
-0.967338
-0.145308
-2.52246
-1.16083
-0.0873696
-2.03973
-1.07493
-0.224831
-2.84959
-1.15638
-0.145899
-2.06011
0.751364
-0.221493
-2.3481
-0.449846
-0.295576
-2.61076
1.17513
-0.220853
-2.01446
1.14502
-0.254439
-2.04991
1.14879
-0.250207
-2.02874
-0.752532
-0.257973
-1.81686
0.411663
-0.267611
-1.78471
-0.693757
-0.24919
-1.48039
-0.437911
-0.257033
-1.45586
-0.54805
1.97132
-2.31268
1.05273
1.56522
-2.89995
0.965635
1.54374
-2.91233
-0.79586
1.5436
-3.41783
-0.78225
1.49008
-3.44401
-0.783198
1.49227
-3.44814
-0.621928
1.48957
-3.49575
-0.70317
1.32561
-3.49962
-0.727622
0.48035
-1.83748
-0.806447
0.333461
-1.82605
-0.814697
0.336372
-1.83787
-0.759269
0.267295
-2.41732
1.61036
0.312862
-3.11977
1.60912
0.315974
-3.11911
-1.02481
0.161411
-2.07915
-0.981458
0.209359
-3.27291
-0.885522
0.15238
-4.0088
-1.02166
0.0588715
-2.44879
-0.99659
0.024867
-2.54097
-0.919081
-0.00161334
-2.71292
-0.924821
-0.0495856
-3.36807
-0.198103
-0.258374
-2.75879
-1.15157
-0.168515
-2.06135
-1.1514
-0.167668
-2.06048
-0.671699
-0.234173
-2.01524
-0.635603
2.02584
-2.30715
-0.635031
2.02451
-2.30586
-0.828117
1.86762
-2.29958
-0.576716
1.7695
-2.37413
1.07164
1.58743
-2.87432
1.01077
1.56187
-2.90738
-0.750409
1.55121
-3.50049
1.07749
1.25802
-3.03115
-0.745305
0.548041
-1.84297
-0.745306
0.547885
-1.84292
-1.08897
0.460892
-1.80007
-0.718355
0.459914
-1.84656
-0.788394
0.458788
-1.84328
-0.825654
0.453543
-1.83847
1.58813
0.340239
-2.76904
-0.65999
0.245937
-2.34716
-0.987356
0.149696
-2.59254
1.63269
0.137868
-3.28628
1.62984
0.139617
-3.28305
1.64282
0.104416
-3.3741
-1.14874
-0.0346888
-2.00293
-1.14171
-0.0325139
-1.99475
-1.10222
-0.0760675
-2.09407
-1.09982
-0.075434
-2.09168
-0.882139
-0.285804
-3.51134
-0.889028
-0.285826
-3.53165
-1.02928
-0.145174
-2.43232
-1.02928
-0.145174
-2.43232
-0.569355
-0.248602
-2.98936
0.832776
-0.155048
-2.30166
0.826144
-0.332253
-3.2366
-1.15355
-0.210788
-2.06229
1.1461
-0.297551
-2.51455
1.14272
-0.29507
-2.50949
-0.748569
-0.252368
-1.82091
0.317004
-0.24409
-1.38447
-0.55198
1.90897
-2.4178
1.00529
1.48211
-3.0049
1.05309
1.42582
-3.02496
-1.10726
0.449058
-1.79849
1.58554
0.315341
-2.75491
-1.14319
0.0190314
-1.93373
1.3702
-0.0186438
-2.6019
-0.511189
-0.256908
-2.72413
-0.511189
-0.256908
-2.72413
-1.09082
0.266175
-1.76824
1.65459
0.31922
-2.72922
-0.811178
-0.0425567
-3.63157
-0.599187
-0.287263
-2.57685
-0.693215
-0.198529
-1.99616
-0.602124
2.01296
-2.3369
-0.807214
0.436103
-1.8295
-0.836522
0.252301
-1.86035
1.53044
0.126958
-2.7826
1.53044
0.126958
-2.7826
1.31999
0.043018
-2.45077
-0.645976
-0.239892
-2.5067
-1.16148
-0.0798462
-1.98066
1.06453
-0.244208
-2.02737
-0.66211
-0.261734
-1.73385
1.52011
0.348098
-2.66583
-0.906959
-0.157674
-1.95221
-0.199712
-0.174531
-2.83201
-0.869501
0.186133
-2.62711
-0.647708
-0.222684
-2.20975
-0.747484
1.88659
-2.30653
-0.602049
-0.102391
-2.39939
0.958989
1.44336
-3.01552
0.936526
1.40169
-3.04482
-0.674024
1.58344
-3.35686
-0.721505
1.52765
-3.39599
-0.361282
1.40604
-3.27584
-0.686245
1.40859
-3.34704
-0.552993
1.38699
-3.41161
-0.552993
1.38699
-3.41161
-0.79694
1.3804
-3.40197
1.26811
1.31566
-5.13376
-1.03556
0.459755
-3.71821
0.152398
0.146416
-1.75459
-1.02192
0.420656
-3.70628
-0.982252
0.411795
-3.70376
1.24368
0.278353
-3.01696
-0.878123
0.301147
-3.74897
-0.952306
0.265283
-3.6048
-0.928227
0.258411
-3.75333
1.60773
0.174416
-3.15792
1.05939
0.143537
-2.74748
-0.995392
0.0035671
-3.08749
-0.978026
-0.00816379
-3.35908
-1.0252
0.0111848
-2.6352
-1.08418
-0.123713
-3.02097
-1.08844
-0.145119
-3.00941
-0.936071
-0.231964
-3.32974
-0.916867
-0.338323
-3.54895
-0.167569
-0.195042
-2.82483
0.759198
-0.234414
-2.81951
0.734671
-0.232032
-2.79073
-0.40409
-0.221874
-2.62463
0.734809
-0.190382
-2.36291
0.75737
-0.184253
-2.33415
0.774631
-0.201234
-2.32354
0.735476
-0.212556
-2.35447
0.841369
-0.194194
-2.2659
0.849844
-0.20126
-2.26718
1.09479
1.52063
-3.15901
-0.746868
1.58868
-3.36129
1.22858
1.19857
-2.9827
-0.657675
1.51959
-4.7969
-0.350239
1.3725
-4.84076
-0.443554
1.46984
-6.75045
-0.297209
1.08322
-6.77228
-0.89123
0.402707
-3.71643
-1.00267
0.328931
-3.71711
1.62056
0.216926
-3.34325
1.62427
0.213444
-3.27766
1.09359
0.129769
-2.38361
-0.937692
0.151802
-3.38726
1.63771
0.158502
-3.41766
1.68119
0.134221
-3.89896
-0.990496
0.0876927
-2.56206
-0.682524
0.0467851
-2.35395
-0.876412
0.00665572
-3.30605
0.900484
-0.150029
-2.76025
-0.410894
-0.218266
-3.1146
0.166949
-0.0066555
-1.85648
-0.964225
-0.283927
-3.25872
-0.305802
-0.203143
-2.83028
0.773399
-0.195299
-2.75544
0.773399
-0.195299
-2.75544
0.769555
-0.119418
-2.35691
0.769555
-0.119418
-2.35691
-1.08559
-0.28644
-3.01181
0.813468
-0.231086
-2.67587
0.739357
-0.176793
-2.37329
-0.139896
-0.281658
-2.78237
0.800041
-0.189044
-2.30549
0.726713
-0.211674
-2.37282
0.257262
-0.290102
-2.59663
-0.599122
1.21459
-3.36827
-0.317048
1.32604
-6.8406
-0.47499
1.10573
-6.78862
1.81008
0.385915
-3.13127
-1.00695
0.394309
-3.7179
-0.958732
0.149577
-3.212
-0.958732
0.149577
-3.212
1.62966
0.140113
-3.23283
-0.984603
0.0747299
-2.60489
-0.651889
0.0280822
-5.34663
-0.991964
0.0528809
-2.54398
-1.07035
-0.170546
-3.00819
0.785091
-0.126494
-2.39377
0.74827
-0.159642
-2.36512
0.852355
-0.311951
-2.84466
1.04374
1.41232
-3.10801
-0.74673
1.46822
-3.41478
-0.74673
1.46822
-3.41478
1.15966
1.00628
-2.99952
-0.354446
1.48744
-4.84893
1.22157
0.269302
-3.01184
1.72924
0.249216
-4.93109
-0.127046
-0.195442
-4.29757
1.20569
-0.0441032
-2.70442
-0.462508
-0.2085
-2.6318
-0.683959
1.44824
-3.43059
-0.954593
0.0535015
-2.93659
0.883856
-0.130645
-2.82867
-0.976952
-0.259545
-3.14848
-0.957758
-0.294344
-3.22106
-0.962172
-0.295641
-3.22767
-0.542712
1.5503
-3.29426
-0.758458
1.52195
-3.42181
1.26975
0.0227156
-3.00857
1.26975
0.0227156
-3.00857
-0.87461
-0.278724
-3.49874
-0.953176
-0.285616
-3.29342
-0.111763
-0.274957
-3.20356
-0.456035
-0.261208
-2.58927
-0.752508
1.34745
-3.47593
1.60051
0.270122
-3.0999
1.60083
0.272095
-3.10072
1.65059
0.280041
-3.2392
1.62047
0.327003
-5.25474
-0.923152
-0.0503396
-3.3698
-1.03328
-0.238962
-3.13431
1.06192
1.31743
-3.06928
-0.95343
0.291413
-3.73942
0.915363
1.2847
-3.00975
-1.01837
-0.0809417
-3.20183
0.969216
1.6717
-3.18417
-0.340014
1.54933
-4.74845
3.99401
0.917623
-5.82955
1.6027
0.260516
-2.67145
-0.899878
0.344117
-3.66883
-0.949636
0.293837
-3.64062
1.77197
0.243886
-4.91448
1.78723
0.103036
-4.77141
-0.148393
-0.214925
-3.2242
-0.523801
1.24964
-3.53868
-0.68439
0.334959
-1.83008
-0.832037
0.417192
-3.65006
1.61658
0.344109
-3.06312
-0.719294
0.0644319
-2.33131
0.783827
-0.126949
-2.39175
-0.520222
-0.259349
-2.59513
-0.630442
-0.276841
-1.82069
1.26078
1.21479
-2.94746
-0.592353
1.21144
-4.88683
1.27114
0.283461
-3.0012
1.7367
0.0988305
-4.48388
-0.934909
0.0657392
-3.27977
-1.09464
-0.0634308
-2.09801
1.1741
1.10167
-2.96946
-0.807406
0.389522
-1.83926
-0.199699
-0.298566
-2.77567
-0.648805
-0.327577
-2.21079
-0.70885
-0.257341
-1.95901
1.66943
0.292533
-4.1224
-0.285473
-0.21181
-2.82947
0.0184985
-0.234095
-1.44451
1.26337
0.262921
-3.02532
-0.656626
1.41586
-4.66583
-0.872023
-0.270427
-3.53988
-0.765704
1.79413
-2.55902
1.11325
1.56091
-2.78684
1.26857
1.49592
-2.79861
1.29274
1.43314
-2.78754
1.29274
1.43314
-2.78754
1.40951
1.51028
-4.96534
-0.496161
1.10146
-4.84722
1.39234
1.00597
-5.05341
-0.527538
1.23752
-6.73321
-1.02823
0.401627
-3.70379
1.59557
0.757536
-8.04233
-0.984455
0.255355
-3.71385
1.76256
0.274886
-4.61567
1.77669
0.254089
-4.78072
1.73009
0.178183
-4.43806
-0.583764
0.0658473
-3.49161
1.76222
-0.00309106
-4.94388
1.4716
-0.0865324
-5.05125
-0.14226
-0.187249
-3.71335
-0.166717
-0.176781
-3.57495
-0.0492245
-0.186991
-3.38431
-0.250032
-0.183898
-3.1215
0.816855
-0.288919
-3.91288
-0.177931
-0.20898
-3.16016
0.843452
-0.390104
-4.06885
-0.154489
-0.274123
-3.19562
-0.488791
-0.245008
-2.5664
-0.978312
1.81351
-2.44746
-0.645098
1.27862
-4.85853
-0.195136
1.41806
-6.7718
2.25336
0.56576
-3.61332
1.35361
1.05317
-6.87708
1.35294
1.05274
-6.87549
-0.909898
0.194632
-3.70363
1.45017
0.214538
-5.09727
1.45017
0.214538
-5.09727
-0.437164
-0.424472
-7.13811
-0.0259063
-0.263383
-4.16464
-0.0194984
-0.223015
-3.879
-0.0201526
-0.247307
-3.32589
-0.595014
-0.241068
-2.49247
-0.59108
1.98983
-2.50128
-0.80751
1.74659
-2.46333
-0.80751
1.74659
-2.46333
-0.427062
1.04138
-8.86235
1.66689
0.326158
-3.8946
1.09107
-1.63595
-5.00277
-0.609565
1.91692
-2.48466
1.43395
1.01656
-7.12924
0.367748
-0.263149
-1.68868
-0.582993
2.07475
-2.48778
-0.977285
1.9127
-2.42281
-0.759906
1.87362
-2.5764
1.30321
1.55698
-2.8776
1.21505
0.677193
-3.01278
-0.863048
0.149058
-3.93861
-0.746515
1.61716
-2.37858
-0.799869
1.80601
-2.56624
-0.600222
0.582648
-1.83375
-1.0417
0.191642
-2.26499
1.41402
0.202995
-3.2382
-0.748392
-0.0189907
-5.31047
-0.714218
-0.0333043
-3.73344
-0.714218
-0.0333043
-3.73344
-0.00642073
-0.243285
-3.44846
-0.949056
1.97833
-2.44787
-0.982655
1.83058
-2.40668
-0.973973
1.85321
-2.46264
-0.973973
1.85321
-2.46264
-0.906743
1.79339
-2.42254
1.06864
1.5747
-2.85918
1.34249
1.01435
-7.14284
1.51371
0.245523
-3.3089
-0.254085
0.109296
-7.82671
-0.591325
2.0407
-2.52461
0.993005
1.60616
-2.98893
-0.78351
1.83616
-2.55064
-0.194039
1.09806
-8.8297
-0.742468
0.524684
-3.63427
-0.85743
2.10415
-2.26985
-0.580417
2.00247
-2.31482
-1.01285
1.96455
-2.34979
-0.790088
1.63626
-2.33225
-0.791078
1.63037
-2.32771
-0.801315
1.61168
-2.32839
-0.801697
1.58793
-2.30757
-0.520527
1.64748
-3.40599
1.67076
1.16002
-6.74071
-0.967623
0.515474
-3.71707
2.3284
0.25249
-4.70198
1.19994
-0.01408
-2.97778
-0.600831
2.01918
-2.30814
-0.588493
2.00465
-2.30948
-0.975514
1.93037
-2.37561
-0.734178
0.553411
-1.83013
1.42348
1.48549
-4.89992
-1.06462
0.203732
-1.95048
1.64097
0.12574
-3.43711
0.837004
-0.158305
-2.73615
-0.309374
-0.196584
-2.77078
1.13021
-0.276365
-2.05702
-0.85364
2.11331
-2.26468
-0.785002
2.13292
-2.30816
-0.785002
2.13292
-2.30816
-0.733445
1.88457
-2.40153
1.09428
1.32244
-3.08272
-0.465701
1.40568
-4.81727
-0.465701
1.40568
-4.81727
1.58865
0.343339
-3.32867
-1.10637
-0.118997
-2.92037
-0.866098
-0.26669
-3.99268
1.79857
-0.351652
-4.11315
0.813739
-0.332391
-3.36657
0.780515
-0.260601
-2.82448
0.829479
-0.31185
-2.84024
0.447111
-0.243957
-1.40504
0.935879
0.215837
-2.08358
1.64635
0.137885
-3.56869
-0.874554
-0.13992
-4.1001
-1.08889
-0.239375
-2.99205
1.14754
-0.282917
-2.03306
-0.760181
-0.244353
-1.81088
0.326697
-0.238872
-1.36648
-0.835102
2.0926
-2.26281
-0.760503
2.08606
-2.29085
-0.571458
2.01144
-2.29844
-0.558116
2.00329
-2.41016
-1.07913
0.278607
-1.75459
1.72951
0.898623
-7.19369
1.63199
0.297424
-3.55515
1.64991
0.268025
-3.50551
1.64991
0.268025
-3.50551
1.64897
0.0642598
-3.4613
-1.09805
-0.095552
-2.9478
-0.881237
-0.232474
-4.12417
1.62304
0.14872
-3.27339
1.62191
0.119349
-3.10459
1.62023
0.119138
-3.10194
-0.614207
-0.253233
-2.47681
-0.862053
2.05844
-2.26117
-0.581295
1.8749
-2.4241
-0.692252
-0.246943
-1.98148
-0.68324
2.04452
-2.26386
-0.690779
0.168214
-3.56373
-0.925701
0.0446335
-3.30786
-0.861495
-0.280703
-3.77246
-0.537588
1.97244
-2.35355
-0.931245
-0.064154
-2.96191
-0.598154
1.99542
-2.32343
1.11364
1.6714
-2.91814
1.28883
1.6313
-2.87523
1.05841
1.63518
-2.94114
1.32114
1.54009
-2.86111
1.32114
1.54009
-2.86111
1.30108
1.51949
-2.87065
-0.347562
1.5395
-5.05749
-0.474687
1.43286
-6.74619
-0.250998
1.42788
-6.78245
-0.58456
1.30459
-6.78643
-0.200438
1.24928
-6.88596
-0.974256
0.338106
-3.72046
-0.967779
0.266329
-3.70858
-0.967165
0.266889
-3.70784
1.68893
0.281444
-3.96117
1.71912
0.297769
-4.61654
-0.854356
0.168068
-3.90937
1.64944
0.237668
-5.47378
1.72868
0.196335
-4.39562
-0.926863
0.0947918
-3.55813
1.6848
0.023974
-4.01947
1.62986
0.0113371
-3.86228
-0.814253
-0.159428
-4.88093
-0.815148
-0.15761
-4.88497
-0.895846
-0.128011
-4.05005
-0.175189
-0.157569
-3.22272
-0.198342
-0.166467
-3.16848
0.771146
-0.255462
-3.56025
0.296237
-0.292167
-2.88492
-0.206815
-0.320642
-2.7687
0.284464
-0.26019
-1.82648
1.3105
1.59892
-2.87566
1.03372
1.62627
-2.94931
1.34441
1.53043
-2.85171
1.33519
1.48937
-2.88149
0.997924
1.45123
-3.01208
-0.20379
1.33394
-6.84169
1.61603
1.09007
-9.15855
1.66481
0.927564
-8.06513
1.66583
0.289144
-3.71371
1.70359
0.308839
-3.97031
-0.943776
0.190912
-3.34653
-0.896555
0.108725
-3.98587
0.565123
0.00294627
-2.42277
-0.989726
-0.140868
-3.59238
-0.152621
-0.160023
-3.5907
0.829681
-0.270797
-3.08034
0.829681
-0.270797
-3.08034
-0.429251
-0.207372
-2.61295
0.323508
-0.260577
-1.82829
0.32802
-0.265022
-1.80594
2.96667
-4.87109
-5.92134
1.22072
1.60279
-2.87717
1.05433
1.6133
-2.93733
1.05433
1.6133
-2.93733
-0.727576
1.44012
-4.77468
1.58912
1.51812
-5.02454
-0.267137
1.40268
-6.69881
-0.325832
1.32801
-6.86691
-0.8553
-0.0648508
-3.90103
-0.853653
-0.149578
-4.85902
1.27599
1.46732
-2.86856
-0.44469
1.54597
-4.77259
-0.353098
1.48058
-4.84064
-0.596732
0.911164
-3.46693
1.66475
0.299799
-3.74914
1.69469
0.230766
-3.88547
1.72154
0.163721
-4.04452
1.72154
0.163721
-4.04452
-1.04581
-0.121805
-3.16232
-0.712944
1.5181
-4.81968
-0.348954
1.43431
-4.8657
-1.07421
0.377865
-3.72894
-0.301223
-0.181794
-3.34211
1.01365
1.49759
-3.01646
-0.0677549
-0.243262
-3.27266
1.33192
1.40749
-2.90879
1.73884
0.056936
-4.73188
1.73884
0.056936
-4.73188
1.60799
-0.0185425
-3.91805
0.325518
-0.26319
-1.82023
0.325518
-0.26319
-1.82023
-0.667371
0.018555
-4.46561
-0.51945
0.877311
-6.56813
1.74138
0.0746105
-4.68344
-0.835824
-0.294489
-3.99403
1.49577
-0.45686
-3.87124
-0.629523
-0.267332
-1.70195
-0.568845
2.01591
-2.31799
1.57952
0.232623
-2.69243
-0.301847
-0.2184
-2.66088
0.856908
-0.229872
-2.26204
1.34447
1.49404
-4.97328
-0.312337
-0.279903
-2.84707
1.72772
0.234964
-4.93551
1.71708
0.243052
-4.91344
-0.191309
1.094
-8.80619
1.26727
0.0962436
-3.01233
1.3717
1.35693
-5.09968
1.64225
1.24776
-5.1094
-0.946274
0.491181
-3.70922
-0.94717
0.489972
-3.7092
-0.998188
0.488634
-3.70932
-0.993752
0.4858
-3.70288
-1.01042
0.436561
-3.71407
-1.03844
0.437237
-3.71262
-0.874432
0.400545
-3.70158
-0.839049
0.381937
-3.70619
-0.921619
0.295998
-3.72156
1.65865
0.311929
-3.71631
-0.93979
0.286382
-3.73254
-0.937766
0.285717
-3.7292
1.66331
0.309414
-3.77296
1.6692
0.310279
-3.78045
-0.930696
0.259484
-3.75641
1.71148
0.263993
-4.38514
-0.952538
0.165941
-3.23501
1.70726
0.222951
-4.11115
1.68397
0.193143
-3.97932
-0.901228
0.129832
-3.56736
-0.919754
0.132363
-3.59962
-0.934098
0.117615
-3.44714
-0.935421
0.0993128
-3.45508
-0.934811
0.0989581
-3.45467
-0.669217
0.0782635
-3.90016
1.75467
0.107351
-4.8418
1.74835
0.104618
-4.82902
1.68541
0.0466084
-3.9251
-0.829593
-0.0335445
-4.50754
-0.822485
-0.0327826
-4.49329
-0.814978
-0.0370396
-4.56773
1.50274
-0.0262206
-3.49865
0.889273
-0.203935
-3.85058
0.888071
-0.203491
-3.84747
0.614156
-0.087981
-2.75131
0.859726
-0.25678
-3.85274
0.802776
-0.222355
-3.48244
-0.870893
-0.249227
-3.55791
-0.864459
-0.246982
-3.54553
0.793568
-0.230658
-3.49979
-0.169876
-0.230215
-3.15619
0.744299
-0.19296
-2.80219
0.342335
-0.333668
-3.35588
-1.08091
-0.284421
-3.02886
-0.418183
-0.201749
-2.61164
-0.418183
-0.201749
-2.61164
-0.184228
-0.271257
-2.7465
0.294067
-0.308148
-2.6958
-0.513095
1.31072
-3.55761
-0.510052
1.24399
-3.5054
1.57165
1.37846
-4.93318
1.61326
1.38388
-5.02309
1.58693
1.36414
-4.97374
1.65764
0.288549
-3.64267
-0.52128
-0.00922837
-4.87373
-0.612464
-0.189512
-3.26071
-0.383648
-0.213219
-2.64428
-0.56245
-0.270253
-2.6081
0.305607
-0.339889
-2.87114
0.898192
-0.302282
-2.71472
-0.345911
1.40912
-4.92179
-0.825066
0.0139967
-4.53892
-0.213699
-0.204895
-3.0088
0.014337
-0.328353
-3.64127
1.6007
1.33344
-5.0613
-0.955479
0.132099
-3.1401
1.63347
0.0762743
-3.32941
-0.957878
-0.190527
-3.37268
-0.956711
0.17796
-3.16099
-0.960413
0.136365
-3.10545
-0.864485
0.0170312
-3.92212
-1.0917
-0.120368
-3.00494
-1.09153
-0.120339
-3.00495
0.977379
-0.227888
-3.49776
-0.956529
0.240867
-3.73384
1.66214
0.225735
-3.7558
-0.814172
0.146404
-3.82467
-0.227086
-0.188355
-2.72299
-0.227086
-0.188355
-2.72299
-0.941687
-0.326899
-3.24421
-0.370392
1.20101
-4.79793
1.68058
0.104937
-3.79504
-0.628489
-0.0845589
-5.16231
-0.418837
-0.190765
-3.11183
-0.84304
0.13965
-3.7419
-0.522792
0.132035
-3.44475
-0.331963
-0.200748
-2.73257
-0.597256
-0.262611
-2.54935
-0.524559
1.38225
-4.79639
1.21403
1.4734
-2.86146
1.35327
1.38036
-2.98172
1.35327
1.38036
-2.98172
1.10057
0.561814
-1.7899
1.15921
0.441804
-1.77539
-0.464241
1.41657
-6.70196
-1.10607
0.354233
-1.61362
-1.03741
0.217545
-2.14133
-0.768874
0.150122
-1.38148
-0.770739
-0.126508
-1.8434
-1.0274
-0.238637
-2.05591
-0.601044
-0.257957
-1.42239
-0.684065
1.97985
-2.21699
-0.592819
1.98561
-2.36635
1.2907
1.37727
-2.80911
-0.599016
1.64556
-3.40189
1.06239
1.41082
-3.11729
-0.754517
1.40243
-3.47393
1.17092
0.447803
-1.77869
-1.10357
0.358889
-1.64905
-1.09392
0.351716
-1.73189
-1.10417
0.325574
-1.63028
-1.10866
0.327552
-1.63498
-1.10427
0.325367
-1.63031
-1.09396
0.330651
-1.73037
-1.09808
0.331412
-1.73452
-1.10248
0.312355
-1.64643
-1.10342
0.303721
-1.61368
-1.09339
0.319789
-1.73589
-1.09339
0.319789
-1.73589
-1.10488
0.293848
-1.61807
-1.09438
0.308443
-1.73017
-1.09873
0.28965
-1.67487
-1.10413
0.276928
-1.61528
-1.09575
0.286887
-1.70919
-1.09889
0.280161
-1.6627
-1.08582
0.292848
-1.7751
-1.09288
0.285671
-1.73293
-1.09364
0.277314
-1.7202
-1.09514
0.277251
-1.72155
-1.10005
0.257539
-1.66019
-1.10097
0.255132
-1.64724
-1.10105
0.255141
-1.6472
-1.10303
0.250208
-1.62309
-1.09167
0.251197
-1.73121
-1.09221
0.250443
-1.7316
-1.04436
0.207925
-2.13947
1.58439
0.244796
-2.78797
-1.06902
-0.0560046
-2.82401
-0.0507247
-0.205909
-3.31092
-0.531937
-0.299775
-2.45388
-0.724815
-0.253492
-1.79521
-0.776151
-0.220042
-1.35029
-0.621115
-0.263574
-1.45432
-0.837475
1.72123
-2.32316
-0.636544
1.54976
-3.29358
1.00616
1.39954
-3.03325
-0.705482
1.33891
-3.37116
-1.10278
0.366956
-1.63993
1.21024
0.399939
-1.77191
-1.10042
0.366114
-1.65999
-1.10416
0.357719
-1.62499
1.15419
0.386699
-1.76874
-1.10241
0.356653
-1.67486
-1.10414
0.336789
-1.62327
-1.09632
0.353187
-1.70482
-1.10131
0.300786
-1.6428
-1.09709
0.298805
-1.7051
-1.08981
0.295401
-1.74163
-1.08981
0.295401
-1.74163
-1.09364
0.251965
-1.71617
-1.09363
0.252087
-1.71622
1.21477
0.265494
-1.76623
1.17163
0.249552
-1.78356
1.19089
0.206289
-1.76352
-1.0603
0.184093
-2.05465
-1.0603
0.184093
-2.05465
-0.800744
0.153538
-1.34719
1.65995
0.179558
-3.60144
-0.991087
0.0521133
-2.8047
-1.08947
-0.094015
-2.99197
-1.0956
-0.122604
-3.01393
-1.10277
-0.117901
-2.91184
0.382621
-0.260841
-1.62296
-0.7219
2.07784
-2.25402
-0.754488
2.07042
-2.27571
-0.917912
1.7046
-2.29202
-1.07833
0.454093
-1.82878
1.19175
0.38626
-1.76399
-1.09815
0.360939
-1.69055
-1.09876
0.33226
-1.68891
-0.815307
0.33311
-1.8445
-0.811871
0.332322
-1.83792
-1.09728
0.301541
-1.68762
-1.09252
0.294514
-1.72191
1.10578
0.228472
-1.76607
-1.10099
-0.18479
-3.02447
1.19821
-0.275901
-1.89652
1.0501
1.45776
-3.04257
-0.80571
1.55685
-3.45037
1.15766
0.52035
-1.77345
1.14109
0.448178
-1.76865
-1.10298
0.305196
-1.6309
-1.08551
0.314537
-1.74614
-1.08551
0.314537
-1.74614
-1.0994
0.297787
-1.66266
1.15919
0.191397
-1.7712
1.15919
0.191397
-1.7712
1.55467
0.174313
-2.76164
1.10806
-0.278126
-2.03912
-0.851657
2.03308
-2.2352
-0.888535
1.92239
-2.45314
1.15525
1.46636
-3.00123
1.01321
1.27031
-2.99558
1.17382
0.53492
-1.77151
1.17382
0.53492
-1.77151
1.12117
0.422273
-1.7743
1.14792
0.399395
-1.77169
1.20055
0.334125
-1.76633
1.14592
0.326505
-1.76516
1.09382
0.210296
-1.77068
1.18417
0.204187
-1.76686
1.17932
-0.258646
-1.88385
-0.648588
-0.262595
-1.49492
-0.764578
-0.233519
-1.37451
-0.773991
-0.230924
-1.33185
-0.860606
1.71019
-2.3495
1.0387
1.40413
-2.9802
1.08974
0.443468
-1.77119
1.09061
0.393154
-1.77186
-1.09487
0.274662
-1.61225
-1.09995
0.274749
-1.61506
-1.08812
0.274164
-1.60254
-1.09691
0.269738
-1.6873
-0.764122
2.07813
-2.23814
-0.531873
1.95386
-2.33234
-1.10726
0.339838
-1.65721
1.09349
0.334232
-1.78107
-1.07625
-0.179757
-3.12205
-0.912898
1.76411
-2.34748
1.29337
1.36878
-2.97404
-0.880144
0.409376
-1.85384
1.20319
-0.249674
-1.88751
-0.751838
1.67539
-2.38038
-0.751838
1.67539
-2.38038
1.32638
1.52506
-2.85024
-0.979371
-0.187365
-2.0791
-0.621883
2.09682
-2.29928
-1.09967
0.221452
-1.88717
1.10354
0.216796
-1.85999
-0.920657
0.497713
-1.80674
-0.837942
0.502612
-3.71861
-0.864109
0.488668
-3.70267
-0.862781
0.388842
-3.70636
-0.934022
0.381717
-3.71675
-0.906694
0.330781
-3.74458
-0.966268
0.32595
-3.72553
-1.02231
0.319564
-3.71982
-0.995452
0.287991
-3.73615
-0.992122
0.271983
-3.72649
-0.913045
0.139863
-3.72315
-0.938242
0.098632
-3.39896
-0.929319
0.0919529
-3.48492
-1.01501
-0.156451
-3.96553
-1.00593
-0.154786
-3.94984
-0.905607
-0.243316
-3.5454
-0.607627
-0.209659
-3.22752
-0.20032
-0.191348
-2.77162
-0.19455
-0.18745
-2.76001
-0.972649
0.286776
-3.73236
-0.972649
0.286776
-3.73236
1.73867
0.648865
-7.6319
-0.95344
0.141959
-3.22477
-0.928882
0.140287
-3.42172
-0.951963
0.1277
-3.23295
-0.961144
0.115711
-3.22793
-0.93371
0.109797
-3.48121
-0.937596
-0.004048
-3.32562
-0.591777
-0.245154
-3.26523
0.917694
-0.23063
-3.14126
-0.484739
-0.262074
-3.20807
-0.176887
-0.301709
-3.16826
-0.949997
0.224341
-3.29543
-0.983264
0.251266
-3.70821
-0.159363
-0.304771
-3.17551
-0.153104
-0.310812
-3.11535
-0.478603
1.20768
-6.85837
-0.771135
0.185034
-3.80984
-0.527512
-0.0238549
-3.43147
-0.527512
-0.0238549
-3.43147
-0.14443
-0.20322
-3.27851
-0.607321
0.0502884
-3.8848
-0.788668
0.441282
-3.7817
0.949989
1.55869
-3.00907
1.07696
1.18834
-2.97216
1.39384
0.915414
-5.05761
1.6903
0.283005
-4.02288
-0.915526
0.179762
-3.73218
1.93182
0.16902
-7.05494
-0.686943
-0.0613115
-5.7662
1.90689
-0.255808
-7.32498
0.985102
-0.35893
-5.51474
-1.31681
-0.181082
-3.20343
0.836513
-0.219138
-3.44483
-0.313427
0.929197
-8.93501
1.89732
0.710435
-8.43052
1.64857
0.293946
-3.53928
-1.09732
-0.125378
-2.83977
-2.58886
-2.56517
-4.76382
-0.247117
1.27929
-6.80964
-0.438417
-0.0152272
-4.73634
0.826541
-0.226569
-3.64947
1.78222
-0.00819626
-6.22832
0.734838
-0.290909
-3.6008
1.98392
1.14241
-9.64841
1.51285
0.961923
-9.15223
1.5966
0.777555
-8.59435
1.69742
0.279905
-5.55833
-0.637695
-0.0178804
-3.54812
-1.11038
-0.100393
-2.9219
0.792627
-0.272474
-3.30304
-0.708463
1.35187
-3.60072
1.15178
1.07232
-2.99808
1.19037
1.04487
-2.98855
1.47796
1.27079
-6.87627
1.60576
0.356218
-2.67696
1.79073
0.154569
-5.70168
2.33524
0.00858345
-4.35672
-0.151117
-0.223319
-3.16528
0.862205
-0.252247
-3.44809
-0.607701
0.924652
-3.50876
1.59376
1.34132
-4.93832
1.60584
0.0539501
-2.97834
-0.76874
-0.178158
-5.56228
-1.09095
-0.120786
-2.99969
-0.260997
-0.163374
-3.16458
-0.367901
-0.203148
-3.07383
-0.742694
1.39623
-2.30175
-1.00147
-0.249508
-2.06773
-0.845053
-0.134289
-4.25222
-0.887058
-0.237239
-4.15458
0.800909
-0.207575
-3.68516
1.29427
1.25386
-5.05716
1.29572
0.0561455
-3.06635
-0.277997
-0.218493
-3.08739
1.64179
1.0337
-9.01537
1.50418
0.322133
-3.18022
1.25419
1.61472
-2.85795
-0.268451
1.26405
-6.6948
1.45022
0.993515
-9.0569
1.25026
0.278304
-2.99658
1.78746
0.308015
-5.45181
1.8513
-0.0209321
-4.93997
1.96773
-0.141226
-7.28336
1.66761
-0.0920848
-4.71694
0.985085
1.45986
-3.0139
-0.718038
1.54289
-3.3613
-0.338751
1.41411
-4.86268
1.48101
1.15504
-9.15504
1.81866
0.259407
-5.00932
1.39914
0.189049
-5.12297
0.987926
1.416
-3.08556
-0.488462
1.41366
-3.52653
1.19337
0.968864
-2.97762
1.01308
1.53782
-2.96829
1.86246
-0.107762
-6.7098
1.7498
0.678159
-8.07643
-0.847089
0.422658
-3.69877
-0.861826
-0.0666731
-3.93228
-1.09854
-0.116577
-2.91004
1.16398
1.08849
-2.98797
1.16395
1.08807
-2.98753
1.75441
-0.43969
-3.6665
0.897431
-0.377445
-4.6791
0.994385
1.54993
-3.03202
0.974558
1.42519
-3.01573
-0.538799
1.6268
-3.37548
-0.740174
1.60486
-3.35828
-0.785002
1.51903
-3.34393
-0.674227
1.50395
-3.39494
-0.682566
1.21303
-3.44383
-0.690005
1.19832
-3.43644
-0.438813
1.58569
-4.86533
1.23264
1.45887
-5.05868
1.54075
1.20792
-5.00711
-0.212226
1.38842
-6.86285
-0.955582
0.474342
-3.7025
-0.955582
0.474342
-3.7025
1.69635
0.211498
-4.18029
-0.971975
0.0775289
-2.79268
-4.23806
-0.1328
-6.67226
0.848995
-0.266477
-4.3154
-0.689432
-0.0742522
-2.45201
0.924495
-0.230571
-3.47406
-1.04343
-0.216354
-3.1251
0.830721
-0.199536
-2.68909
1.15236
1.61228
-2.83951
1.0158
1.5176
-2.97581
0.973007
1.42365
-3.00309
-0.48579
1.61043
-3.38491
0.976389
1.37523
-3.07487
-0.656018
1.57369
-3.3516
-0.625478
1.60699
-3.39624
-0.808553
1.50666
-3.3563
-0.808553
1.50666
-3.3563
1.25332
1.14334
-2.86626
1.2229
1.20774
-2.96134
-0.78401
1.40485
-3.37328
-0.638321
1.22801
-3.47057
-0.350106
1.33002
-4.93709
-1.09384
-0.0762388
-2.91463
-1.06419
-0.293933
-3.04021
-0.596907
-0.263366
-2.48916
-0.609743
-0.279811
-2.47336
0.971665
1.54232
-3.02622
1.29618
1.18521
-5.04973
-1.05732
-0.0781778
-3.14738
0.911619
-0.230663
-3.34263
0.956507
1.54957
-2.97654
1.02308
1.50384
-2.95962
-0.661971
1.54728
-3.30265
-0.780407
1.49724
-3.38128
-0.957583
0.150373
-3.17734
-1.08882
-0.117735
-2.96088
-1.09666
-0.284186
-2.91282
1.03423
1.52274
-2.95229
-0.664835
1.53588
-3.43085
-0.652272
1.43887
-3.35568
1.20929
0.437728
-3.01416
-1.09842
-0.11669
-2.91023
-1.093
-0.217627
-2.93232
-0.58449
-0.255332
-2.48599
1.01759
1.5454
-2.97354
-0.554924
1.58613
-3.3353
-0.556318
1.58121
-3.33209
-0.430093
1.56505
-3.39193
1.10995
1.28568
-3.04263
1.74983
-0.30497
-5.50017
-0.707016
1.49611
-3.42341
-0.605619
1.45412
-3.43071
-0.73063
1.38024
-3.57927
-0.606662
1.36826
-3.39996
-0.793338
1.45743
-3.3852
-0.472696
1.44948
-4.78068
0.910428
-0.130321
-2.35874
8.39201
-10.6227
-26.1553
-1.1318
1.0068
-1.82042
-0.757209
1.40232
-3.47784
-0.476019
1.34162
-3.54482
1.57526
1.37867
-4.92981
1.21226
0.418967
-1.77775
-1.09243
0.364627
-1.67363
-1.09282
0.361122
-1.74296
1.23129
0.274708
-3.02113
1.61968
0.10758
-3.46703
1.65151
0.046608
-3.5898
-1.18099
-0.0142878
-1.69696
0.82552
-0.149561
-2.46556
1.64206
0.217321
-3.32832
-0.40956
-0.2161
-2.63923
-0.521083
1.36971
-4.76645
1.63877
0.3195
-3.41205
-0.957552
0.17194
-1.45404
1.61859
0.156646
-3.10634
1.6248
0.157449
-3.11666
-0.792653
0.120256
-1.37194
0.755446
-0.319525
-2.86547
0.382196
-0.260632
-1.53062
-0.625795
1.48933
-3.501
-0.717489
0.407587
-1.83645
1.67632
0.178238
-3.57189
1.14949
0.127617
-1.75686
-0.788211
0.166101
-1.36699
1.3135
-0.307054
-2.8209
-1.03255
-0.230227
-2.07766
-1.03255
-0.230227
-2.07766
-0.579097
1.84445
-2.38955
-1.09061
0.266047
-1.76757
-0.704809
1.2321
-4.73416
-0.495919
-0.0653191
-3.25442
1.07128
1.60998
-2.88842
1.01758
1.59465
-2.90181
-0.778035
1.50677
-3.30714
-0.431014
1.54014
-3.39516
-0.410302
1.50455
-3.45454
-0.79654
1.42789
-3.41863
-0.688048
1.19478
-3.43172
-0.557308
1.5749
-4.70304
-0.625333
1.56245
-4.7438
1.53931
1.36074
-5.10295
-0.409663
1.20956
-4.80842
-0.980807
0.490667
-3.72462
-1.02895
0.444084
-3.71759
-0.894504
0.331802
-3.75548
-0.94129
0.327453
-3.73327
-1.01631
0.277378
-3.7095
1.69519
0.240249
-4.09544
1.70043
0.196594
-3.96167
1.68739
0.18317
-3.96115
1.71715
0.173026
-4.17173
-0.923199
0.120594
-3.57499
-0.937987
0.112206
-3.41385
-0.937523
0.112073
-3.41398
1.7432
0.115393
-4.73455
-0.847338
-0.00615475
-4.4016
-0.912428
-0.00410212
-3.32409
-0.787199
-0.051611
-4.40316
-0.842223
-0.0552514
-4.50564
1.70962
-0.0767578
-4.70498
0.957423
-0.00807852
-3.13762
-0.852152
-0.360662
-4.80533
1.74297
-0.347698
-4.29047
0.811566
-0.232393
-3.47531
0.957563
-0.23518
-3.48591
-1.0625
-0.225685
-3.11915
0.334843
-0.343457
-3.35673
-0.494688
-0.230337
-2.58244
-0.563618
-0.30378
-2.52659
2.1454
-3.86423
-9.41941
0.996183
1.61034
-2.94327
1.02799
1.54096
-3.03155
0.991325
1.46314
-3.00401
-0.786813
1.454
-3.42361
-0.688588
1.4592
-3.4612
-0.679877
1.2023
-3.46713
1.65635
0.226616
-3.55395
1.64455
0.208555
-3.53485
-0.962259
0.117833
-3.11769
-0.931319
0.10985
-3.47691
-0.882013
-0.194963
-4.5663
0.797484
-0.25415
-3.93508
-0.94433
-0.183485
-3.31823
-0.03295
-0.264328
-3.30153
0.802929
-0.204004
-2.70974
0.817895
-0.205414
-2.6983
0.828707
-0.215193
-2.69101
-0.511462
-0.235294
-2.59137
-0.717848
1.52255
-3.38671
-0.409195
1.50524
-3.43958
-0.567018
1.18684
-3.46896
-0.623471
0.94584
-3.48946
1.52715
1.39066
-4.90572
1.48028
1.36239
-5.04655
1.69861
0.200544
-4.10033
1.75393
0.00702311
-4.78814
-0.890321
-0.246895
-4.57847
-0.18131
-0.218796
-3.12971
-1.07862
-0.298412
-3.02547
1.02606
1.56845
-2.89894
1.17379
1.06464
-2.96466
-0.484013
1.52725
-4.72998
1.4854
1.49633
-4.95037
-1.05381
0.416334
-3.72627
1.67886
0.0654142
-3.7457
-0.468237
1.45964
-3.56771
-0.492994
1.32596
-3.54462
-0.577631
1.55993
-4.70396
1.20251
0.699052
-3.02791
-0.347866
1.43717
-4.87055
1.66676
0.179973
-3.60874
1.679
0.0775201
-3.59156
0.9881
1.58061
-2.94238
1.09678
1.21747
-2.98556
1.12794
1.34279
-3.13502
1.09983
1.18743
-2.9952
-0.532772
1.31918
-3.56049
-0.532772
1.31918
-3.56049
-0.652364
1.37377
-4.6783
1.66045
0.0529246
-3.61123
1.66045
0.0529246
-3.61123
1.66769
0.253249
-3.68119
1.65211
0.229701
-3.58799
1.68998
0.131563
-3.62945
-0.764227
1.37678
-3.51145
1.55124
0.242909
-3.3982
0.976488
1.40122
-3.12411
1.19313
1.56156
-2.93569
1.37862
1.39451
-2.98989
1.21132
1.2188
-2.91115
1.53974
1.42848
-4.81988
1.22318
0.461642
-1.79376
1.18775
0.442533
-1.76374
-1.03991
0.417963
-2.13242
1.18646
0.221195
-1.75093
1.63309
0.306816
-3.61778
1.19443
0.182137
-1.74944
-1.13554
-0.165693
-1.45711
-0.183945
-0.242319
-1.4295
-0.597551
1.71104
-2.38507
-0.710945
1.57637
-2.32321
-0.482113
1.58289
-3.4521
-1.14693
0.461081
-1.46008
-1.14905
0.476378
-1.80412
1.18526
0.367239
-1.75396
1.12115
0.361357
-1.76195
1.08645
0.310484
-1.77456
-1.09974
0.26969
-1.65256
-1.09643
0.252456
-1.65588
-1.09643
0.252456
-1.65588
-1.04337
0.257819
-2.16079
1.59599
0.344267
-3.34435
1.16228
0.218055
-1.75854
1.1497
0.176566
-1.75255
-1.12962
0.108807
-1.45563
-0.783115
0.0379335
-1.354
-1.05616
-0.060075
-2.09139
-1.19295
-0.127429
-1.68781
1.1429
-0.24341
-1.92931
0.251588
-0.246009
-1.42092
0.323371
-0.255352
-1.41935
-0.800219
1.59413
-2.29481
1.22203
1.42623
-2.9132
-0.664098
1.55462
-4.79031
-0.650121
0.5739
-1.85131
-0.650121
0.5739
-1.85131
1.18742
0.529908
-1.76123
1.22064
0.347823
-1.76021
1.21486
0.30779
-1.76639
-1.08968
0.247705
-1.71051
-1.08559
0.247688
-1.70478
-1.06175
0.157906
-2.20242
1.64078
0.0613395
-3.44315
-1.0729
-0.0707288
-2.09059
-1.0729
-0.0707288
-2.09059
-1.07754
-0.143461
-2.15782
0.759394
-0.29599
-2.46039
-1.04284
-0.24716
-2.04802
1.18349
-0.223528
-2.02897
-1.15227
-0.179811
-1.46991
-1.15227
-0.179811
-1.46991
0.170357
-0.252607
-1.44571
0.290013
-0.244608
-1.41372
0.180398
-0.252982
-1.41941
-0.956147
1.73549
-2.37808
1.08902
1.61833
-2.92412
1.26328
1.52177
-2.8638
-0.506458
1.5909
-3.36318
-0.44887
1.59999
-3.48099
1.02843
0.574264
-1.77617
-1.12068
0.471614
-1.4968
-1.15078
0.464127
-1.62928
-0.74979
0.472851
-1.83886
-0.84149
0.317448
-1.85302
-0.93188
0.261853
-1.98685
-0.93188
0.261853
-1.98685
1.60996
0.320005
-2.95334
1.56685
0.273684
-2.78793
1.2109
0.215032
-1.75939
1.65463
0.303599
-3.60065
1.15407
0.210191
-1.77172
1.20167
0.195758
-1.75548
1.63769
0.0628519
-3.28988
-1.21509
-0.00206353
-1.67705
-0.637556
-0.270341
-1.89923
0.190811
-0.241719
-1.41007
0.34716
-0.220329
-0.802724
1.0242
1.50133
-3.04604
1.14349
1.45559
-2.9765
1.32102
1.4056
-2.90278
-0.574839
0.537057
-1.74591
1.17119
0.534118
-1.76677
1.55024
1.32646
-4.99977
-1.14894
0.413585
-1.46614
1.20142
0.475062
-1.76624
1.19925
0.474497
-1.76345
1.20303
0.449395
-1.75416
1.09497
0.209941
-1.77228
-1.19859
0.0242374
-1.63102
-1.19859
0.0242374
-1.63102
-0.591773
-0.277804
-1.91104
1.19195
-0.26763
-1.74807
-0.576179
1.77185
-2.3775
-0.7044
1.80368
-2.43589
-0.70331
1.8006
-2.43173
-0.7188
1.2948
-4.58285
1.21188
0.448651
-1.75831
1.22459
0.397567
-1.76546
1.58854
0.207384
-2.74131
-0.699985
-0.204617
-2.02001
1.13599
-0.279139
-1.83744
1.10885
-0.319468
-2.10014
1.10885
-0.319468
-2.10014
-0.526828
1.44934
-4.09233
-0.815367
0.434156
-1.84436
-1.10324
0.335022
-1.76035
0.768575
-0.277622
-2.73795
1.08857
-0.316671
-2.51997
-0.587957
1.72913
-2.24973
-0.641038
0.279448
-1.92671
1.5197
0.356397
-2.65822
-0.648075
-0.227213
-2.21232
-1.08934
0.374796
-1.69826
0.812909
-0.291389
-1.71062
-0.429074
1.53583
-3.40348
-0.429074
1.53583
-3.40348
-0.481826
1.48398
-3.57287
-0.560418
1.25606
-3.48063
-0.492508
1.21597
-3.51778
-0.492508
1.21597
-3.51778
-0.867606
0.456303
-3.70717
-0.961834
0.459227
-3.72305
-0.959903
0.457291
-3.7158
-1.04427
0.451614
-3.71047
-0.976209
0.420111
-3.71736
-1.06724
0.380312
-3.71017
-0.999426
0.330171
-3.75364
-1.01503
0.312606
-3.73419
-0.941528
0.297916
-3.72817
1.63568
0.224046
-3.53324
-0.95454
0.168139
-3.22181
-0.954781
0.167782
-3.22195
1.70405
0.242836
-4.10792
1.69507
0.205093
-4.07781
-0.935463
0.146728
-3.4612
-0.935545
0.146752
-3.46119
-0.944141
0.133654
-3.35778
-0.923325
0.124509
-3.48749
-0.89123
0.13687
-3.9293
-0.940565
0.106772
-3.3839
-0.940074
0.106742
-3.38418
-0.951385
0.0913265
-3.23669
-0.882483
0.106421
-3.90079
-0.913735
0.104286
-3.71664
-0.920855
0.0889588
-3.62924
-0.874823
-0.00840444
-3.67534
-0.784986
-0.0823772
-4.13893
-1.0419
-0.157259
-3.55534
-1.03887
-0.116862
-3.19085
-0.37247
-0.160994
-3.10287
-0.331981
-0.183235
-3.11247
-0.596837
-0.209269
-3.23151
0.968496
-0.213456
-3.17917
0.804302
-0.270269
-3.46798
0.825498
-0.280297
-3.40515
-0.450205
-0.244068
-3.14891
0.966566
-0.245596
-3.16448
-0.14988
-0.281292
-3.17037
0.743333
-0.223238
-2.81608
0.802366
-0.210321
-2.71195
0.775687
-0.226515
-2.76376
-0.42536
-0.294546
-2.59895
-0.436028
1.53626
-3.57228
-0.639697
1.25032
-3.47121
-0.978924
0.4876
-3.71676
1.68255
0.195648
-3.88503
-0.955723
0.114576
-3.20203
-0.934378
0.0844462
-3.47122
-0.934378
0.0844462
-3.47122
-0.95305
0.0368844
-3.33571
0.836464
-0.259366
-3.43583
-0.31568
-0.199387
-3.03547
-0.315999
-0.199683
-3.03636
0.744641
-0.262409
-3.20751
0.755643
-0.274238
-3.21389
0.852565
-0.281926
-3.08862
-0.604847
-0.266638
-2.93852
0.310976
-0.324102
-3.07211
0.310976
-0.324102
-3.07211
-0.430027
-0.283974
-2.61096
-1.03625
0.404686
-3.71306
1.66916
0.256329
-3.56799
1.65012
0.226927
-3.6322
-0.96572
0.163571
-3.14514
-0.951712
0.127516
-3.23259
-0.951712
0.127516
-3.23259
-0.940466
0.132242
-3.39059
-0.940691
0.0496688
-3.36786
-0.933865
0.0506137
-3.35941
0.874518
-0.175834
-3.4829
0.874518
-0.175834
-3.4829
-0.152209
-0.140817
-3.17412
-0.152209
-0.140817
-3.17412
-0.172371
-0.15866
-3.21188
0.93506
-0.240818
-3.46915
-0.909538
-0.265704
-3.54627
0.948607
-0.205056
-3.17365
-0.5421
1.57704
-3.48011
-0.87917
0.10923
-3.94111
-1.01914
-0.281536
-3.65184
0.780421
-0.254542
-3.15664
-0.474965
1.47531
-3.58391
1.66645
0.298695
-3.75061
-0.961793
0.132687
-3.16545
-1.01031
-0.148589
-3.64557
1.65768
0.0534224
-3.60841
-0.314182
-0.157458
-3.08153
-0.863922
-0.30081
-3.54868
0.831709
-0.251771
-3.2525
-0.101829
-0.270668
-3.25112
1.70007
0.0750366
-4.02631
-0.943508
-0.177678
-3.35418
0.842662
-0.211166
-3.49374
-0.997474
0.232825
-3.70179
-0.942547
0.0806108
-3.30431
-0.133672
-0.185888
-3.20334
-0.983926
-0.297132
-3.57466
0.745434
-0.28196
-3.26288
0.804053
-0.26102
-3.44028
0.850858
-0.351124
-3.25863
0.804346
-0.299031
-2.85439
0.915858
-0.256278
-3.2486
-0.117871
0.987104
-8.94824
-0.678946
1.63903
-2.36897
-0.6929
0.375838
-1.85516
-1.28409
0.365346
-1.99362
-0.779926
0.144494
-1.38686
-0.780154
0.0788296
-1.36432
1.14352
-0.2557
-2.05109
-0.704211
-0.271786
-2.02876
1.05178
0.572866
-1.76308
-1.03992
-0.143819
-2.30854
-0.598915
-0.275254
-1.86264
-0.598915
-0.275254
-1.86264
-1.47537
-0.425578
-2.32332
-0.581469
0.541607
-1.74597
-0.581469
0.541607
-1.74597
-1.07955
0.314206
-1.74025
-0.73501
-0.21326
-1.19707
-0.390197
-0.0758847
-0.677782
-1.02865
0.24326
-2.14918
1.11364
0.422351
-1.77643
-1.05536
0.401035
-2.02442
-0.939965
0.386395
-1.9973
-0.698362
0.430148
-1.85588
-0.689935
0.429582
-1.83576
0.813888
-0.28067
-1.89177
-0.723005
0.399226
-1.82635
-0.35448
1.21934
-8.76381
-0.884341
-0.235398
-4.0582
1.74598
-0.368853
-7.72766
1.59259
-0.38651
-7.3439
16.1042
-19.4307
-46.98
1.23377
0.699845
-3.01351
-0.0954368
0.235244
-9.18621
-12.3348
-11.6863
-14.8919
1.75178
-0.0540089
-5.43292
1.82438
-0.128113
-7.14696
-0.492377
-0.227909
-2.72076
1.68733
0.751841
-7.56292
1.74931
-0.386833
-7.31496
-0.545915
1.111
-6.13402
0.891027
-0.306149
-4.91684
-0.662321
0.632815
-8.72364
0.796203
-0.212379
-3.4587
1.90054
0.422364
-4.28049
1.69027
0.215514
-3.89376
1.72762
0.2166
-4.39459
1.72877
0.215042
-4.43934
11.2157
-0.0349838
-13.0859
1.59385
-0.271952
-7.09278
-3.23103
4.96299
-22.0446
12.6721
2.84432
-13.7179
1.52235
1.05307
-8.18063
-0.802434
0.0372473
-4.8575
29.4818
6.79089
-30.2213
-0.916286
0.245757
-3.73519
1.47213
1.06029
-9.08647
-16.1935
-14.0636
-16.5227
-3.17322
-2.71715
-4.20799
1.18046
0.802742
-3.01032
0.181735
0.714066
-13.8193
0.916998
1.3994
-3.03636
-0.47122
1.5771
-4.74006
-1.05647
0.438452
-3.69761
6.63641
0.63896
-9.22215
1.72051
0.243916
-4.42902
1.73809
0.217742
-4.37456
-1.00391
-0.105993
-5.06618
0.964763
1.41758
-3.01884
-0.620472
1.1592
-3.48104
-0.583798
0.857453
-3.49395
0.971893
-0.169845
-3.51028
1.70089
0.179454
-3.82212
1.96698
0.189303
-7.06043
1.38833
1.12752
-6.95084
1.54129
1.28016
-4.8446
1.54129
1.28016
-4.8446
1.57816
1.38205
-4.94453
0.830788
-0.358968
-3.85671
-0.522475
1.42559
-4.86114
1.65225
0.0674623
-3.54397
-0.72617
-0.09838
-3.88974
-0.718016
2.06417
-2.24165
-0.693457
2.01604
-2.22747
7.44702
-8.51194
-23.0717
0.964883
1.43159
-3.01256
0.964883
1.43159
-3.01256
0.930255
1.44159
-3.02864
0.935774
1.42214
-3.02802
0.936505
1.38318
-3.03873
0.921535
1.3751
-3.04014
1.03491
1.36042
-3.12793
1.48896
1.13508
-5.02389
1.45063
1.0065
-5.00983
-0.403261
1.45254
-6.74192
-1.07683
0.495366
-3.72864
-1.06928
0.491156
-3.71489
-0.968028
0.247763
-3.71066
1.68608
0.242274
-4.00024
1.70685
0.24269
-4.11181
-0.931679
0.131009
-3.52973
-0.93511
0.029082
-3.32426
1.77031
-0.0937178
-5.51382
1.41159
-0.0885585
-5.04505
1.57043
-0.0735268
-4.24487
-0.904723
-0.267896
-4.57971
0.865425
-0.407421
-4.66061
1.14822
-0.262326
-3.60887
-0.942305
-0.268407
-3.33361
0.185181
-0.353744
-3.57392
0.185181
-0.353744
-3.57392
0.350969
-0.354176
-3.35693
-21.0077
-19.5384
-29.7891
1.64272
1.21001
-6.79934
-0.933984
0.117669
-3.44714
1.73938
0.150494
-5.5882
-0.913248
0.00109563
-3.45843
-0.742714
-0.301
-5.42198
0.834295
-0.30927
-4.29016
0.0673047
-0.302181
-3.84206
-5.71776
-5.44398
-9.33795
-0.311048
1.29654
-6.73287
-0.857929
-0.250911
-4.5578
1.79388
-0.228589
-3.9064
1.78883
-0.228271
-3.89998
0.907783
-0.418109
-4.67631
0.914371
-0.227343
-3.46203
-0.635933
-0.05825
-6.92338
-0.0410512
-0.235161
-4.0012
1.76218
-0.313197
-5.52921
0.83116
-0.304198
-4.70188
-0.75361
1.92616
-2.28889
-0.75208
0.0438418
-2.427
-0.79877
0.0523974
-1.35643
-0.387407
-0.185359
-2.81787
-0.382738
-0.181449
-2.77991
-1.20547
-0.178991
-1.46084
-1.20547
-0.178991
-1.46084
1.02823
-0.280377
-1.38623
1.1738
0.425513
-1.76214
1.27566
0.214924
-1.75584
2.07859
0.231137
-2.4973
-0.453224
-0.2269
-2.95235
0.947467
-0.175224
-2.355
-0.791759
2.1036
-2.27368
-0.660646
2.05093
-2.29382
-0.665695
2.06549
-2.30912
-0.598679
1.97534
-2.267
-0.750652
0.472171
-1.84174
-0.546039
-0.276318
-3.68184
1.595
-0.245259
-2.06224
15.0371
-14.4587
-35.4922
-0.960741
1.94419
-2.25967
-0.882313
1.89717
-2.42628
-0.868751
1.86939
-2.44294
1.26912
0.304401
-1.75657
-1.20287
0.0653072
-1.45912
-0.64695
-0.0641283
-4.19076
0.932931
-0.290285
-2.30688
-0.538153
1.95127
-2.3395
1.2598
0.448053
-1.75981
1.26029
0.448229
-1.76043
1.29432
0.422707
-1.76055
1.30648
0.357175
-1.76625
-0.917165
1.83241
-2.33709
1.25476
0.252604
-1.7611
-0.555259
0.149208
-4.11165
0.979999
1.47205
-3.02644
0.935941
1.43516
-3.02286
0.977618
1.41653
-3.00769
0.951016
1.4195
-3.01849
0.917805
1.39975
-3.0279
-0.570462
1.62294
-3.33216
1.03849
1.34602
-3.12287
1.03968
1.31556
-3.10992
1.03015
1.33228
-3.13574
-0.647959
1.53594
-4.71042
-0.629039
1.45626
-4.75382
-0.638459
1.48279
-4.79341
-0.704898
1.40761
-4.77127
-0.290651
1.44233
-4.87049
1.28724
1.42469
-4.93608
1.22072
1.44574
-5.03346
1.53855
1.16961
-4.96385
1.48092
1.14581
-5.05558
-0.965347
0.465454
-3.70744
-1.04787
0.465978
-3.71192
-0.941434
0.454753
-3.71153
-1.01615
0.33242
-3.70867
1.70321
0.242982
-4.10714
5.63362
0.581533
-7.80067
-0.941191
0.147282
-3.35001
1.74251
0.211955
-4.91474
-0.937351
0.120828
-3.42967
-0.51283
0.133722
-5.05992
-0.918632
0.0886697
-3.62658
-0.824638
0.0573543
-4.66859
-0.851916
0.0387658
-4.36064
1.73435
0.0630786
-4.72287
1.7417
0.0613708
-4.73303
-0.864973
-0.0152207
-4.69108
-0.82685
-0.0118537
-4.68767
-0.820946
-0.147829
-5.17926
1.51453
-0.162406
-5.5469
-0.798141
-0.129212
-4.8948
0.882834
-0.232125
-3.83773
-0.0121027
-0.218
-3.60354
0.859824
-0.367989
-4.55632
-0.583442
-0.237119
-3.26398
0.782481
-0.247911
-3.15311
0.337778
-0.348162
-3.37337
0.357769
-0.34315
-3.35162
0.325436
-0.348855
-3.35384
-1.17125
-1.1959
-3.50123
0.90832
1.33779
-3.01091
-0.550686
1.60957
-3.31552
-0.550686
1.60957
-3.31552
1.09159
1.20573
-2.99076
-0.796446
1.54117
-3.36914
-1.0467
0.461209
-3.68744
-1.07694
0.447584
-3.72774
1.67526
0.23824
-4.1339
1.72048
0.236348
-4.38187
-0.847481
0.0205412
-4.38769
-0.844825
0.0122739
-4.49948
-0.837728
0.0133436
-4.48616
-0.852264
0.000666918
-4.36008
-0.846359
-0.0106583
-4.4863
-0.845579
-0.0307383
-4.40201
-0.845579
-0.0307383
-4.40201
-0.854822
-0.049475
-4.36253
1.73336
-0.283008
-4.59274
0.277691
-0.106101
-3.13693
0.848488
-0.318223
-3.98317
-0.871004
-0.267671
-3.54612
-0.105341
-0.316403
-3.20832
-0.105341
-0.316403
-3.20832
-0.749829
1.57233
-3.35954
1.03929
1.3407
-3.12425
-0.740525
1.46921
-3.43339
-0.784253
1.38911
-3.4123
-0.597438
1.56077
-4.69547
-0.758322
-0.0646641
-5.29421
-0.820308
-0.221545
-5.33171
-0.861101
-0.184996
-4.58487
-0.861093
-0.184674
-4.58527
0.833157
-0.285023
-3.86121
0.782673
-0.283415
-3.15113
-0.757446
1.64448
-3.39408
-0.599059
1.57725
-3.34333
-0.640398
1.57854
-3.36127
-0.654417
1.54218
-3.42693
-0.634643
1.48935
-3.41007
-0.588774
1.54621
-4.67198
1.47896
1.35995
-5.04291
0.856871
-0.328895
-4.62184
0.788367
-0.292061
-3.51619
0.800402
-0.36988
-3.74044
-0.681524
1.49
-4.74378
-0.609452
1.49696
-4.83766
-0.447936
-0.0786226
-4.85135
0.778547
-0.240122
-3.5521
-0.429123
1.53853
-4.75443
1.29017
1.27387
-5.12541
-0.561367
1.61137
-3.35588
-0.465187
1.61255
-3.38938
-0.65099
0.162519
-3.51795
1.613
-0.0349668
-5.26297
0.800726
-0.335079
-3.54602
-1.1081
0.438215
-3.69768
-0.893612
-0.283616
-3.53434
-0.776005
0.0147589
-4.87083
0.725313
-0.282362
-3.59188
0.00893202
-0.216463
-3.26821
1.49602
-0.194298
-4.63242
1.82177
0.305212
-4.24717
1.03484
1.35749
-3.11084
-0.515483
1.65597
-3.40825
-0.49197
1.63814
-3.40816
1.01356
1.34063
-3.13028
1.05872
1.31728
-3.10998
-0.748938
1.53686
-3.33183
-0.748938
1.53686
-3.33183
-0.744237
1.53171
-3.35368
-0.435848
1.53577
-3.5591
-0.703672
1.28191
-3.43533
-0.316749
1.43523
-4.87741
-0.977609
0.462811
-3.70312
-0.98167
0.459014
-3.72616
-0.947796
0.460988
-3.73206
-0.948339
0.464426
-3.7397
-0.927929
0.456447
-3.71433
-0.998815
0.44449
-3.71011
-0.995068
0.418991
-3.70724
-0.942668
0.414151
-3.70002
-0.928732
0.403374
-3.71283
-0.999641
0.37923
-3.70705
-0.957258
0.327238
-3.73531
-0.953603
0.325998
-3.72986
-0.995214
0.287992
-3.73588
1.68801
0.309662
-3.89094
1.8829
0.395439
-4.63082
1.70694
0.268099
-3.90393
1.69593
0.256072
-3.99603
1.71615
0.26586
-4.63427
-0.917405
0.119958
-3.60575
-0.936312
0.103291
-3.4295
-0.936368
0.105912
-3.42916
-0.941174
0.1049
-3.36975
1.73339
0.159789
-4.72649
-0.926787
0.0913902
-3.5366
1.68181
0.115236
-4.03324
-0.858049
0.0527638
-4.34118
-0.941663
0.0291829
-3.3323
-0.973957
-0.184337
-3.6023
-0.297962
-0.184475
-3.59424
-0.969277
-0.204216
-3.5951
0.808407
-0.212685
-3.49933
0.805994
-0.211992
-3.49529
0.78521
-0.215773
-3.48258
0.927844
-0.39774
-4.37189
0.787141
-0.243237
-3.51976
0.848761
-0.229875
-3.44337
1.01203
-0.245414
-3.52408
-0.603888
-0.196057
-3.25231
0.848241
-0.23711
-3.43159
0.959362
-0.256058
-3.47717
-0.590407
-0.229135
-3.28004
0.00172055
-0.332899
-3.76785
0.00297047
-0.3311
-3.76037
-0.158456
-0.217535
-3.17143
-0.591357
-0.243734
-3.26471
-0.443667
-0.22068
-3.08582
0.343062
-0.336878
-3.55262
0.91901
-0.245859
-3.12975
0.78706
-0.253369
-3.14733
0.790542
-0.255304
-3.15245
0.800867
-0.247629
-3.12374
-0.451617
-0.215677
-2.94147
-0.477933
-0.214911
-2.91587
-0.168568
-0.306015
-3.1441
-0.206699
-0.193282
-2.76691
0.733297
-0.223755
-2.79535
-0.212187
-0.211791
-2.73504
-0.549973
-0.700369
-3.52034
-0.649785
1.66214
-3.38406
-0.746794
1.54659
-3.35555
-0.717236
1.5308
-3.36809
-0.430438
1.54981
-3.40395
-0.513827
1.51797
-3.65377
-0.715016
1.31908
-3.47818
-0.501461
1.26854
-3.55286
-0.416335
1.39536
-4.84818
-0.939588
0.488708
-3.70633
-1.01747
0.478653
-3.71653
1.71006
0.197593
-3.9726
1.68916
0.19354
-3.98471
-0.938754
0.122889
-3.40769
-0.923546
0.117062
-3.5522
-0.843929
0.0585223
-4.59907
-0.860572
-0.0271064
-4.38858
1.78348
-0.266098
-4.66366
1.81098
-0.241408
-4.05583
0.822647
-0.246863
-3.70458
0.812075
-0.256693
-3.47263
-0.155831
-0.207307
-3.18625
-0.886257
-0.323936
-3.5311
-0.287917
-0.204127
-3.01603
0.884331
-0.366424
-3.64583
-0.0751476
-0.262752
-3.23853
-0.0736362
-0.279767
-3.24755
0.291109
-0.311904
-3.17077
0.733448
-0.211388
-2.79863
-0.207806
-0.203594
-2.73496
-0.649133
1.4115
-4.84691
-0.998653
0.351517
-3.7299
-0.934532
0.0994268
-3.4549
-1.04178
-0.132619
-3.49281
0.871251
-0.315885
-3.22738
0.7769
-0.319837
-2.86184
-0.651792
1.57729
-3.34738
-0.671404
1.41342
-3.40748
-0.939787
0.151128
-3.34608
1.75443
0.0269036
-4.72774
-1.03863
-0.164654
-3.52676
-0.983124
-0.26988
-3.63006
-0.296278
-0.270309
-2.65993
-0.63068
1.56771
-3.35023
1.55438
1.3119
-4.98522
-0.460164
1.21477
-4.89265
1.6465
0.312284
-3.93754
1.67966
0.167122
-3.91174
1.67966
0.167122
-3.91174
-1.02491
-0.2102
-3.501
-0.19705
-0.167926
-3.16433
0.766654
-0.296262
-3.21577
-0.635695
1.6111
-3.30835
-0.410518
1.55363
-3.43315
-0.52646
1.3319
-3.58289
-0.84312
0.382378
-3.74749
1.71805
0.213174
-4.06167
1.0407
-0.275904
-3.41232
-0.224612
-0.215722
-3.08969
-0.570505
1.55997
-3.29888
-0.675782
1.56701
-3.31964
-0.901399
0.300258
-3.74391
1.71961
0.0808657
-3.97641
-0.516558
-0.138968
-4.9592
0.906243
-0.214197
-3.486
0.898596
-0.24538
-3.4386
-0.393786
1.53626
-3.50103
-0.000268232
-0.277311
-3.76153
-1.02387
-0.254489
-3.54278
-0.832472
-0.034141
-4.11939
0.73804
-0.289091
-4.00353
0.73804
-0.289091
-4.00353
1.78386
3.01118
-2.19316
1.13921
1.60949
-2.92403
1.13921
1.60949
-2.92403
-0.409857
1.50407
-3.47961
-1.12083
0.469937
-1.47035
-1.14873
0.117692
-1.24571
1.17063
0.0717051
-1.34211
1.18831
0.0702263
-1.34279
1.18831
0.0702263
-1.34279
1.16241
0.0441363
-1.32139
-0.471193
-0.212862
-2.63536
0.908608
-0.272721
-2.30269
0.878198
-0.0765214
-1.15841
1.59466
-0.255441
-1.94349
-0.676949
2.00345
-2.24071
-0.676949
2.00345
-2.24071
-0.92866
1.96785
-2.22607
-0.933025
1.9783
-2.23726
-0.558492
1.8431
-2.42169
-0.82229
1.63298
-2.35888
-0.694764
1.59244
-2.34667
1.00691
1.53724
-2.9232
1.01257
1.54323
-2.93758
-0.729437
1.49317
-3.43023
-1.21458
1.8072
-7.80316
1.26188
0.390859
-1.75833
1.17612
0.335782
-1.75801
1.26873
0.266138
-1.7526
1.65016
0.215285
-3.57934
1.65016
0.215285
-3.57934
1.69819
0.139392
-3.84203
1.20509
0.114756
-1.37192
-0.795342
0.0660023
-1.35756
1.18672
-0.22369
-2.04254
-1.19809
-0.165081
-1.44611
-3.66113
-3.17418
-3.66074
-0.923503
2.00434
-2.23653
-0.954707
1.95215
-2.22987
-0.954707
1.95215
-2.22987
-0.541783
1.93904
-2.27733
1.13864
0.396588
-1.75481
-1.04558
0.419967
-2.1025
1.2535
0.34052
-1.73526
1.63113
0.259721
-3.22481
1.63402
0.259452
-3.23033
1.60312
0.239772
-3.04492
1.60312
0.239772
-3.04492
1.63265
0.159901
-3.13215
1.15928
0.146219
-1.34352
-1.17367
0.0317397
-1.94348
-1.17747
-0.154652
-1.77713
1.19255
-0.20895
-1.36408
-0.394293
-0.0690353
-0.360795
0.949096
1.85564
-1.14078
0.979353
1.77453
-1.1878
1.17232
0.462706
-1.7607
1.08415
0.35894
-1.80619
0.726444
-0.221336
-2.43991
-0.874512
1.885
-2.46497
-0.618594
1.78336
-2.43783
1.03417
1.38361
-2.99604
-0.856865
0.330061
-0.794763
-1.05877
0.287822
-2.24503
-1.0482
0.117054
-2.50524
1.34558
0.00820719
-3.3126
1.16261
0.0950718
-1.32794
1.16261
0.0950718
-1.32794
1.5345
-0.25033
-1.84888
-0.89128
1.44663
-0.813449
0.991453
1.76385
-1.17347
-0.806732
2.03627
-2.22507
-0.878444
1.84945
-2.27931
-0.919768
1.83866
-2.35029
1.12697
-0.260072
-1.34162
1.13666
-0.264187
-1.31081
1.62797
-0.480592
-1.93672
0.938041
1.77415
-1.1199
-0.778271
1.85767
-2.42011
-0.913053
1.75795
-2.34214
-0.814296
0.299032
-0.811934
-1.00633
0.175038
-2.45347
1.0132
0.375177
-1.72803
-1.15758
0.0287471
-1.45729
-1.1602
-0.183958
-1.99446
1.40468
0.265678
-1.83124
-0.466556
0.829702
-4.61953
1.13875
0.381936
-1.74624
1.07969
1.56561
-2.97129
1.08999
1.5784
-2.99901
1.25421
1.4838
-2.90259
-0.583411
-0.278168
-1.97944
1.63899
0.103665
-3.2951
-0.695987
1.7232
-2.43804
-1.0144
0.382817
-2.09941
1.63059
0.117615
-3.20432
1.25406
0.38185
-1.76034
1.03419
-0.26709
-1.42254
1.17073
-0.223685
-1.86405
1.70679
1.24992
-4.99366
-0.790574
1.4377
-3.5165
-0.702829
1.2494
-3.43379
-0.858
0.477678
-3.70474
-0.896267
0.457041
-3.69444
-0.885054
0.453465
-3.71614
-0.881674
0.452109
-3.71139
-0.93674
0.41623
-3.71476
-0.895292
0.3891
-3.71541
-0.978685
0.387056
-3.71011
-0.933026
0.134152
-3.4526
-0.930657
0.111626
-3.49884
-0.949682
0.103767
-3.48187
-0.927292
0.102775
-3.57747
-0.881516
0.101464
-3.87519
-0.907857
0.0708979
-3.71822
1.50754
-0.0400786
-3.8595
-0.859786
-0.0825857
-4.09493
0.999618
-0.19763
-3.52531
-0.185945
-0.158402
-3.18017
1.0447
-0.268344
-3.52899
0.760885
-0.278166
-3.5562
-0.0233852
-0.260411
-3.30886
-0.162704
-0.269968
-3.15103
-0.638375
1.57866
-3.39318
-0.423934
1.54139
-3.53234
-0.706587
1.28891
-3.44148
-0.845492
0.492571
-3.71512
-0.957319
0.485174
-3.70812
-0.877921
0.480154
-3.70224
-1.00238
0.332559
-3.75954
-0.915494
0.181027
-3.77583
-0.930569
0.136753
-3.46101
-0.928542
0.136739
-3.45883
-0.922056
0.134435
-3.62557
-0.91876
0.126401
-3.63404
-0.926846
0.105114
-3.50754
-0.927084
0.100849
-3.54524
-0.92621
0.102028
-3.54498
-0.926564
0.0944825
-3.58491
1.83231
0.0580544
-4.21469
-0.848231
-0.0816777
-4.11862
-0.204558
-0.185393
-3.58816
-0.60248
-0.204631
-3.28932
0.800765
-0.359904
-3.60094
0.793123
-0.251824
-3.12224
0.803042
-0.255464
-3.13458
-0.160249
-0.265035
-3.15601
-0.791906
1.42904
-3.4109
-0.405857
1.52243
-3.53094
-0.922313
0.112094
-3.59025
1.6745
0.119373
-3.91857
-0.838199
-0.0611806
-4.05469
-0.1728
-0.150917
-3.21354
-0.925643
-0.248185
-3.57372
0.76074
-0.239815
-3.55973
-0.920193
-0.265716
-3.55985
0.789286
-0.258987
-3.51647
0.75238
-0.285516
-3.56039
0.749969
-0.284409
-3.55575
-0.220803
-0.214195
-2.71965
-0.224445
-0.214105
-2.71629
-0.46818
1.37808
-3.59165
-0.9756
-0.232403
-3.60062
-0.247343
-0.233591
-3.09274
-0.321611
-0.220432
-3.02272
-0.795155
1.41765
-3.42777
-0.0440865
-0.223917
-3.29514
-0.497435
1.35504
-3.57659
-0.579493
1.21785
-3.50549
-0.172051
-0.158089
-3.20992
-0.850779
0.385228
-3.75892
1.68307
0.207567
-3.91444
-0.32116
-0.20423
-3.02621
-0.914586
0.119688
-3.76338
-0.168691
-0.1854
-3.17816
-0.778206
1.46569
-3.53324
-0.913769
0.01656
-3.74956
-0.836496
-0.033888
-4.12578
0.75088
-0.300548
-3.13559
1.54209
1.24527
-9.02372
0.843238
-0.233691
-3.44247
1.72983
-0.218216
-7.43594
4.05836
-1.05648
-8.94548
18.8814
3.61633
-20.2728
1.46946
-0.0498647
-5.05581
1.76254
0.169347
-5.47579
0.838847
-0.315047
-2.42737
1.53438
1.30596
-6.90777
1.54456
1.06306
-8.07171
-0.855097
-0.29135
-4.56215
1.5545
1.07514
-6.78901
1.94323
-0.251868
-7.19674
0.873555
-0.391304
-5.13823
-1.61934
-1.29044
-2.0935
-2.85747
-2.61866
-3.16367
-6.7054
-6.67532
-8.88745
1.39654
1.21333
-7.0662
1.41388
1.00077
-6.84022
1.57978
0.908794
-6.88972
1.40988
-0.0888401
-5.04214
0.807331
-0.244457
-3.94761
1.04488
-0.205378
-3.56102
-0.305703
-0.148852
-3.60452
0.843834
-0.29056
-4.24808
1.7862
0.290844
-4.89091
0.0858825
-0.332401
-4.91463
-0.493028
1.5605
-4.73263
-0.49281
1.55729
-4.72795
-0.316898
1.46725
-4.89905
-0.453817
1.26461
-6.75653
4.67171
1.02
-7.63038
-0.919922
0.112257
-3.63508
-0.919543
0.0902064
-3.66018
1.4833
-0.122943
-5.5389
0.81837
-0.226727
-3.46463
-2.63206
-2.42721
-6.53609
-2.59719
-2.35081
-6.36068
1.73276
0.111738
-4.39708
-0.6428
-0.0861718
-6.21935
0.856979
-0.412375
-4.7113
-0.658174
-0.301491
-6.4584
0.818569
-0.358432
-4.52523
-0.48606
1.20107
-6.79293
-0.0278805
-0.330591
-4.8233
0.752247
-0.309473
-3.59166
-0.826197
-0.084767
-4.58081
1.16182
0.0719713
-1.33089
1.17657
-0.28347
-2.13205
0.980587
1.97957
-1.16734
-0.834328
2.02414
-2.20908
1.31887
0.210577
-1.39404
1.15526
0.0902011
-1.31635
-0.662596
2.05444
-2.29287
-1.15416
0.426732
-1.05419
-1.14609
0.215151
-0.964757
1.17938
0.0570202
-1.32693
-0.88358
1.13288
-0.774842
-1.12815
0.200437
-0.961023
-0.892124
1.11194
-0.783154
1.17917
-0.160587
-1.36532
1.06694
-0.233242
-1.13877
1.15856
0.0265298
-1.31614
-0.893393
0.219693
-0.798827
1.14819
0.155405
-1.33878
1.16217
0.0823874
-1.34035
-0.960337
1.91538
-2.34274
1.18631
0.0853892
-1.33339
-0.753703
1.89121
-2.31698
1.26114
1.4145
-5.09571
-0.885612
0.47943
-3.69018
-0.92821
0.486053
-3.71524
-0.865335
0.481501
-3.71514
-0.926477
0.464641
-3.70447
-0.881745
0.453036
-3.69645
-0.911152
0.451889
-3.71185
-0.911152
0.451889
-3.71185
-0.924095
0.441138
-3.70008
-0.900015
0.442029
-3.70551
-0.912478
0.432225
-3.72612
-0.929228
0.440105
-3.74774
-0.950537
0.418486
-3.69881
-0.8448
0.392692
-3.69358
-1.03893
0.386085
-3.70484
-0.910431
0.325816
-3.7237
-0.909978
0.325328
-3.72214
-0.92078
0.143892
-3.58665
-0.919931
0.136068
-3.57314
-0.930818
0.132344
-3.59406
-0.930818
0.132344
-3.59406
1.73843
0.240802
-4.78156
-0.880628
0.153322
-4.06237
1.73664
0.210767
-4.73359
-0.919759
0.112725
-3.63506
-0.910265
0.0955598
-3.63812
-0.915054
0.0905063
-3.7091
1.72731
0.132855
-4.59472
1.7389
0.138975
-4.75352
1.7405
0.138787
-4.75467
-0.913185
0.0768097
-3.70354
1.73128
0.0714154
-4.59635
1.74015
0.0361084
-4.7542
-0.759651
-0.047636
-5.37859
-0.853921
-0.0714616
-3.99541
1.86584
-0.270831
-4.11081
0.815505
-0.252404
-3.89951
0.815505
-0.252404
-3.89951
-0.76516
-0.276278
-3.99963
0.812845
-0.26465
-3.91957
-0.594145
-0.16696
-3.27122
-0.239182
-0.142643
-3.12125
1.02273
-0.241101
-3.5261
1.02273
-0.241101
-3.5261
-0.256657
-0.158313
-3.11386
0.898746
-0.207028
-3.21003
0.841987
-0.264914
-3.42834
-0.158547
-0.21025
-3.17289
-0.230841
-0.270647
-3.08758
-0.241288
-0.300582
-3.09009
-0.555883
1.56138
-4.68152
-0.536863
1.59141
-4.77819
-0.689289
1.37489
-4.67702
-0.636597
1.4365
-4.83047
-0.638586
1.44379
-4.84179
-0.485503
1.44491
-4.8519
1.47726
1.52929
-4.97829
1.2564
1.25401
-5.1283
-0.990354
0.403047
-3.69926
-0.930959
0.148431
-3.58603
-0.920299
0.13463
-3.62476
1.73007
0.219921
-4.48289
1.73007
0.219921
-4.48289
1.73
0.159619
-4.72276
-0.914641
0.0839426
-3.69107
1.74268
0.1202
-4.4997
-1.01607
-0.177277
-3.91089
-1.00022
-0.174649
-3.89753
1.73547
-0.228086
-4.28412
0.873889
-0.263866
-3.82547
-0.616588
-0.195397
-3.29122
0.863091
-0.239389
-3.43294
-0.603129
-0.235558
-3.28158
-0.29554
-0.201805
-3.01165
-0.229156
-0.292598
-3.09828
-0.42495
1.41439
-4.8827
-0.843443
0.485959
-3.71066
-0.909333
0.16518
-3.78199
-0.864209
0.132863
-4.11549
1.81444
-0.270711
-4.70651
-0.59902
-0.247519
-3.27831
-0.584179
1.18347
-3.49028
-0.972273
0.479939
-3.72937
-0.885253
0.304761
-3.76295
-0.851881
-0.0901714
-3.99131
-0.852306
-0.188295
-4.56268
-0.875889
-0.290459
-4.55164
0.889523
-0.204486
-3.85195
0.915285
-0.21878
-3.86036
-0.881929
-0.267464
-4.08623
-0.883226
-0.26699
-4.08771
-0.242653
-0.23349
-3.09947
0.755161
-0.273697
-3.2114
-0.588731
1.04147
-3.5005
-0.785271
-0.0369383
-5.23325
-0.918315
-0.127396
-4.53622
-0.929772
-0.185547
-4.50925
-0.11221
-0.201866
-3.60094
-0.125267
-0.213055
-3.6667
-0.250164
-0.212675
-3.09908
-0.360457
-0.216709
-3.01726
-0.489479
1.47568
-3.6507
-0.822371
-0.289229
-4.04186
-0.194133
-0.166345
-3.16471
-0.00337731
-0.33056
-3.74548
-0.178889
-0.195993
-3.622
-0.733763
1.36338
-4.78091
-0.628755
0.157085
-3.48369
-0.320449
-0.157744
-3.08751
-0.496491
1.15634
-4.86132
-0.996912
0.47517
-3.7098
-0.984564
0.470277
-3.6966
-0.952152
0.443674
-3.71203
-0.909989
0.145432
-3.58887
1.69239
0.1797
-4.00616
-0.246106
-0.169571
-3.1156
-0.254956
-0.16997
-3.1085
0.0268207
-0.319606
-3.79734
0.920863
-0.251733
-3.45735
0.872578
-0.258636
-3.42645
-0.344256
-0.208283
-3.01056
-0.229823
-0.264513
-3.08746
1.54633
1.3246
-5.03876
0.856771
-0.273994
-3.84516
-0.621785
1.13677
-3.48705
-0.624921
1.109
-3.49015
-0.588641
0.945396
-3.50115
-0.180018
-0.21884
-3.14089
-0.836665
-0.0751928
-4.01049
-0.51864
1.40325
-3.62653
0.777622
-0.240168
-3.55098
-1.0361
0.351065
-2.33965
-1.03975
0.347894
-2.33055
-1.04064
0.317123
-2.28759
-1.0343
0.290392
-2.35432
-1.04423
0.247386
-2.2653
-1.04423
0.247386
-2.2653
-4.27298
2.09858
-16.9672
-1.02435
0.232595
-2.46175
1.53873
0.918811
-9.07574
-1.01302
0.133898
-2.54218
-0.991041
0.0814177
-2.71816
-1.09637
-0.049763
-2.85415
-1.03289
-0.179717
-2.40562
-1.06162
-0.181268
-2.22475
-1.02931
0.341043
-2.3508
-1.03626
0.30423
-2.32498
-1.03249
0.304683
-2.37204
-1.04101
0.256263
-2.26921
-1.04877
0.239194
-2.19595
-1.03396
0.256548
-2.34363
-1.04144
0.24461
-2.27438
-1.03384
0.251043
-2.35557
-1.0377
0.244173
-2.29971
-1.03796
0.244207
-2.3
-1.03749
0.239429
-2.31163
-1.01846
0.258394
-2.48889
-1.02348
0.258327
-2.5232
-1.02449
0.243577
-2.4591
3.27982
0.530055
-8.00781
-0.431842
-0.310972
-2.59501
-1.03845
0.313011
-2.3141
-1.04072
0.31208
-2.31544
-1.02834
0.294077
-2.38099
-1.03719
0.287549
-2.34266
-1.03897
0.210117
-2.2852
-1.03621
0.207345
-2.32941
-1.04781
-0.0349245
-2.34457
-1.09016
-0.165735
-2.85826
-1.04201
-0.0494573
-2.32589
-1.04341
-0.14481
-2.29343
-1.03407
0.304239
-2.34712
-1.03151
0.287574
-2.36674
-1.04609
-0.16891
-2.31928
-1.03972
0.347371
-2.39566
2.03048
0.582774
-13.7885
-1.04945
-0.0165535
-2.33205
-1.04357
-0.0720634
-2.35133
-1.05741
-0.136385
-2.32747
-1.09032
0.285412
-1.76574
-1.08832
0.267613
-1.77484
-1.08835
0.267696
-1.77484
-1.08794
0.263855
-1.78138
-1.08804
0.255916
-1.78516
-1.09127
0.359563
-1.75702
-1.09199
0.274701
-1.74439
-1.09027
0.267269
-1.76506
1.89787
-0.014602
-5.05187
1.50634
-0.353415
-6.96301
-1.16937
-0.0254028
-1.95233
-1.16417
0.00854936
-1.94876
0.897834
-0.310332
-4.94998
-1.02677
0.253676
-2.42664
-1.01944
0.257736
-2.51932
-1.02643
0.228821
-2.42554
-1.02813
0.229391
-2.42725
-0.149412
0.128711
-10.5595
-0.67584
0.0293705
-2.35874
-0.991353
-0.1277
-2.51009
11.0092
-15.8586
-22.7851
-0.704014
0.280325
-2.13543
-1.02314
0.23464
-2.48288
-0.213058
1.06696
-8.86346
-1.01667
0.232766
-2.5214
-0.677672
0.07293
-2.36279
1.82453
-0.0978906
-5.4024
-0.964482
-0.208204
-3.21813
-1.0335
0.295966
-2.37863
-1.02579
0.206966
-2.4293
-1.01966
-0.173831
-2.36569
-1.04245
-0.0630218
-2.38315
-1.04259
-0.103735
-2.38033
-0.674304
0.0473598
-2.36199
-0.990674
0.096358
-2.59981
2.93113
-0.822012
-7.56565
-1.02763
-0.17511
-2.35007
-1.15845
-0.17562
-2.25554
-1.02571
0.198761
-2.4004
-0.874846
0.00732072
-3.29988
-1.16051
-0.0847776
-2.05789
-3.45687
-3.52807
-7.05516
-1.0961
-0.114332
-2.86631
-1.15882
-0.0984154
-2.06734
-1.16009
-0.0988784
-2.06706
-1.02301
0.267229
-2.4579
-1.15729
-0.0689591
-2.06946
-0.898457
0.403007
-1.86772
-1.03478
0.100314
-2.4305
1.54421
1.20893
-5.01127
-0.932043
0.204598
-3.33959
-0.99747
0.097601
-2.58486
2.01869
0.247026
-6.92459
-0.805304
-0.0358782
-4.56008
-0.33125
-0.248499
-9.73017
-0.497509
-0.21949
-2.67047
-0.597491
-0.309668
-2.61065
-0.568639
-0.300216
-2.46282
9.2855
-11.9681
-21.1488
-0.565609
-0.301353
-2.4974
1.03343
-0.417304
-6.40394
-1.09566
-0.140629
-2.91467
1.68972
-0.330884
-8.00502
-1.09165
-0.0918187
-2.98238
-1.0861
-0.283869
-2.94752
-1.06081
-0.187977
-3.12831
-1.10158
0.366306
-1.67242
-1.09326
0.361561
-1.73266
-1.09391
0.340816
-1.73778
-1.09901
0.310415
-1.67732
-1.09723
0.309069
-1.69973
-1.10345
0.28739
-1.63217
-1.10338
0.287353
-1.63221
-1.10301
0.279328
-1.62676
-1.1004
0.268812
-1.66227
-1.09392
0.265343
-1.7198
-1.09392
0.265343
-1.7198
-1.08848
0.239852
-1.77068
-1.10452
0.461073
-1.80042
-1.10451
0.31458
-1.61982
-1.10451
0.31458
-1.61982
-1.10133
0.291761
-1.64944
-1.09859
0.253635
-1.67315
-1.09814
0.253126
-1.67303
-1.03703
0.203495
-2.15301
1.28585
1.50445
-2.79788
-1.10165
0.303089
-1.65473
-1.12404
0.453533
-1.7739
-1.16954
-0.0113292
-2.00974
-1.03612
0.445778
-3.73162
-0.958257
0.348557
-3.78046
-1.01802
0.341103
-3.76699
1.76334
0.685264
-8.12756
-0.968989
0.099096
-3.06128
1.7177
0.100233
-4.40125
-0.941907
-0.0371345
-3.33227
-1.09269
-0.186165
-2.94267
-0.475082
-0.224934
-2.62538
-0.444473
-0.274244
-2.60399
-0.570675
-0.302366
-2.56664
-0.570975
-0.310458
-2.5738
-0.575378
-0.305381
-2.55158
1.29529
0.176019
-4.92641
-0.952571
0.0632956
-3.2756
-1.08714
-0.0780758
-2.95906
-1.05525
-0.208466
-3.14393
-1.09233
-0.208536
-2.94171
-0.307708
-0.214078
-2.68452
-0.563438
-0.306641
-2.48646
-0.987274
0.0757474
-3.06381
-1.08882
-0.167783
-2.95765
-1.08987
-0.24157
-2.95666
-1.09301
-0.241085
-2.95804
-1.09814
-0.241596
-2.90805
-1.07563
0.378711
-3.73057
-1.0902
-0.147234
-2.98158
-1.09967
-0.144096
-2.88838
-1.09745
-0.170904
-2.90805
-1.08112
-0.163943
-2.82139
-1.09779
-0.238089
-2.86125
-1.09773
-0.238049
-2.86136
-1.09452
-0.097326
-2.93638
-0.993045
-0.155079
-3.22796
-1.09276
-0.255034
-2.93182
-1.09
-0.21226
-2.98253
-0.933124
-0.356819
-3.26025
-1.06771
-0.172103
-3.08045
0.988611
1.41126
-3.0307
-1.1048
0.347213
-1.63148
-1.85211
3.05567
-17.9634
-1.09493
0.361319
-1.71994
-1.19403
-0.127776
-1.68608
-42.3975
-38.619
-46.7166
-1.08824
0.441874
-1.82479
-1.09829
0.331839
-1.68887
-1.10326
0.305579
-1.63093
1.63836
0.963261
-6.47375
0.878141
-0.201346
-3.38889
1.26797
0.345757
-1.76054
1.4245
0.91208
-5.03542
-0.973156
0.143144
-3.11575
-0.95556
0.144445
-3.14461
1.69834
-0.0610039
-4.30399
-0.714992
-0.252749
-3.94529
0.0430068
-0.265159
-3.93163
-0.582875
-0.226064
-3.26467
-0.502268
-0.240387
-2.59311
-0.436312
-0.301344
-2.58578
-0.901432
0.403514
-3.7214
-0.852242
0.0388254
-4.50716
-0.959767
-0.00744008
-3.14665
-0.893777
-0.298473
-3.21029
-0.404692
-0.217363
-2.60993
-0.580339
-0.314776
-2.57697
-0.572223
-0.299381
-2.51458
1.73466
0.76773
-7.8581
-0.967302
0.0988356
-3.05912
-0.954872
-0.262949
-3.17297
-0.339219
-0.200091
-2.79737
-0.932641
0.112272
-3.53642
-1.02978
-0.192492
-3.19633
-1.00636
-0.190823
-3.11099
-0.444298
1.03501
-6.65376
-0.964795
0.362752
-3.75151
-0.4471
-0.239049
-2.77209
-0.646328
0.0009095
-7.96901
-0.32258
-0.195165
-2.71605
1.398
1.19473
-6.75736
1.81746
0.294152
-5.54917
-0.943259
0.111748
-3.35135
-0.925298
0.106301
-3.55518
1.93365
0.229555
-7.07105
-0.936147
0.065451
-3.27258
-0.928428
0.0367732
-3.27011
-0.622944
-0.0149397
-7.04018
-0.623209
-0.0142258
-7.04284
1.50759
-0.136026
-5.54585
-0.833164
-0.0634117
-3.80334
-0.584379
-0.204497
-3.21062
-0.537955
1.18327
-6.89471
1.6518
0.984938
-7.44727
1.52184
1.04589
-7.97877
-0.955151
0.184
-3.20682
-0.859114
-0.0285651
-4.39184
-0.918481
-0.080987
-3.30437
0.870875
-0.362837
-3.62106
1.76562
0.286875
-4.91062
-0.00972307
-0.353283
-3.73679
-0.939109
-0.297622
-3.31008
-0.310303
1.0933
-6.8989
1.2794
1.12031
-6.90719
-0.957872
0.111741
-3.16617
1.72656
0.141798
-4.43744
1.33688
1.48618
-4.96634
-0.953717
0.0914095
-3.25949
-0.614096
1.65225
-3.46789
-1.32774
0.46065
-1.15316
-0.748359
0.40016
-1.83749
0.776531
-0.349539
-3.55053
-0.782748
1.65098
-3.58411
-0.635435
1.56631
-3.61587
-0.436614
1.45633
-4.84716
-0.470911
1.42419
-4.85614
1.56352
0.353544
-3.08789
1.22273
0.245544
-1.77852
1.17601
0.228656
-1.75486
1.25826
0.255755
-3.02515
1.65207
0.234009
-3.65348
1.65207
0.234009
-3.65348
1.65025
0.223095
-3.43274
1.65049
0.118353
-3.65121
1.68206
0.0928903
-3.79782
1.6372
0.0753984
-3.62484
1.15015
0.0906737
-1.31007
1.11531
-0.257002
-2.52185
1.34568
1.38995
-2.9782
1.39512
1.30574
-5.00631
1.60988
0.356637
-3.10307
1.63482
0.347271
-3.32944
1.29586
0.287624
-2.97822
1.65159
0.242679
-3.50965
1.64455
0.0615539
-3.30531
-1.0489
-0.160325
-2.48106
-1.0489
-0.160325
-2.48106
-0.607722
-0.258517
-2.46422
1.00993
1.43047
-3.03638
1.18449
1.1555
-2.97105
-0.316868
-0.190835
-2.64131
1.11359
-0.323146
-2.4946
1.18911
-0.35169
-2.55274
1.54555
-0.264305
-2.07504
1.0366
1.33901
-2.71292
1.01886
1.34929
-3.15712
-0.796707
0.168626
-0.8014
-0.706937
1.36217
-3.50197
-0.815761
0.434379
-1.84644
1.15327
0.18276
-1.35219
0.742081
-0.263375
-2.63236
-0.44494
-0.287445
-2.59525
0.938279
-0.317302
-2.54873
-0.957171
1.86601
-2.37738
1.13679
0.0641619
-1.34223
1.18627
0.0654242
-1.2994
1.61297
-0.0847697
-3.15556
-0.820011
1.42931
-3.28859
-0.728767
0.537846
-2.10088
1.60661
-0.184225
-4.50587
-0.803634
1.54511
-3.22243
1.26177
1.38535
-5.20977
-0.912959
2.02176
-2.22413
-0.637373
2.03967
-2.27306
-1.06885
0.42772
-2.15789
-1.15661
0.11721
-1.19104
1.6877
0.0171127
-3.7179
-0.72258
1.55717
-2.32544
-0.446684
1.34521
-3.46971
1.18622
0.507137
-1.75694
1.09756
-0.225857
-2.49905
-1.18502
0.0183963
-1.75381
1.26613
-0.0363424
-2.63921
-0.801393
1.43286
-3.48233
-0.628493
1.3296
-4.91756
-0.664664
1.27084
-4.93597
1.37146
1.32131
-5.04947
1.44376
1.03959
-5.01216
-0.365881
1.48657
-6.85537
1.39092
1.02006
-6.8636
1.71285
0.236294
-4.46019
1.74073
0.227133
-4.84599
-3.55864
0.412907
-9.28967
1.72116
0.147592
-4.60187
1.73678
0.138775
-4.75135
-0.752121
0.0297654
-4.89474
1.74286
0.0386663
-4.72216
1.73826
0.0381831
-4.71682
1.73579
0.0278476
-4.80028
1.73776
0.0280408
-4.80245
-0.69825
-0.0505044
-6.06913
-0.5593
-0.103068
-5.88706
1.48465
-0.123112
-5.54157
1.54793
-0.125254
-5.56361
1.64832
-0.071968
-4.32697
-0.862415
-0.0717609
-4.11768
-0.794196
-0.116054
-4.91039
-0.853866
-0.155671
-5.2824
-0.851815
-0.196163
-5.17838
-0.906781
-0.137134
-4.46973
-0.922989
-0.140143
-4.49916
1.50824
-0.210531
-5.59696
-0.840002
-0.259187
-5.23868
-0.0210177
-0.240202
-4.26225
0.863713
-0.258472
-4.2507
-0.701204
-0.255589
-3.91597
0.904699
-0.412014
-4.71102
0.904699
-0.412014
-4.71102
0.761019
-0.268711
-3.56091
-0.624025
-0.207993
-3.27238
0.848649
-0.262237
-3.4257
0.359525
-0.361745
-3.67371
-0.262934
-0.155239
-2.79824
-0.414712
1.44072
-3.54515
1.43416
1.40035
-4.91356
-0.886288
0.102545
-3.85835
1.74859
0.120482
-4.74558
1.87575
-0.00310441
-6.25429
-1.1908
-0.0192258
-3.73654
-0.841263
-0.194562
-4.60056
-0.857873
-0.284031
-4.7904
0.0251719
-0.331211
-4.79256
0.0297545
-0.225212
-3.70891
0.762837
-0.295701
-3.51555
0.322094
-0.338816
-3.3648
-0.539103
1.42556
-3.47561
-0.539103
1.42556
-3.47561
-0.814023
1.47347
-3.511
-0.430285
1.52954
-3.56315
-0.57086
1.5977
-4.69895
1.34637
1.38284
-5.10261
1.47564
1.03257
-5.07019
1.65125
0.985395
-7.44683
-0.937371
0.137405
-3.44285
-0.930519
0.115805
-3.45705
-0.931284
0.115773
-3.45785
-3.44223
0.380277
-9.90109
-0.830667
-0.010511
-4.50439
-0.838873
-0.00829158
-4.52525
-0.700108
-0.0599746
-6.29876
0.0103544
-0.313833
-4.44203
0.848502
-0.293619
-4.25971
0.819176
-0.336285
-4.35736
0.0281205
-0.322085
-3.80088
0.476591
-0.503022
-4.09899
-0.571338
1.60935
-4.71022
-0.932034
0.131273
-3.5304
1.60897
-0.0764288
-5.87957
0.887458
-0.207349
-3.85143
0.955373
-0.230564
-3.47794
-0.628801
1.40364
-4.92399
-0.616646
1.24684
-4.87116
0.821714
-0.285632
-4.28312
-0.615519
-0.193627
-3.30917
1.51498
0.128552
-5.19334
1.77336
-0.00830378
-4.89633
-0.911317
-0.144881
-4.69451
-24.0628
-9.32896
-40.4679
-0.470237
1.46638
-3.57365
1.73062
0.18335
-5.48612
1.64824
-0.0443783
-5.33087
-0.580046
-0.0850608
-4.97761
-0.843939
-0.0835004
-4.75141
1.78634
0.223713
-4.35693
-0.327702
0.0740952
-4.57072
-0.507748
-0.178483
-6.07036
-0.958435
2.02485
-2.25695
-0.563774
1.88709
-2.41374
-0.430728
1.50249
-3.57825
-0.60635
0.963041
-3.50625
-2.0539
0.630028
-2.52789
-1.25079
0.322652
-0.802906
1.25517
0.388503
-1.74293
1.22747
-0.0501209
-2.70196
1.16527
0.0449201
-1.30037
-1.14763
-0.144621
-2.03687
-0.863386
1.958
-2.38334
1.16498
1.42359
-2.82221
-0.697483
1.51226
-3.63399
-1.18936
0.354187
-0.837492
-1.18375
0.353315
-0.879004
-1.18138
0.353213
-0.90376
-1.01194
0.347142
-2.23908
-1.05207
0.251405
-2.18896
4.86466
0.379544
-5.31722
-0.699652
-0.237994
-2.03087
-1.14603
-0.154658
-1.03963
-0.479991
-0.072771
-0.294697
-0.625415
1.95292
-2.22276
-0.625415
1.95292
-2.22276
0.992448
1.57924
-2.97847
-0.636413
1.51345
-3.57232
-1.18552
0.354913
-0.85963
-1.17364
0.322754
-0.967205
1.60033
0.356395
-3.08256
-1.17241
0.216027
-0.977344
1.12343
0.2304
-0.972369
1.56558
-0.275902
-2.23654
0.658566
-0.246836
-1.43941
0.995409
-0.238338
-0.835191
-0.463071
-0.0757948
-0.317375
-0.68869
2.01838
-2.24579
-0.670046
0.457033
-1.84479
-0.666823
0.454799
-1.83053
1.66133
0.213033
-3.28756
-0.509176
-0.0579374
-0.0804019
-1.19018
0.373055
-0.828722
-1.19045
0.373668
-0.828898
-1.18804
0.337733
-0.848196
-1.17695
0.334276
-0.900017
-1.18187
0.312475
-0.916289
-1.18086
0.3123
-0.916165
1.13459
0.0590207
-1.31659
1.08082
-0.306592
-2.04758
1.07585
-0.233016
-1.10326
-0.481456
-0.058904
-0.104011
-0.50345
-0.0577431
-0.0833122
-0.865386
1.83721
-2.28099
-0.627527
1.79084
-2.42025
-0.861576
1.72242
-2.36849
-1.20425
0.372129
-0.762432
-1.19714
0.342287
-0.771466
-1.18094
0.316284
-0.881719
-1.24498
0.297603
-0.959867
-1.17798
0.105114
-0.952993
-1.02136
-0.109432
-2.56083
0.260381
-0.178729
-0.0168885
0.260381
-0.178729
-0.0168885
-1.16248
0.182606
-0.986082
-1.19667
0.161804
-0.970094
-0.904832
-0.0384885
-2.75925
-0.808963
0.203356
-0.839517
1.20961
0.110406
-1.57493
1.05184
-0.189083
-1.02558
-0.988402
0.427625
-3.71536
-0.221533
1.28077
-7.02086
-0.963001
0.388999
-3.71985
1.40329
0.652259
-5.05891
-0.935789
0.343893
-3.76457
1.71659
0.274884
-4.61598
-0.90124
-0.0195904
-3.72581
1.49429
-0.0797018
-5.54488
1.48901
-0.0810875
-5.53227
1.77076
-0.271682
-4.43793
-0.221832
-0.265686
-3.09781
-1.20635
-1.2234
-4.30492
-0.944527
0.133747
-3.35787
-0.944911
0.107894
-3.39113
-0.926915
0.103756
-3.57606
-0.943281
0.0357456
-3.3232
-1.04565
-0.188179
-3.51283
-1.04299
-0.192712
-3.52597
-0.972601
-0.256804
-3.36511
-0.933271
0.0799939
-3.6002
1.85087
-0.235737
-6.72552
-1.04427
-0.125774
-3.51378
-3.37969
-2.92462
-6.32097
-0.943742
0.195629
-3.34121
-0.607704
-0.172939
-3.27234
1.54015
1.40569
-4.89057
-0.43681
1.35761
-4.86921
-0.496566
1.12356
-4.8598
-0.91812
0.16544
-3.73201
1.70878
0.236497
-4.53106
1.71098
0.229848
-4.48245
1.70581
0.227228
-4.58048
1.70495
0.226732
-4.71026
1.70898
0.161775
-4.50921
-0.920764
0.0825487
-3.67217
1.72264
0.0507895
-4.67741
-0.830826
0.0358697
-4.66184
-0.833006
0.0169405
-4.49081
-0.756272
0.0147029
-4.89046
-0.788712
0.00845922
-4.88576
-0.849177
-0.0539501
-3.95133
-0.867121
-0.301474
-4.5567
0.84459
-0.256231
-4.26897
0.88791
-0.175422
-3.47637
0.83442
-0.255308
-3.87625
0.83442
-0.255308
-3.87625
0.843072
-0.263302
-3.85683
-0.162887
-0.149538
-3.21799
0.797586
-0.243929
-3.51029
-0.178568
-0.165174
-3.19856
0.80862
-0.242829
-3.48228
0.841415
-0.233974
-3.42472
0.795231
-0.252003
-3.49344
0.796962
-0.258373
-3.51235
0.805169
-0.254685
-3.47859
0.794598
-0.261194
-3.49676
0.794633
-0.259088
-3.48138
-0.0133006
-0.339229
-3.7548
-0.655365
1.46922
-4.74038
-0.349514
1.43124
-4.91498
-0.465328
1.38715
-4.91233
-0.624186
1.31465
-4.85976
-0.835383
0.458421
-3.68593
-0.987539
0.453073
-3.71353
-0.919034
0.0880918
-3.68205
-0.930837
0.0893222
-3.69756
-0.844271
0.0196334
-4.34059
-0.85286
-0.00722911
-4.43712
-0.847125
-0.0182115
-4.05792
-0.906747
-0.0233243
-3.78903
-0.85415
-0.0713284
-3.99567
-0.875779
-0.149911
-5.23126
-0.921793
-0.121442
-4.58426
-0.84881
-0.0917394
-4.04265
0.894469
-0.218456
-4.10953
-0.0225523
-0.241932
-4.27434
0.974546
-0.223756
-3.88978
0.0252989
-0.322937
-3.81008
0.956651
-0.255047
-3.4742
0.812765
-0.293921
-3.41909
-0.176868
-0.354187
-3.19418
-0.295326
-0.358111
-3.17039
-0.209496
-0.38601
-3.21049
-0.24165
-0.419187
-3.25146
-0.956509
0.483862
-3.69293
1.67971
0.200439
-4.09999
-0.921249
0.0992348
-3.58467
-0.879015
0.128986
-3.9609
-0.845736
0.0114674
-4.05304
-0.901927
-0.126399
-4.65499
-0.867688
-0.0954511
-4.11978
0.816049
-0.203392
-3.59766
0.908012
-0.247581
-3.44316
0.894636
-0.299175
-3.43417
-0.19683
-0.369376
-3.2072
1.55898
1.40362
-4.91604
-0.411444
1.24706
-4.82079
-0.884949
0.161167
-4.10758
-0.194216
-0.38006
-3.25191
0.892565
-0.205871
-3.85764
-0.167384
-0.180299
-3.62928
0.220566
-0.0918372
-3.07897
0.220566
-0.0918372
-3.07897
-0.114374
-0.230879
-3.66103
0.869383
-0.301269
-3.42369
-0.578779
1.2199
-3.50483
-0.849341
-0.0624071
-3.94222
-0.855287
-0.0805151
-4.04032
0.988303
-0.248639
-3.4891
-0.577238
1.57272
-4.71849
-0.665383
1.41579
-4.73656
0.803252
-0.288337
-3.45649
-0.888368
-0.111825
-4.01024
0.768752
-0.197714
-3.48314
-0.10698
-0.190163
-3.64439
0.8097
-0.336078
-3.88981
1.71843
0.208871
-4.28267
1.71843
0.208871
-4.28267
-0.944228
2.00317
-2.28717
-0.943642
1.94224
-2.22005
-1.1889
0.386476
-0.85313
-1.1889
0.386476
-0.85313
-1.04432
0.15881
-0.667569
-0.32483
-0.0896592
-0.679029
-0.433641
-0.0871675
-0.474751
-0.559962
1.71899
-2.27619
-0.639165
1.75687
-2.42967
-1.18233
0.375365
-0.904705
-1.18002
0.363745
-0.952143
-0.859549
0.174464
-0.774882
1.22828
-0.012795
-1.37843
-0.457734
-0.0570792
-0.117996
0.107703
-0.199194
-0.546103
-0.931444
2.0264
-2.27462
-0.738111
1.78414
-2.46144
-1.18035
0.388015
-0.872336
-0.300933
-0.0576108
-0.242033
-0.543907
1.89315
-2.40966
-1.16241
0.363501
-0.818869
-0.523759
-0.0288112
-0.0887155
-0.523681
-0.0281565
-0.0883238
1.16883
0.0246489
-1.33352
-0.518599
-0.0603103
-0.0808508
-0.531638
-0.00425863
-0.0967332
-0.589116
-0.0104291
-0.0744422
-1.17698
0.330027
-1.01936
-0.899874
0.212576
-0.83195
-0.998412
0.15968
-0.950878
1.2401
-0.107652
-1.60007
1.1639
-0.241365
-1.43633
1.1761
0.135481
-1.20565
-0.70067
0.605273
-1.10922
-0.313912
1.48288
-4.89151
-0.886138
0.111299
-3.88514
1.70794
0.162662
-4.49006
1.70192
0.142257
-4.42628
-0.855961
-0.00789987
-4.35004
0.382861
-0.0132576
-3.19837
-0.873533
-0.177153
-4.58351
-0.873533
-0.177153
-4.58351
-0.862104
-0.2764
-4.76126
-0.867588
-0.26245
-4.56534
0.86634
-0.263363
-3.90057
0.86634
-0.263363
-3.90057
0.873914
-0.260691
-3.8273
0.830143
-0.374887
-4.01502
0.815586
-0.242008
-3.47322
0.787407
-0.298676
-3.4654
0.827736
-0.293588
-3.42503
-0.545999
1.61483
-4.7751
-0.293313
1.48316
-4.90805
-0.398975
1.4018
-4.93247
-0.404405
1.21216
-4.81731
-0.872659
0.0740442
-3.94187
-0.826042
0.00733896
-4.69324
-0.857293
-0.0511812
-3.87388
-0.85994
-0.0595156
-3.8736
-0.858427
-0.0681036
-3.89667
0.787364
-0.263582
-3.95781
0.774583
-0.232561
-3.5763
0.813334
-0.354046
-3.96535
0.760491
-0.234431
-3.51323
-0.0629574
-0.168912
-3.31024
0.765177
-0.26003
-3.56585
0.77286
-0.264117
-3.52971
-0.177242
-0.153876
-3.20906
-0.177447
-0.155741
-3.19333
-0.467214
1.5736
-4.73528
-0.292623
1.46928
-4.91746
-0.594805
1.42691
-4.94954
-0.406441
1.24121
-4.82378
-0.831262
-0.0355229
-4.60735
-0.146879
-0.217762
-3.6307
0.770942
-0.273747
-3.56028
-0.014083
-0.340758
-3.75921
0.852447
-0.264387
-3.43022
0.810751
-0.276393
-3.45039
-0.167984
-0.209565
-3.17824
-0.424157
1.36219
-5.01409
-0.851121
0.178267
-3.94707
0.899163
-0.208554
-3.86878
0.255131
-0.0618406
-3.03105
-0.14369
-0.244451
-3.64089
-0.158839
-0.264542
-3.16059
-0.158839
-0.264542
-3.16059
-0.188796
-0.379008
-3.21278
-0.62459
1.3286
-4.87677
-0.683052
1.27185
-4.81072
-0.164202
-0.212996
-3.18035
-0.164202
-0.212996
-3.18035
-0.10098
-0.332767
-3.19507
1.69404
-0.205865
-4.23967
-0.136193
-0.226781
-3.63685
0.847296
-0.277566
-3.4354
-0.143356
-0.263642
-3.17259
-0.495796
1.56139
-4.77411
-0.169708
-0.231757
-3.1671
-0.172871
-0.22925
-3.15524
-0.108844
-0.318391
-3.21425
-0.882593
0.112501
-3.93866
-0.883787
0.112644
-3.9394
0.80601
-0.339756
-3.59174
-0.872177
0.0638146
-3.90902
-0.148828
-0.273097
-3.15546
-0.172633
-0.161218
-3.21053
-0.521974
1.28274
-4.91622
-0.513892
1.26296
-4.88624
-0.858543
-0.0197084
-4.01042
-0.875914
-0.191924
-4.09179
-0.681104
1.21004
-3.45913
-1.10733
0.981446
-1.81877
-0.868702
0.477266
-3.71206
-0.868712
0.476987
-3.71208
-0.929455
0.442958
-3.70986
-1.03686
0.352646
-2.28767
-0.999856
0.445216
-3.71874
-0.905163
0.417395
-3.72145
-1.02978
0.348454
-2.36435
-0.969414
0.379322
-3.71804
-1.0991
0.279491
-1.65421
-1.03721
0.299835
-2.3066
-1.10433
0.274299
-1.63251
-1.10436
0.273205
-1.63247
-1.09992
0.272131
-1.67548
-1.03331
0.289442
-2.35463
-1.10445
0.255844
-1.63157
-1.10358
0.255048
-1.6377
-1.10358
0.255048
-1.6377
-1.02997
0.257723
-2.36614
-1.03817
0.24706
-2.2576
-1.04192
0.247684
-2.25845
-0.932723
0.123441
-3.56572
-0.922018
0.0907145
-3.52977
-0.995675
0.0923529
-2.59285
-1.0132
0.0851265
-2.52242
-1.01138
0.0852962
-2.52157
-1.11451
0.0841599
-1.79087
-0.871223
0.0810434
-1.73117
-1.19777
0.0865549
-1.7609
-1.20629
0.063983
-1.5945
-1.16454
-0.00154171
-1.98937
-1.16768
-0.0116526
-1.93653
-1.16266
-0.0324325
-2.06585
-1.16201
-0.0478393
-2.06557
-1.16211
-0.0568998
-2.06819
-1.048
-0.133384
-2.35466
-0.950095
-0.238125
-3.22994
-1.0982
-0.29227
-2.92385
-1.10064
-0.291894
-2.83382
-1.17315
-0.21991
-1.94073
-0.688235
-0.224554
-1.98213
-0.311193
-0.224047
-2.65855
-0.425588
-0.281358
-2.60507
-0.444279
-0.293774
-2.57693
-0.301249
-0.265492
-2.66037
-3.43546
-2.94678
-4.22678
-0.694612
1.25862
-3.4833
-0.833333
0.489552
-3.70859
-0.863018
0.481889
-3.72133
-0.862817
0.481883
-3.72112
-1.02667
0.443682
-3.71927
-0.977026
0.4204
-3.72089
-1.10356
0.295014
-1.60988
-1.10402
0.294049
-1.62744
-1.10402
0.294049
-1.62744
-0.998679
0.394519
-3.68995
-1.03528
0.304005
-2.32508
-1.10491
0.277083
-1.62011
-1.0324
0.29412
-2.33082
-1.10226
0.271225
-1.64473
-1.09975
0.267253
-1.67024
-1.03722
0.286139
-2.28659
-1.10269
0.265834
-1.63913
-1.10188
0.265618
-1.63938
-1.10488
0.2502
-1.60916
-1.04018
0.26726
-2.26923
-1.08677
0.24611
-1.78311
-0.735962
0.130031
-1.8453
-0.930456
0.146705
-3.36014
-0.729464
0.109643
-1.84081
-0.933521
0.111885
-3.40671
-0.959711
0.0982881
-3.14475
-1.16386
0.0847975
-2.02618
-1.20596
0.0837474
-1.58812
-1.16739
0.0780432
-2.01867
-0.742444
0.0687178
-1.84802
-0.982494
0.0339239
-2.54722
-0.729516
0.0285687
-1.83595
-1.08488
-0.0286924
-2.89427
-1.16399
-0.00194531
-2.02716
-1.16495
-0.0271813
-2.05794
-1.04763
-0.0490486
-2.32087
-1.15954
-0.0537902
-2.05705
-1.15673
-0.0846104
-2.06775
-1.04257
-0.17163
-3.52209
-1.16599
-0.11287
-1.94649
-1.19688
-0.122096
-1.69862
-1.0285
-0.174256
-2.33539
-1.04128
-0.168698
-2.18824
-1.04128
-0.168698
-2.18824
-0.633603
-0.305857
-2.59183
-0.690565
-0.234679
-1.97264
-0.565069
-0.30208
-2.51188
-0.560724
-0.30083
-2.50905
-0.596226
-0.284464
-2.17556
-0.425634
-0.295764
-2.59909
-0.438799
-0.302844
-2.58837
-0.625618
-0.268329
-1.84272
-0.690015
1.23625
-3.47556
-1.10719
1.00033
-1.81448
-1.10894
1.00217
-1.81393
-1.10209
0.971185
-1.81413
-1.08955
0.33709
-1.76918
-0.862309
0.406184
-3.71878
-1.10498
0.256787
-1.61578
-1.10232
0.249503
-1.63842
-0.884009
0.303957
-3.7641
-1.09065
0.245316
-1.7539
-1.04077
0.256044
-2.26903
-0.923027
0.297084
-3.72362
-1.0323
0.256548
-2.34375
-1.04574
0.24849
-2.15079
-1.02939
0.308066
-3.70611
-1.03909
0.244047
-2.27429
-1.03542
0.239785
-2.33388
-1.04228
0.196792
-2.10283
-1.04228
0.196407
-2.10315
-0.736142
0.106259
-1.84299
-0.957638
0.112043
-3.14738
-1.00056
0.08134
-2.5974
-0.999163
0.0810857
-2.59661
-0.999301
0.0810751
-2.59666
-0.737052
0.0665384
-1.84515
-0.749197
0.0647303
-1.8496
-1.16966
0.069323
-1.94684
-1.05984
-0.105612
-2.18186
-0.707546
-0.238125
-2.05017
-0.441774
-0.265854
-2.58613
-0.436242
-0.270114
-2.5929
-0.436775
-0.26978
-2.59311
-0.444346
-0.287634
-2.57989
-0.431425
-0.291911
-2.59945
-0.438818
-0.296393
-2.58901
-0.4386
-0.296208
-2.58895
-0.626769
-0.269975
-1.86825
-1.10626
0.986893
-1.8079
-1.11201
0.990624
-1.81844
-0.737635
0.317491
-1.82966
-1.03153
0.408319
-2.04151
-0.704022
0.279643
-2.3297
-1.03895
0.345361
-2.27615
-1.07867
0.372126
-3.71561
-1.03507
0.251946
-2.33023
-1.00322
0.238643
-2.55657
-1.00397
0.239171
-2.55694
-1.05909
0.18623
-1.99657
-1.06667
0.187137
-1.99579
-0.739761
0.138088
-1.84652
-0.74709
0.137824
-1.82027
-0.972923
0.0526522
-2.78659
-0.738936
0.00683434
-1.84278
-1.16499
-0.0393124
-2.04579
-1.04978
-0.0477225
-2.34278
-1.09396
-0.246561
-3.00354
-1.167
-0.17548
-1.89315
-0.941443
-0.279981
-3.30823
-0.68483
-0.216477
-1.98315
-0.6918
-0.26802
-2.00337
-0.564968
-0.299334
-2.48266
-1.05451
0.44177
-2.10085
-1.01726
0.340521
-3.70821
-1.04078
0.253129
-2.28765
-1.03929
0.253356
-2.28721
-0.733102
0.122105
-1.83889
-0.743588
0.100099
-1.84566
-0.743588
0.100099
-1.84566
-0.733434
0.0559518
-1.84246
-1.19519
0.0131072
-1.75803
-1.18982
-0.128575
-1.75277
-1.02433
-0.194563
-2.62611
-1.09556
-0.283414
-2.85075
-1.10098
-0.284449
-2.82347
-1.03851
0.301014
-2.27649
-1.03656
0.29327
-2.31816
-1.04396
0.184858
-2.13149
-1.17408
-0.0110396
-2.00914
-1.09408
-0.087731
-2.89134
-1.0486
-0.0674849
-2.30431
-1.09373
-0.218142
-2.93223
-0.757347
-0.167067
-2.21114
-0.688502
-0.245539
-1.97976
-0.686665
-0.245275
-1.98014
-1.05127
0.279299
-2.19692
-0.774923
0.125476
-1.86132
-0.774923
0.125476
-1.86132
-1.19193
-0.0267423
-1.75129
-0.967706
-0.187875
-3.36921
-1.06987
-0.289394
-3.0438
-0.686748
-0.254433
-1.99449
-0.721843
-0.259059
-1.79307
-1.04813
0.281205
-2.23988
-1.04104
0.163412
-2.08171
-0.721845
0.103693
-1.83477
-0.710604
-0.164921
-1.97828
-0.609251
-0.257995
-2.48109
-0.707258
-0.270425
-2.05808
-0.690616
-0.249662
-1.96118
-1.0411
0.242786
-2.17919
-1.18061
0.0234239
-2.06128
-1.09741
-0.0167698
-2.78961
-1.09905
-0.205549
-2.88222
-1.16753
-0.154731
-1.91894
-0.895968
-0.284651
-3.53368
-1.09266
-0.317012
-2.99425
-1.11298
0.122059
-2.06504
-1.04512
-0.0817077
-3.8644
-1.07035
-0.23819
-2.7911
-1.02428
0.218344
-2.07187
-0.591367
-0.259998
-2.54264
-0.83027
0.375209
-3.54686
-1.11749
0.433233
-1.45617
-0.991253
0.488913
-3.72524
-0.911994
0.452822
-3.71437
-1.10098
0.344166
-1.66602
-1.10138
0.345167
-1.67197
-0.945433
0.442655
-3.70807
-1.09536
0.322949
-1.71352
-0.859994
0.379212
-3.71529
-1.09526
0.307325
-1.71275
-1.05293
0.382515
-3.7397
-1.03127
0.294806
-2.37865
-1.03312
0.277619
-2.3233
-1.0978
0.260039
-1.71097
-1.10629
0.256417
-1.63111
-1.09669
0.256249
-1.72098
-1.09669
0.256249
-1.72098
-1.04671
0.262705
-2.20753
-1.03939
0.212827
-2.27318
-1.02793
0.19982
-2.39323
-0.65096
0.129045
-2.21951
-1.16986
0.0886996
-1.94454
-1.07264
-0.010716
-3.17044
-1.10703
-0.0305092
-2.8826
-1.19493
-0.00715591
-1.69733
-1.20145
-0.0139778
-1.67941
-1.04485
-0.0374617
-2.37808
-1.0451
-0.0375807
-2.37779
-1.04534
-0.070274
-2.3747
-0.997613
-0.174203
-3.87348
-1.05541
-0.181749
-3.14401
-0.436732
-0.290264
-2.59207
-1.11411
0.451967
-1.45442
-1.11318
0.443364
-1.4608
-1.10307
0.346709
-1.64164
-1.09879
0.341923
-1.67923
-1.09683
0.342276
-1.70118
-1.10456
0.337117
-1.6298
-1.10456
0.337117
-1.6298
-1.04085
0.373415
-2.39467
-1.09773
0.330831
-1.71034
-1.03718
0.316273
-2.28872
-1.03917
0.311729
-2.29971
-1.03872
0.311309
-2.29942
-1.09974
0.290101
-1.69102
-1.10575
0.279705
-1.62604
-1.09667
0.278004
-1.70261
-1.09233
0.272531
-1.72762
-1.02476
0.290257
-2.40411
-1.09254
0.268463
-1.73464
-1.09254
0.268463
-1.73464
-1.09837
0.251783
-1.69022
-1.0972
0.252132
-1.7043
-1.09808
0.248496
-1.68147
-1.09745
0.24803
-1.68168
-1.03018
0.194682
-2.01848
-0.948452
0.200494
-3.31497
-0.941295
0.148226
-3.34953
-0.929904
0.107853
-3.55916
-0.922721
0.101095
-3.61959
-0.96558
0.097868
-3.05828
-0.910372
0.0831283
-3.68313
-1.13132
0.112973
-1.46489
-1.4455
0.0979678
-1.56209
-1.4455
0.0979678
-1.56209
-0.751951
0.0652662
-1.84911
-0.983022
-0.00862863
-3.1444
-1.16464
-0.0266895
-2.05802
-1.04268
-0.139465
-2.401
-1.20089
-0.121224
-1.67609
-1.02761
-0.174793
-2.35027
-1.0422
-0.169665
-2.2078
-1.0422
-0.169665
-2.2078
-0.758946
-0.15594
-2.27606
-1.16647
-0.223396
-2.029
-0.686587
-0.224838
-2.0777
-0.688728
-0.250111
-1.97505
-0.442819
-0.2737
-2.58232
-0.626339
-0.268519
-1.83391
-1.10834
0.359317
-1.62931
-1.10385
0.355734
-1.67598
-1.10347
0.346945
-1.63146
-1.10286
0.333459
-1.66682
-1.10286
0.333459
-1.66682
-1.02313
0.33819
-2.42003
-1.03643
0.310605
-2.31354
-1.09619
0.286794
-1.70917
-1.09894
0.276179
-1.66915
-1.10462
0.256694
-1.61567
-1.04531
0.260077
-2.22773
-1.03118
0.251476
-2.37629
-1.02843
0.246708
-2.39802
-1.02843
0.244098
-2.41773
-1.03502
0.239409
-2.33396
-1.03431
0.240314
-2.35519
-1.03089
0.239419
-2.37578
-1.13473
0.091319
-1.4554
-1.1591
-0.0129754
-2.05779
-1.16333
-0.0872586
-2.07873
-0.432229
-0.292683
-2.59998
-1.10357
0.357341
-1.625
-1.03248
0.343256
-2.3518
-1.09561
0.298639
-1.70557
-1.03014
0.197012
-2.03658
-1.168
0.0655693
-1.94848
-1.16485
-0.11653
-2.0685
-1.20024
-0.0980307
-1.6744
-1.0972
-0.24048
-2.9074
-1.20255
-0.217433
-1.61855
-0.428907
-0.27308
-1.8271
-0.290566
-0.264268
-1.85297
-1.04022
0.256637
-2.25145
-0.742153
0.11614
-1.84644
-1.21442
0.105306
-1.62046
-0.980376
0.030889
-2.80679
-1.04384
-0.118729
-2.36302
-1.21278
-0.162588
-1.45336
-1.05217
0.422535
-2.12963
-1.03652
0.403918
-2.04843
-1.03293
0.303805
-2.34713
-1.04726
0.254401
-2.21407
-1.03432
0.247456
-2.31837
-0.762106
0.102659
-1.85675
-1.20288
0.0423763
-1.60619
-1.20288
0.0423763
-1.60619
-1.15616
-0.0726638
-2.06973
-1.03515
0.350107
-2.30288
-1.20036
0.0934801
-1.60485
-1.20133
0.0923955
-1.60458
-1.20658
-0.0316219
-1.60171
-0.697579
-0.256508
-1.93941
-0.76077
-0.258042
-1.82143
-0.917013
0.036694
-3.47001
-0.959465
-0.114564
-3.28705
-0.729948
0.162531
-1.79451
-0.704602
-0.246724
-2.04387
-0.934478
0.283895
-2.29369
-0.767161
-0.1449
-2.13275
-1.10633
0.999383
-1.81488
-0.806277
0.56377
-1.84908
-2.79101
1.01626
-1.55751
-1.09693
0.337764
-1.7142
-1.09006
0.337894
-1.76926
-1.09493
0.330518
-1.71843
-1.09493
0.330518
-1.71843
-1.09359
0.320242
-1.72535
-1.09359
0.320242
-1.72535
-1.10182
0.311116
-1.66387
-1.03849
0.297398
-2.29639
-1.03235
0.294457
-2.33101
-1.03859
0.283608
-2.29617
-1.0548
0.273132
-2.18408
-1.08639
0.255635
-1.78567
-1.02603
0.253109
-2.42729
-1.13084
0.106798
-1.47017
-1.06957
0.00522767
-2.75679
-1.15642
-0.0746545
-2.05437
-1.05279
-0.0869534
-2.27622
-1.09338
-0.181903
-2.25218
-1.09458
-0.24086
-2.92281
-1.02874
-0.180669
-2.31218
-0.442661
-0.291374
-2.58555
-1.09216
0.359105
-1.77978
-1.09252
0.340378
-1.73758
-1.0938
0.330418
-1.73492
-1.08953
0.304631
-1.75919
-1.08853
0.304492
-1.75931
-1.041
0.309139
-2.31637
-1.09194
0.285812
-1.73316
-1.09179
0.274386
-1.74436
-1.08948
0.266842
-1.7648
-1.02699
0.236073
-2.41771
-1.02469
0.233813
-2.43785
-0.994778
0.160928
-2.46059
-0.913423
0.101472
-3.60347
-1.15256
-0.0436871
-2.03136
-1.06934
-0.153489
-2.11144
-1.46139
-0.256977
-2.35684
-0.437947
-0.295129
-2.58831
-0.656648
-0.250798
-1.49945
-0.453972
-0.273542
-1.8663
-1.30718
0.528717
-1.5841
-0.985703
0.481679
-3.69431
-1.01613
0.212553
-2.48373
-1.21357
0.104407
-1.54508
-0.942643
-0.0257711
-3.33364
-1.16308
-0.101263
-2.04401
-1.1589
-0.119368
-2.04166
-1.04655
-0.125285
-2.34381
-0.7134
-0.241461
-2.04868
-0.444904
-0.275462
-2.57422
-1.06369
0.445384
-2.02247
-1.09528
0.35285
-1.70471
-1.031
0.288107
-2.36682
-1.04143
0.240128
-2.24821
-0.984329
-0.227407
-3.43731
-1.19722
-0.128366
-1.68646
-1.10411
-0.284689
-2.8582
-1.20847
-0.207305
-1.67097
-1.19619
-0.206047
-1.6996
-0.496429
-0.246822
-2.57897
-0.496429
-0.246822
-2.57897
-0.678632
-0.256569
-2.0054
-1.2052
-0.16107
-1.57644
-0.712111
-0.272326
-2.05878
-0.712111
-0.272326
-2.05878
-0.633121
-0.274371
-1.76979
-1.19852
-0.150156
-1.64375
-1.04842
0.182574
-2.20554
-1.11681
0.147442
-1.50017
-1.23483
0.149681
-1.55881
-1.88543
-2.01022
-3.03977
-0.933809
-0.320521
-3.32062
-1.00965
-0.173939
-2.37415
-1.03476
-0.173761
-2.18241
-0.58862
-0.277223
-1.85911
-0.97112
-0.135915
-2.41446
-1.02944
-0.151285
-2.33817
-1.00906
-0.172058
-2.35293
-0.997746
-0.00548143
-2.60096
-0.677192
-0.225177
-1.99085
-0.710518
-0.156838
-1.98356
-1.04657
-0.0227188
-2.4354
-1.15823
-0.0275436
-2.02701
-1.15444
-0.159647
-2.05211
-1.0349
0.337561
-2.40744
-0.694502
-0.056437
-2.38598
-1.04369
-0.145632
-2.38168
-0.259199
-0.26597
-1.85501
-0.409087
-0.266292
-1.83183
-0.67298
-0.135496
-2.36026
-0.475853
-0.270971
-1.85193
-1.06029
0.27755
-2.49408
-0.994695
-0.160702
-2.21923
-1.04254
-0.172715
-2.26361
-0.241137
-0.237778
-1.41331
-0.825631
0.0419629
-2.63557
-5.96877
-1.37617
-8.04888
-1.0403
0.190885
-2.26435
-1.16632
-0.0114753
-2.00671
-1.12845
0.495896
-1.75672
-1.09299
-0.0655636
-2.91439
-0.565345
-0.297428
-2.52301
-0.938144
-0.311066
-3.30599
-0.955593
0.0919013
-3.16323
-0.972173
-0.334319
-3.29743
-0.975478
0.0295796
-2.8475
-0.792678
0.169529
-1.37329
-0.794766
-0.219417
-1.35422
-0.976445
0.111308
-3.06406
-0.956567
0.101702
-3.17514
-0.563625
-0.292877
-2.49799
-0.953291
0.0668263
-3.27295
-0.253455
-0.213531
-3.10586
-0.965789
0.144317
-3.15163
-0.965789
0.144317
-3.15163
-0.953057
0.132559
-3.21106
-0.942985
0.132263
-3.37319
-0.938926
0.121382
-3.35278
-0.954468
0.10294
-3.20517
-0.951809
0.0983211
-3.22854
-0.952502
0.0914256
-3.22006
-0.572589
0.0169605
-2.83237
0.0940839
0.0400387
-2.03731
-0.342123
-0.284004
-2.67693
-0.951048
0.20156
-3.31672
-0.958785
0.102219
-3.15595
-0.95727
0.101506
-3.1751
-0.924286
0.119778
-3.55242
-0.957749
0.113844
-3.18212
-0.93163
-0.19254
-3.31742
-0.95242
0.127806
-3.2333
-0.269236
-0.175631
-3.0993
-0.793762
0.121815
-1.37339
1.0067
1.73549
-1.16552
-5.64275
-5.47033
-7.21974
-1.09826
0.404282
-1.28846
-1.14715
0.106856
-1.25605
-0.930685
0.111629
-3.49881
-0.902523
0.0855498
-3.66361
-0.257252
-0.177177
-2.75047
-0.928407
0.093981
-3.51712
-0.155546
-0.205535
-2.77608
-0.288925
-0.210226
-2.99984
-0.59538
0.154077
-3.54817
-0.754563
0.297264
-3.62985
-0.393281
-0.195814
-3.07233
-0.232361
-0.176332
-2.81168
0.978017
2.09453
-1.04
-1.19261
0.374177
-0.812817
-0.728585
1.88883
-0.843353
0.954959
2.05329
-1.04317
0.954959
2.05329
-1.04317
-0.786738
1.65194
-0.810134
-0.774521
1.64802
-0.809963
-0.767204
1.65159
-0.81524
-1.17841
0.380067
-0.91585
-2.9697
0.657873
-2.72338
-1.18296
0.36054
-0.890426
-1.06159
1.76367
-0.767546
0.947995
2.08704
-1.02934
-0.788357
1.67086
-0.814234
-1.19376
0.356617
-0.812494
0.782907
-0.236501
-2.17761
-0.776058
1.93239
-0.876015
0.924694
1.92404
-0.990546
-0.864014
1.48073
-0.775184
-1.19466
0.382079
-0.776766
0.936499
1.82288
-1.12085
0.982725
1.75047
-1.16091
1.12684
1.46054
-0.951075
-1.17916
0.414077
-0.961961
-1.10732
1.72001
-0.833139
-0.800486
1.65914
-0.804481
-0.865052
1.68343
-0.829135
-0.816863
1.63911
-0.810211
-0.82558
1.65736
-0.82485
-1.19359
0.37173
-0.79728
1.09247
1.62349
-1.03649
0.942154
1.89085
-0.998328
1.14739
1.51827
-1.00589
-0.526328
0.586641
-3.38527
-0.897157
0.491628
-3.73696
-0.940896
0.115686
-3.39716
-0.930829
0.116683
-3.48853
-0.929757
0.0337815
-3.35675
-0.168273
-0.27866
-3.14857
-0.911692
0.098468
-3.64078
-0.911228
0.0981846
-3.63943
-0.850254
0.0136721
-3.71741
-0.338233
-0.20659
-2.98874
-1.0435
-0.110248
-3.49637
-1.04803
-0.110892
-3.49978
-0.287965
-0.203837
-3.01522
-1.04528
-0.132629
-3.49642
-0.410206
-0.176726
-2.74402
-0.181868
-0.191697
-2.81793
-0.17271
-0.195422
-2.83273
-0.798385
0.307887
-3.7009
-0.908764
0.121066
-3.72099
-0.734314
-0.277847
-3.99383
-1.02289
0.202496
-3.7443
-0.925576
0.11912
-3.61123
-0.909025
0.127033
-3.73149
-0.913592
0.0769853
-3.7038
-0.24597
-0.156369
-3.11154
0.0733198
-0.038918
-2.66687
-0.158472
-0.2102
-3.17289
-0.333025
-0.206425
-3.01192
-0.877283
0.134895
-4.13481
-0.922355
-0.197868
-4.27818
-0.548644
1.2315
-3.48952
-0.548644
1.2315
-3.48952
-0.850319
0.0169326
-4.07405
-0.334953
-0.164
-3.10493
-0.257568
-0.184046
-3.06808
-0.70852
1.912
-0.836964
-0.766191
1.90213
-0.849804
0.885108
2.01368
-0.974045
0.943206
2.01896
-0.994567
0.943206
2.01896
-0.994567
-1.04857
1.68437
-0.83988
-1.04374
1.66148
-0.869698
0.964171
1.84794
-1.06065
-0.840591
1.50904
-0.770088
-0.836671
1.48295
-0.762291
-0.848891
1.47765
-0.776357
-0.851748
1.48262
-0.781659
-1.20103
0.399546
-0.658751
-1.21032
0.394238
-0.702272
-1.21844
0.367772
-0.576918
-1.202
0.383361
-0.703347
-1.19692
0.389864
-0.752731
1.51016
0.459572
-1.03872
-1.21159
0.365133
-0.64876
-1.20495
0.380754
-0.774418
-1.19435
0.37282
-0.774708
-1.19654
0.359856
-0.733156
-1.20998
0.340652
-0.595478
-1.20434
0.349177
-0.692227
-1.19262
0.324092
-0.714345
-1.19893
0.323499
-0.721873
1.5846
0.333825
-1.10033
1.54579
0.315899
-1.07201
1.53088
0.256348
-1.09039
1.11922
0.117484
-0.732884
1.11318
0.0139166
-0.718825
1.0356
1.97263
-0.887248
1.35408
1.94089
-0.946921
-1.08912
1.74297
-0.818788
1.36342
1.86149
-0.931629
-1.08257
1.70217
-0.825942
-0.751522
1.58608
-0.782208
1.07173
1.70291
-1.08359
1.25434
1.52799
-0.944065
1.25434
1.52799
-0.944065
-1.20354
0.39119
-0.6738
-1.21533
0.367094
-0.599293
-1.19273
0.386966
-0.798985
-1.19089
0.387578
-0.796204
-1.19649
0.338413
-0.686141
-1.1971
0.332325
-0.735413
1.10119
0.0972735
-0.713869
1.10315
0.0396212
-0.718982
1.07922
0.0433854
-0.692309
0.216006
-0.175899
0.0881213
-0.980366
2.00044
-0.713816
1.36376
1.92822
-0.934766
-1.03523
1.66182
-0.878116
0.948705
1.70164
-1.10733
1.28409
1.57112
-0.951279
1.11278
0.0492048
-0.710083
1.11278
0.0492048
-0.710083
0.950594
-0.231766
-0.656981
-0.575988
-0.062267
-0.0304845
-0.80029
2.05106
-0.788046
-1.21949
0.38275
-0.568396
-1.21601
0.353063
-0.588695
-1.21257
0.348792
-0.614788
-1.2123
0.348527
-0.614755
-1.20306
0.322115
-0.700777
-1.19673
0.31776
-0.849197
1.11752
0.0881571
-0.712324
1.11752
0.0881571
-0.712324
-0.826515
1.93054
-0.769461
1.24169
1.99253
-0.902227
1.29166
1.87097
-0.999592
1.35629
1.77209
-0.972651
-1.21443
0.347376
-0.668336
-1.21443
0.347376
-0.668336
1.11095
0.365634
-0.988324
1.09036
0.0782584
-0.715368
1.09057
0.0782675
-0.715565
1.14378
0.076803
-0.711804
1.14378
0.076803
-0.711804
1.08329
0.0467935
-0.711066
1.13796
0.0148215
-0.712763
-1.31136
-0.0413411
-0.686978
-1.30865
-0.0883848
-0.685484
1.1021
-0.239689
-0.747592
0.176815
-0.165255
0.227593
-0.842346
2.03832
-0.782215
-1.09338
1.80207
-0.747437
-1.02171
1.66676
-0.870251
0.984762
1.6974
-1.0994
0.245953
-0.175244
0.134115
0.245953
-0.175244
0.134115
-0.805384
2.01492
-0.782481
-0.780316
1.5928
-0.817768
-0.780316
1.5928
-0.817768
1.29678
1.74594
-0.981636
1.06775
1.51508
-0.977646
-1.22215
0.345891
-0.562149
1.04747
2.04583
-0.961523
1.31974
1.97686
-0.96139
-0.832259
1.58605
-0.79934
0.929743
1.77076
-1.04313
-0.976692
1.82001
-0.762721
-0.871599
1.73336
-0.716717
-1.06379
1.73775
-0.840483
-0.873763
1.51308
-0.760573
0.948087
1.88391
-1.0395
1.11886
0.0710958
-0.716949
1.72521
0.232514
-4.52888
-0.870387
0.090587
-4.21572
-0.869912
0.0905581
-4.21542
-0.849527
0.0187881
-4.42906
-0.85697
0.00906151
-3.96204
-0.839716
0.0139883
-4.52851
-0.846189
-0.0299977
-4.49202
-0.871015
-0.0716401
-3.9702
-0.874974
0.0960654
-4.12398
-0.876783
0.0942793
-4.16419
-0.864102
0.0907605
-4.22585
-0.846402
0.012729
-4.47882
-0.861282
-0.0693996
-3.98294
-0.861282
-0.0693996
-3.98294
-0.863702
0.023215
-3.98495
-0.85238
-0.0287954
-4.42507
-0.85238
-0.0287954
-4.42507
-0.860527
-0.0617049
-3.89317
-0.881953
-0.0822511
-4.07339
-0.881953
-0.0822511
-4.07339
-0.864519
0.187625
-3.97096
-0.993212
-0.139271
-4.40068
-0.759642
1.63578
-3.45348
-0.728187
1.56671
-3.43869
-0.728187
1.56671
-3.43869
-1.14902
2.26759
-4.38259
-0.716597
1.3987
-3.47317
-0.766186
1.44748
-3.47594
-0.77542
1.42141
-3.4589
-0.622492
1.16316
-3.47251
-0.627017
1.15931
-3.4912
-0.886721
0.487169
-3.72512
-1.02021
0.489359
-3.72791
-0.974992
0.469755
-3.7268
-0.967708
0.469752
-3.76343
-0.907893
0.432613
-3.72714
-0.886499
0.419811
-3.7268
-0.940679
0.420162
-3.72729
-1.03597
0.343345
-2.30783
-1.04379
0.322942
-2.30047
-1.07141
0.263248
-1.97633
-1.05172
0.258551
-2.19777
-1.04528
0.24876
-2.17602
-1.04528
0.24876
-2.17602
-1.04319
0.238639
-2.26706
-0.929946
0.185596
-1.95506
-1.01796
0.213278
-2.4841
-1.04629
0.199983
-2.13264
-1.01933
0.196052
-2.50127
-1.03624
0.1876
-2.29588
-1.04441
0.178993
-2.13163
-1.02784
0.152704
-1.95953
-0.925335
0.136891
-3.57388
-0.961985
0.115374
-3.14284
-0.996155
0.116018
-2.5865
-0.997829
0.115951
-2.5867
-0.962456
0.104908
-3.08995
-1.01252
0.0850207
-2.5379
-1.08719
0.0718467
-3.12517
-1.10114
-0.0741899
-2.86232
-1.07052
-0.109898
-3.17259
-1.05029
-0.0801874
-2.319
-1.04959
-0.0922997
-2.31913
-1.04116
-0.175443
-3.58535
-1.04782
-0.173874
-3.51352
-1.03389
-0.191026
-3.51276
-1.04809
-0.114449
-2.32671
-1.04728
-0.114397
-2.32674
-1.18365
-0.10628
-1.75871
-1.16091
-0.131669
-2.06522
-0.623618
-0.167357
-3.28587
-1.04462
-0.165304
-2.27487
-1.10982
-0.173297
-2.21757
-0.698769
-0.120447
-2.31674
-2.89746
-0.692626
-3.9816
-0.600592
-0.202747
-3.28318
-0.712
-0.173477
-1.96805
-0.353633
-0.216007
-3.02106
-0.355624
-0.267189
-2.82761
-0.448071
-0.277121
-2.57699
-0.587644
-0.289946
-2.25152
-0.741921
1.55956
-3.42412
-0.66013
1.23259
-3.48282
-3.04295
1.09837
-1.88087
-1.03652
0.31548
-2.32795
-1.10029
0.268442
-1.66237
-1.04672
0.240916
-2.22636
-0.997312
0.106364
-2.58159
-0.887033
0.0741269
-3.85246
-0.943263
0.0723754
-3.33775
-1.00296
0.0519238
-2.545
-1.01579
0.0225188
-2.62117
-1.10032
-0.13
-2.87264
-1.09574
-0.114682
-2.01726
-1.00882
-0.14174
-2.49019
-1.05532
-0.163365
-2.33591
-0.7098
-0.115963
-2.30285
-0.7098
-0.115963
-2.30285
-1.05155
-0.179297
-2.0817
-0.974745
-0.320793
-3.24094
-0.320778
-0.204127
-2.99779
-0.708635
1.55209
-3.44336
-0.751311
1.35899
-3.42827
-1.06114
0.44176
-2.12102
-0.964594
0.479559
-3.72642
-1.01667
0.314279
-3.73784
-0.98198
0.270677
-3.72351
-1.01714
0.237052
-2.59449
-0.695331
0.115982
-2.36812
-0.996716
0.105566
-2.59172
-1.1962
-0.104421
-1.70004
-1.16159
-0.145913
-2.05926
-0.954291
-0.240943
-3.32491
-0.428881
-0.277777
-2.60079
-0.447682
-0.289547
-2.58155
-0.635507
1.61918
-3.49392
-0.635507
1.61918
-3.49392
-0.736815
1.60877
-3.4423
-0.738042
1.6128
-3.44518
-0.784256
1.42461
-3.50618
-0.680505
1.25156
-3.45096
-1.09868
0.462969
-1.81663
-1.02799
0.246722
-2.51028
-1.05353
0.205856
-1.95989
-1.0561
0.197552
-2.11637
-0.695777
0.117639
-2.32312
-0.964389
0.0979
-3.07581
-1.05048
-0.109813
-3.14063
-1.09292
-0.248006
-3.00447
-0.618233
1.62507
-3.42437
-0.746957
1.53715
-3.41732
-0.768955
1.52149
-3.40386
-0.67544
1.20736
-3.4671
-1.16811
0.0072126
-1.94864
-1.08991
-0.118452
-2.96075
-0.717072
-0.240579
-2.0555
-0.717072
-0.240579
-2.0555
-0.620792
1.59534
-3.43149
-0.689656
1.25371
-3.5305
-0.578131
0.945423
-3.52844
-0.620646
-0.228913
-2.49994
-0.744739
1.66964
-3.46745
-0.751476
1.51124
-3.42189
-0.764745
1.5368
-3.44086
-0.991907
-0.19671
-3.22873
-1.10476
-0.183063
-2.73376
-0.6254
1.52044
-3.48451
-0.56027
1.16726
-3.52162
-1.00872
0.168733
-1.9402
-1.08532
-0.0857273
-2.83502
-0.645954
1.62413
-3.40379
-0.664553
1.59921
-3.39867
-0.769493
1.5093
-3.47774
-1.0656
-0.0262771
-3.07457
-1.13277
-0.0248478
-2.07874
-0.372798
-0.197287
-2.62162
-0.663493
-0.280895
-2.07581
-0.711956
1.63511
-3.50367
-1.07013
-0.0415845
-2.67309
-0.749299
1.44442
-3.51725
-0.749299
1.44442
-3.51725
-0.698573
1.28089
-3.44356
-0.792358
0.417678
-3.62138
-0.713206
-0.286112
-2.10446
-1.04156
-0.0785399
-2.54449
-0.453891
-0.275294
-2.56462
-0.995286
0.16957
-2.91014
-0.773455
1.44085
-3.45811
-0.897939
0.480113
-3.72473
-1.03525
0.350757
-2.34015
-1.02844
0.349145
-2.36471
-1.0376
0.286456
-2.26264
-1.04332
0.236596
-2.23502
-1.04287
0.236711
-2.23496
-1.02549
0.239904
-2.40717
-1.01069
0.229875
-2.60576
-0.943572
0.208271
-3.32353
-0.695092
0.15061
-2.32585
-0.944549
0.190706
-3.32818
-0.95812
0.102129
-3.15596
-0.963129
0.0932015
-3.09025
-0.920433
0.0753701
-2.78241
-1.0235
8.4438e-05
-3.17896
-1.04075
-0.035969
-2.36517
-1.08418
-0.0681895
-2.95788
-1.04238
-0.0471702
-2.38473
-1.0474
-0.067814
-2.31925
-0.968179
-0.12748
-2.52384
-0.70091
-0.103646
-2.31203
-1.09068
-0.283478
-3.01905
-1.0791
-0.30166
-3.04719
-0.696561
-0.228017
-2.03101
-0.556988
-0.305775
-2.51634
-3.89228
-3.67599
-6.53557
-0.735977
1.67107
-3.48811
-0.75186
1.57146
-3.42124
-0.803385
1.46407
-3.50582
-1.10336
0.32639
-1.64031
-1.09902
0.324086
-1.67817
-1.09646
0.277766
-1.70271
-0.954396
0.183588
-3.28288
-0.966511
0.0981768
-3.05881
-0.927185
0.0776856
-3.55132
-1.16512
0.00350086
-1.94463
-1.05796
-0.0840595
-3.15004
-1.0416
-0.149693
-2.4009
-0.705082
-0.237247
-2.06381
-0.43619
-0.270082
-2.5929
-0.677647
1.64498
-3.40103
-0.807442
1.47547
-3.49983
-0.799773
1.43292
-3.52576
-1.10263
0.291801
-1.64917
-1.02924
0.250379
-2.37616
-1.03427
0.241009
-2.35512
-1.03045
0.239772
-2.37593
-1.00309
0.176769
-2.60222
-1.05595
-0.106057
-2.20038
-0.882662
-0.180933
-2.27887
-0.432783
-0.293073
-2.60005
-0.700473
1.54874
-3.41556
-0.749953
1.48717
-3.51485
-1.08591
-0.0519265
-3.01774
-1.16501
-0.115287
-2.06848
-0.729208
1.55123
-3.44661
-0.770331
1.58398
-3.45775
-1.03215
0.356777
-2.3398
-0.998307
0.226314
-2.60752
-0.68862
-0.259656
-1.97801
-1.17108
-0.0163728
-2.04285
-1.20388
-0.153923
-1.59803
-0.734306
1.50472
-3.42547
-0.856398
-0.00711497
-4.35148
-0.211451
-0.143352
-3.104
-0.81554
0.466123
-3.6493
-0.891145
0.169133
-4.09566
-0.445105
0.847804
-3.33605
-2.30873
0.863343
-1.60547
-2.54536
0.720668
-1.85917
-1.05022
0.479154
-3.71816
-1.10442
0.346551
-1.64167
-1.07133
0.444881
-3.71718
-1.09763
0.320179
-1.66433
-1.02574
0.284147
-2.41415
-1.03618
0.271907
-2.25387
-1.09831
0.24913
-1.68123
-1.0197
0.196133
-2.48286
-0.952022
0.140774
-3.19785
-0.356051
0.0832722
-1.5723
-1.14947
0.0840198
-1.78705
-0.979044
0.0402539
-2.7843
-0.913465
0.031725
-3.23091
-1.07505
-0.0531925
-3.01029
-1.05025
-0.0594866
-2.34199
-1.03542
-0.131453
-2.49869
-1.03699
-0.164115
-2.12323
-0.782799
-0.212076
-1.34445
-0.604927
-0.258267
-1.44711
-5.86671
-5.22304
-7.53577
-0.909397
1.74032
-2.38145
-0.654864
0.577666
-1.83825
-1.09257
0.286369
-1.73311
-1.09717
0.252443
-1.67316
-1.09719
0.251752
-1.69021
-1.09715
0.252136
-1.69027
-1.05258
0.245518
-2.18944
-1.048
-0.166503
-2.36255
-1.02182
-0.177156
-2.38405
-1.05122
-0.179873
-2.08196
-0.596486
-0.274321
-2.05718
-0.522986
-0.253534
-1.45534
-1.6615
-1.56433
-2.60469
-1.11759
0.993688
-1.81517
-1.02391
0.355457
-2.47407
-1.09716
0.289313
-1.67452
-1.03228
0.294428
-2.35342
-0.75157
0.142761
-2.20407
-1.16266
-0.0320215
-2.04622
-1.0791
-0.0867626
-2.13392
-0.697038
-0.258673
-2.06236
-0.621184
-0.259909
-1.73266
-0.797646
0.0888664
-1.38275
-1.20197
0.077844
-1.62486
-0.787372
0.0180919
-1.35554
-1.20188
-0.0358975
-1.69034
-1.17285
-0.217806
-1.73078
-0.706791
-0.268696
-1.94962
-1.18654
0.111356
-1.78306
-0.676193
0.0480806
-2.36371
-1.04557
-0.0503824
-2.32818
-1.18559
-0.135154
-1.74751
-1.05919
-0.16902
-2.25693
-1.19759
-0.216949
-1.68435
-1.19866
-0.216989
-1.68439
-0.585061
-0.254057
-2.48479
-0.69032
-0.248101
-1.44185
-1.09862
0.136488
-2.10096
-1.20303
0.0913258
-1.60469
-1.18499
0.0787356
-1.78172
-0.753505
-0.257654
-1.82157
-1.1886
0.044428
-1.64727
-1.21143
0.0390551
-1.74043
-1.21143
0.0390551
-1.74043
-1.20324
-0.038458
-1.64719
-1.19579
-0.157032
-1.72834
-0.676424
-0.279732
-2.10207
-0.812445
-0.151649
-2.17625
-1.39341
0.4104
-0.794665
-1.19363
0.368786
-0.772881
-1.39546
0.414857
-0.772348
-1.10922
0.975342
-1.81426
-1.20251
0.429942
-1.34713
-0.891567
0.43715
-3.7174
-1.08592
0.346021
-1.79215
-1.10075
0.309102
-1.65589
-1.03965
0.314345
-2.26663
-1.02489
0.303698
-2.43302
-1.0307
0.293786
-2.44024
-1.03703
0.214692
-2.29973
-0.744307
0.0604735
-2.91264
-1.18514
0.0903235
-1.62536
-1.20492
0.0774718
-1.59551
-0.92584
0.0221697
-3.2425
-1.05389
0.0124237
-3.09388
-0.916933
0.00262488
-3.343
-1.0967
-0.000387968
-2.93326
-1.2008
-0.0145676
-1.67926
-1.04933
-0.0375608
-2.34746
-1.10506
-0.144227
-2.85216
-1.16857
-0.0980548
-2.03448
-1.16797
-0.0985417
-2.03433
-1.04945
-0.1042
-2.3195
-1.04965
-0.114991
-2.34751
-1.16237
-0.111264
-2.05315
-0.441422
-0.290571
-2.58423
-11.1957
-9.51446
-8.49591
-0.88354
0.453837
-3.71837
-0.946437
0.459233
-3.72658
-1.05445
0.371987
-2.15076
-1.09123
0.35143
-1.74933
-1.09794
0.382641
-3.71907
-1.03334
0.238444
-2.35478
-0.999895
0.160343
-2.42196
-1.20827
0.083285
-1.58784
-1.19402
-0.0152589
-1.70142
-1.04183
-0.139321
-2.40064
-0.976148
0.490148
-3.7227
-1.09407
0.294516
-1.75859
-1.09071
0.249985
-1.73185
-1.19256
-0.215612
-1.61835
-0.623466
-0.286355
-2.05784
-1.05339
0.426471
-2.11219
-1.04312
0.180732
-2.1277
-1.04504
0.181171
-2.12833
-0.817773
0.06051
-2.01901
-1.16805
0.00338442
-1.94612
-1.04923
-0.0411547
-2.37248
-1.19713
-0.102906
-1.68745
-1.19713
-0.102906
-1.68745
-1.16859
0.104308
-1.95393
-1.04511
-0.0723137
-2.35183
-1.05774
0.374635
-2.1607
-1.02685
0.348894
-2.40894
-1.02848
0.444834
-3.72118
-1.08548
0.400637
-3.73176
-1.07837
0.404969
-3.7252
-0.945898
0.359813
-3.75759
-1.02676
0.290306
-2.42103
-1.02465
0.279647
-2.4328
-1.02707
0.239865
-2.40669
-1.02182
0.236276
-2.4488
-1.04214
0.215033
-2.18279
-1.02171
0.22255
-2.47932
-1.04522
0.187206
-2.13539
-0.992412
0.118921
-2.59375
-0.944018
0.12155
-3.40805
-0.911455
0.111924
-3.73293
-0.924743
0.0949226
-3.60587
-0.960039
0.0928026
-3.10813
-0.963141
0.0931638
-3.09023
-0.889236
0.0530342
-3.85954
-0.974596
-0.0304798
-3.24964
-1.05079
-0.132198
-3.46443
-1.04163
-0.0883443
-2.49099
-1.02183
-0.183012
-2.61567
-1.09582
-0.277871
-2.92305
-1.07493
-0.303884
-3.10288
-0.247225
-0.229538
-3.07961
-0.174818
-0.181363
-2.80115
-0.210499
-0.218008
-2.72336
-0.149806
-0.204131
-2.76817
-0.686201
0.555109
-2.37376
-0.481095
0.210495
-2.35489
-0.975695
0.465158
-3.74261
-0.837913
0.384475
-3.7119
-0.990558
0.159541
-2.43461
-0.690312
0.113767
-2.36646
-0.690312
0.113767
-2.36646
-0.961014
0.0961638
-3.10852
-1.00397
0.0859097
-2.58245
-0.980176
-0.00473288
-3.34328
-1.17351
-0.000743046
-1.98899
-1.10416
-0.136341
-2.97373
-0.696818
-0.103437
-2.31258
-1.02952
-0.172688
-2.45854
-0.69668
-0.110264
-2.3173
-0.718608
-0.272047
-3.96379
-0.696595
-0.131854
-2.36375
-1.10399
-0.278039
-2.84607
-0.56536
-0.29719
-2.52299
-0.689807
0.115987
-2.32489
-0.941548
0.0670146
-3.36753
-0.411611
-0.181188
-2.69228
-0.14274
-0.217576
-2.77162
-0.209524
-0.278775
-2.71785
-1.27821
-1.24412
-3.45869
-0.6961
0.115397
-2.36788
-0.859975
0.013168
-4.07583
-1.17293
-0.0718795
-2.02934
-0.6968
-0.123511
-2.35731
-0.569793
-0.30141
-2.48401
-0.579083
1.16422
-3.54018
-0.609999
1.17067
-3.52124
-1.16014
-0.0592981
-2.06148
-1.09371
-0.172064
-3.0042
-1.02661
-0.225575
-2.69182
-0.56547
-0.313544
-2.49723
-1.17996
-0.0891416
-2.03799
-1.05799
-0.216988
-3.53736
-1.04192
-0.252644
-2.71967
-1.09972
-0.283757
-2.85334
-1.0633
-0.283711
-2.65291
-0.145135
-0.206926
-2.76923
-0.628282
1.2318
-3.54022
-0.628282
1.2318
-3.54022
-0.834907
-0.287054
-4.05351
-0.694629
-0.124199
-2.32258
-1.17937
-0.0502482
-2.01373
-0.70455
1.33804
-3.5912
-1.02742
0.336675
-2.53145
-1.03996
0.340224
-2.53271
-1.01835
0.17732
-2.51313
-1.10992
-0.0512383
-3.7476
-1.18948
-0.0508952
-2.01018
-1.01549
-0.113125
-2.48291
-0.977747
-0.155678
-2.51181
-0.718538
0.137285
-2.38627
-1.07475
0.289381
-2.60723
-0.913863
0.0304063
-3.57881
-1.04237
-0.209092
-2.66668
-0.196728
-0.213509
-2.79856
-0.931319
0.400329
-3.68707
-0.659124
1.14025
-3.41394
-0.89875
-0.0600208
-3.72971
-0.777308
1.49095
-3.42046
-1.02861
0.427125
-3.71992
-1.03132
0.267468
-2.43652
-1.0269
0.259869
-2.41454
-1.04841
0.249052
-2.17625
-1.04086
0.255316
-2.33322
-1.03216
0.249554
-2.34328
-1.03256
0.249902
-2.3651
-1.03823
0.19201
-2.13264
-1.04775
0.187691
-2.13445
-0.956761
0.179884
-3.17921
-0.962157
0.141504
-3.12182
-1.04485
-0.0470814
-2.38345
-1.04515
-0.181229
-3.57388
-1.08936
-0.144478
-2.94315
-1.04099
-0.141485
-2.40947
-1.05104
-0.140801
-2.36022
-0.934458
-0.373734
-4.4385
-1.08615
-0.272795
-3.0164
-0.670558
1.18456
-3.45263
-1.03907
0.365594
-2.34326
-1.03421
0.289234
-2.35371
-1.05149
0.200553
-2.10036
-0.901042
0.158481
-4.15842
-0.931158
0.112463
-3.59794
-1.01145
0.085482
-2.52144
-1.08493
0.0623587
-2.10087
-1.02349
0.0201927
-2.47106
-1.05474
-0.0993184
-3.49923
-0.942519
-0.216316
-3.32435
-0.700789
-0.119267
-2.36392
-1.00881
-0.289177
-2.53096
-0.563729
-0.307164
-2.51468
-0.427185
-0.296952
-2.60102
-1.02283
0.203964
-2.36798
-1.01711
0.204901
-2.50589
-1.04331
-0.0789101
-2.38359
-0.702254
-0.114497
-2.35844
-1.06024
0.25603
-2.14807
-0.683491
0.147018
-2.32849
-1.0196
0.065846
-2.47531
-0.866233
-0.0941313
-4.1148
-1.06498
-0.210021
-3.12016
-1.04415
-0.151112
-2.41231
-0.569595
-0.303377
-2.51089
-0.573835
-0.302094
-2.45905
-0.573835
-0.302094
-2.45905
-0.15375
-0.181111
-2.7809
-0.58196
0.948948
-3.53154
-0.924286
0.126483
-3.70555
-0.985741
-0.133243
-4.64477
-1.03077
-0.143876
-3.45938
-1.03077
-0.143876
-3.45938
-1.0619
-0.160305
-3.51883
-1.06956
-0.201361
-3.147
-0.973229
-0.19053
-2.52011
-1.01378
-0.28775
-2.5776
-0.569606
-0.301193
-2.48403
-0.487114
-0.31171
-2.51496
-0.651879
1.22357
-3.52567
-0.322689
-0.308336
-2.64463
-0.760408
1.39133
-3.45501
-0.760408
1.39133
-3.45501
-1.03564
-0.171851
-2.4328
-1.08448
-0.22767
-2.72858
-1.02616
-0.304883
-2.61729
-0.636055
1.20777
-3.53562
-0.798107
0.287749
-2.36786
-1.02217
-0.24055
-2.62435
-0.733235
1.47844
-3.40344
-0.731397
1.35687
-3.48059
-0.953997
0.299581
-3.72661
-0.991023
0.041362
-2.69352
-0.695441
-0.127143
-2.33894
-0.411245
-0.306419
-2.60919
-1.05422
-0.0576681
-2.66732
-1.04305
-0.106121
-2.42502
-0.888044
-0.193966
-4.10425
-0.655763
0.570409
-1.84578
-1.0278
0.348423
-2.38084
-1.0182
0.222327
-2.52727
-1.00918
-0.00803016
-3.10203
-1.04163
-0.0488874
-2.31724
-1.1588
-0.0774661
-2.06495
-1.00293
-0.13298
-2.54128
-1.0465
-0.141719
-2.37064
-1.06105
-0.178163
-2.2884
-1.17621
-0.17638
-1.78852
-0.707293
-0.20235
-1.95061
-0.710452
-0.235575
-1.95028
-0.710452
-0.235575
-1.95028
-0.723446
-0.263581
-1.94855
-1.17764
0.278661
-0.928886
-1.17845
0.278736
-0.928604
-1.10081
0.29303
-1.61702
-1.02217
0.204018
-2.36054
-1.02846
0.145779
-2.49265
-1.15317
0.0979561
-1.24777
-1.02621
-0.243523
-2.45095
-0.78734
-0.174026
-1.23324
-0.592879
-0.273598
-2.0666
-0.709792
-0.237333
-1.28733
-1.15007
0.408547
-1.24455
-1.04167
0.260597
-2.17841
-0.626402
-0.270658
-1.87175
-0.793829
0.180085
-1.38265
-1.15177
-0.152443
-1.23575
-0.386099
-0.244127
-1.48127
-1.17054
0.416775
-0.970101
-1.17097
0.415383
-1.00291
-1.14981
-0.165051
-1.2458
-1.14507
-0.164514
-1.24625
-0.687899
-0.216738
-2.01484
-0.790161
-0.152619
-1.22835
-0.78907
-0.229061
-1.23646
-0.66357
0.46215
-1.83655
-0.66357
0.46215
-1.83655
-1.14696
0.202518
-0.973157
-1.02168
0.159576
-2.12712
-1.20361
-0.131736
-1.62326
-0.785438
-0.164259
-1.23608
-0.785993
-0.158231
-1.12037
-1.16502
0.181097
-0.985281
-0.447793
-0.246697
-1.4286
-1.17796
0.120127
-0.949186
-1.19019
-0.0469051
-1.7313
-0.702379
-0.261986
-2.04571
-1.17133
0.174996
-0.992669
-1.16104
0.231464
-1.00567
-0.954579
-0.175699
-2.06832
-0.966737
0.217119
-1.83037
-0.700958
0.383375
-2.08417
-0.960438
0.1156
-3.09313
-1.07278
-0.128384
-2.08512
-0.684893
-0.24744
-1.48403
-1.16975
0.130853
-1.9793
-0.722041
0.0372023
-2.33067
-1.04576
-0.204038
-3.1298
-1.04439
0.18749
-2.29688
-0.985989
0.0524416
-2.54006
-0.464695
-0.279498
-1.88723
-0.27643
-0.24378
-1.42587
-0.721509
-0.173892
-1.95695
-1.02071
0.191983
-1.96747
-0.714273
-0.246898
-1.93852
-0.23208
-0.249965
-1.45541
-0.996249
0.138727
-2.59479
1.11622
-0.53455
-6.72536
1.11491
-0.533618
-6.71886
-2.12079
0.229201
-2.66727
-0.784446
0.142673
-1.3885
-1.15973
0.0640489
-1.94549
-1.10048
-0.12102
-2.87818
1.03609
-0.419004
-6.41598
-1.06958
0.258014
-1.96649
1.76375
0.245361
-5.48039
1.22272
0.262941
-3.00831
-1.09698
0.259945
-1.68357
-0.248435
-0.210914
-3.09007
-0.934704
0.125316
-3.42905
-1.20742
0.0916413
-1.44845
-1.18906
-0.198989
-1.68032
-7.31177
-7.26813
-7.88568
1.11999
-0.325194
-2.5058
-0.603955
1.34489
-6.73336
-0.921487
0.0880778
-3.60272
-0.921581
0.0879509
-3.60268
-0.408623
0.0580758
-3.68617
-1.19824
0.334972
-0.744053
-1.18906
0.309706
-0.836434
1.30226
0.218928
-1.38838
0.288875
-0.251395
-1.39452
-1.18335
0.360867
-0.890711
1.66369
0.241735
-3.53811
1.65696
0.213532
-3.59432
-0.363011
-0.251521
-2.59222
0.963611
1.52971
-2.94489
0.963393
1.52976
-2.9448
-1.19182
0.380633
-0.828063
-0.877981
0.0999521
-3.86939
-3.21175
0.323445
-9.58874
-0.993323
-0.153749
-3.94368
-0.935795
0.142205
-3.43335
1.37751
2.02413
-0.985906
0.966312
1.91245
-1.1246
1.14538
1.465
-0.953409
1.5017
0.279715
-1.02622
-1.21685
0.138953
-0.997355
-1.18694
-0.0490523
-2.13478
-0.639714
-0.0596463
-0.0152261
1.0092
-0.234122
-0.436884
-0.426883
-0.149561
0.279106
-1.10993
1.88976
-0.737011
-1.12436
1.88079
-0.749815
1.14664
1.9855
-0.949011
0.893748
1.88593
-1.09458
0.941108
1.82896
-1.05659
1.19184
1.64371
-0.980634
1.25092
1.65492
-1.03252
-0.744356
1.5371
-2.33282
-0.790019
1.65242
-3.59428
-1.22303
0.393847
-0.442433
-1.80924
0.567873
-1.48368
-1.20454
0.394852
-0.593886
-1.22332
0.371761
-0.495299
-1.22284
0.368731
-0.548646
-1.16887
0.430724
-0.982385
-1.19661
0.362127
-0.759122
1.14089
0.365148
-1.79274
1.53342
0.260833
-0.845316
-1.16697
0.227909
-0.984796
1.11947
0.103051
-0.703012
1.19256
0.0372251
-1.34293
0.954663
-0.218619
-0.652183
-1.13081
1.89371
-0.744277
-1.14426
1.85071
-0.755142
-1.13808
1.84136
-0.746091
-1.13959
1.82697
-0.749446
0.966271
2.01529
-0.996996
1.13501
1.95575
-0.95117
-1.09763
1.7433
-0.83462
-1.09763
1.7433
-0.83462
-0.832227
1.5277
-0.770948
-0.800698
1.54541
-3.42058
-1.23125
0.445882
-0.448029
1.50418
0.521083
-0.821863
-1.24971
0.398333
-0.373046
-1.23917
0.398653
-0.400504
-1.22098
0.388794
-0.550877
-1.23453
0.36203
-0.414368
-1.23453
0.36203
-0.414368
-1.19053
0.37356
-0.856163
-0.822925
0.355067
-0.820113
1.19989
-0.269971
-1.76483
-0.610718
-0.00938931
-0.0792699
-1.1942
-0.094558
-0.386561
-0.505782
-0.059604
-0.0892185
-0.576459
-0.0629743
-0.0316923
1.38318
1.92939
-0.963108
1.38318
1.92939
-0.963108
0.919714
1.75425
-1.06473
-1.24475
0.453914
-0.382707
-1.23893
0.408955
-0.375283
-1.23929
0.380242
-0.366502
-1.23929
0.380242
-0.366502
-1.19271
0.341439
-0.766167
-1.18981
0.304473
-0.58381
1.03527
0.102363
-0.65805
1.08669
0.0194761
-0.706539
-1.19729
-0.169876
-0.752575
-1.1799
-0.0988529
-0.406735
-0.409243
-0.0736946
-0.161049
-0.344933
-0.105769
-0.206267
-0.625979
-0.0606719
-0.00546984
0.94202
-0.221701
-0.3826
1.27009
2.00013
-0.94149
-1.02752
1.71421
-0.688927
0.894528
1.88659
-0.99834
-1.21364
0.32781
-0.5957
-1.24326
0.274828
-0.369681
1.50832
0.262266
-1.05432
-1.18455
0.0292937
-2.06034
1.14872
0.0449127
-0.713893
1.17848
-0.111196
-1.33386
-0.590007
-0.0660308
-0.0258262
0.96238
-0.212113
-0.42068
-0.443801
-0.0562998
0.128507
-1.14985
1.87813
-0.754933
-0.715931
1.74591
-0.84401
-0.715931
1.74591
-0.84401
1.03994
1.83914
-1.01422
1.26183
1.67366
-1.02544
1.50057
0.363215
-1.08509
-1.24593
0.228694
-0.451593
-1.16894
0.17283
-1.09201
-0.3404
-0.0793688
-0.202177
-0.519292
-0.0608536
-0.0830783
-0.519292
-0.0608536
-0.0830783
-0.433218
-0.0873701
-0.17688
-0.650611
-0.054267
-0.0375371
-0.929707
1.95559
-0.689667
-0.790059
1.97266
-0.746639
1.18507
1.95776
-0.882019
1.32868
1.81324
-0.996467
1.06763
1.65741
-1.06489
-1.22867
0.380224
-0.534964
-1.22113
0.34578
-0.561643
1.49973
0.417069
-1.02458
1.50438
0.417761
-1.03011
-0.588885
-0.0104818
-0.0746395
1.16711
-0.202669
-0.747045
-0.77337
1.91351
-0.740077
-0.72304
2.12442
-2.29926
-0.582659
-0.0492407
-0.0392933
-1.1017
1.86259
-0.753917
-1.10829
1.86934
-0.761469
-0.979309
1.82685
-0.768777
1.27111
1.81007
-0.920283
1.43012
0.277588
-1.01967
-0.866226
1.92827
-0.694234
1.11118
0.0701567
-0.707248
-1.19756
0.299628
-0.375619
-1.02069
0.0697822
-1.78402
1.11206
-0.204161
-1.10048
1.45806
0.436905
-0.99177
-1.03545
0.342199
-2.31934
-1.01969
0.255231
-2.48605
-1.01766
0.225859
-2.51071
-0.93162
0.127703
-3.45956
-1.09193
-0.269308
-2.93871
-1.10624
0.00779544
-2.71623
-1.03452
0.311406
-2.31327
-1.03794
0.2477
-2.31306
-0.958203
0.0293013
-2.82876
-0.958203
0.0293013
-2.82876
-1.0422
0.2401
-2.26159
-0.855033
-0.0680333
-3.89001
-1.23264
-0.202491
-2.22637
-1.09782
0.300394
-1.67179
-0.856025
0.032467
-3.91047
-0.852203
-0.296278
-4.82499
-0.840097
-0.011209
-4.57048
-0.826726
-0.0645719
-3.81302
-0.826726
-0.0645719
-3.81302
-0.183943
-0.159183
-3.18961
-0.87575
0.0365294
-3.96258
-0.881295
0.135552
-4.0199
-0.730588
0.557394
-1.83912
-1.01742
0.303816
-2.55119
-1.41459
0.322003
-2.33898
-1.15117
0.111435
-1.32054
-13.431
0.095539
-2.59622
-1.05147
-0.158122
-2.26953
-2.93452
-2.54056
-4.28382
-1.08876
0.356047
-1.79209
-0.145791
-0.249561
-1.83753
-0.94286
0.0715498
-3.06896
-1.03712
0.359415
-2.3417
-1.12849
0.219348
-1.39008
1.49541
0.457041
-1.02407
-1.07091
1.68698
-0.832739
-1.21472
0.375869
-0.607951
1.18408
0.127145
-1.77577
1.11622
0.0731933
-0.712278
1.11612
0.0733289
-0.712174
-1.31463
-0.0368493
-0.698672
-1.19967
-0.126915
-0.746807
1.18194
-0.163793
-1.41827
-1.30701
-0.0677341
-0.687044
1.32318
0.347967
-1.79363
-0.925768
0.149128
-3.57667
-0.982287
-0.0956484
-2.85286
-1.04699
0.24071
-2.22637
-0.96024
0.093132
-3.10818
-1.01104
0.0850257
-2.53899
-1.10801
0.0137713
-3.07832
-1.09976
-0.117427
-2.85038
-1.08391
-0.272003
-3.03142
-1.01691
0.208977
-2.50548
-1.01764
0.0655771
-2.47599
-0.528983
1.42812
-3.5248
-0.516593
1.38475
-3.50831
-0.976823
0.497293
-3.72482
-1.03827
0.366051
-2.2944
-1.03127
0.351274
-2.29033
-1.02886
0.343112
-2.40365
-1.04766
0.26561
-2.31003
-0.859683
0.229221
-2.68145
-0.879476
0.228164
-2.66444
-0.981662
0.259708
-3.71565
-1.01997
0.189706
-2.48786
-0.953548
0.175033
-3.21277
-0.945659
0.136325
-3.33664
-0.948656
0.0826926
-3.22658
-0.845676
0.0709797
-4.46229
-0.872288
0.03803
-3.9348
-0.842458
0.0268363
-4.47595
-0.834555
-0.043076
-4.57915
-1.04941
-0.0620647
-2.35705
-1.03059
-0.0659538
-2.34167
-0.875573
-0.195415
-4.57978
-1.10099
-0.129493
-2.87977
-1.04162
-0.166079
-3.54637
-0.872198
-0.227285
-4.57453
-0.868869
-0.245504
-4.56797
-0.88978
-0.254146
-4.58633
-1.09098
-0.196188
-2.93921
-1.01833
-0.200752
-2.61764
-1.01939
-0.245997
-2.53021
-0.265685
-0.17167
-2.79053
-0.347625
-0.245074
-2.97636
-0.221532
-0.262653
-3.09834
-0.180621
-0.18315
-2.79464
-0.315007
-0.306367
-3.00727
-0.753694
1.51918
-3.37126
-1.03395
0.277155
-2.32344
-1.02109
0.307392
-3.76407
-0.941222
0.104574
-3.36987
-0.958861
0.0972493
-3.10811
-0.971267
0.0204285
-2.67548
-1.05218
-0.09858
-3.47959
-1.0515
-0.0985345
-3.46541
-1.04657
-0.0852783
-2.34757
-1.04657
-0.0852783
-2.34757
-0.878656
-0.265017
-4.58063
-0.96726
-0.249204
-3.24309
-0.596246
-0.212673
-3.21091
-1.07727
-0.299451
-3.02567
-1.01662
-0.307073
-3.18655
-1.00366
-0.311402
-3.00593
-0.179678
-0.180994
-2.7966
-0.56195
-0.305746
-2.50769
-1.05263
-0.0357223
-2.34547
-1.10018
-0.174815
-2.6674
-1.01161
-0.176715
-2.45289
-0.985449
-0.220441
-2.48723
-1.04524
-0.278668
-2.70576
-0.271981
-0.164987
-2.7876
-0.271981
-0.164987
-2.7876
-0.271981
-0.164987
-2.7876
-0.269937
-0.17325
-2.78511
-0.319807
-0.268513
-3.00692
-0.679685
1.20939
-3.46194
-1.60765
0.51801
-2.50749
-1.03556
0.239509
-2.31234
-1.01253
0.21636
-2.5245
-1.00817
0.17124
-2.53877
-1.0075
0.16364
-2.47346
-1.05145
-0.117637
-3.4542
-1.01631
-0.24719
-2.67198
-0.351464
-0.248088
-2.9828
-1.1189
-1.26514
-3.71099
-1.08177
-0.0964973
-3.72137
-0.965372
-0.185723
-2.49757
-0.881407
-0.118674
-4.06011
-0.99893
-0.141035
-2.47605
-1.00338
-0.274526
-2.52806
-1.00562
-0.300644
-2.59022
-0.869821
0.0953082
-4.21669
-0.212067
-0.173565
-2.76408
-1.01799
0.223829
-2.47897
-1.05645
0.339554
-2.52529
-0.198519
-0.186558
-3.13797
-1.03503
-0.0801125
-2.54566
-1.1006
0.459302
-1.79951
-1.10069
0.247774
-1.66624
-1.02312
0.232621
-2.45941
-1.01055
0.204716
-2.49914
-1.20413
-0.10426
-1.6195
-1.016
0.172103
-2.48584
-0.785694
-0.146024
-1.23284
-0.788928
-0.713641
-1.97375
-1.03298
0.372092
-2.41501
-1.03623
0.207336
-2.33236
-0.894978
1.69729
-2.3699
-1.17294
0.429505
-0.965278
-1.15041
0.106413
-1.25601
-0.680875
-0.178943
-1.99898
-1.19667
-0.217683
-1.68396
-0.713478
1.2308
-2.34078
-0.950525
0.0978973
-3.22847
-0.958629
0.0909541
-3.126
-0.958629
0.0909541
-3.126
-0.947847
0.0622038
-3.27394
-0.864509
0.0081413
-4.40807
-1.04969
-0.062546
-2.37111
-1.04881
-0.0622587
-2.37127
-1.6795
-0.233027
-3.0991
-1.04679
-0.194247
-3.52703
-0.983749
-0.208476
-2.51538
-0.983749
-0.208476
-2.51538
-1.00544
-0.298316
-2.56328
-0.790105
1.49799
-3.41428
-0.859121
-0.00224813
-4.05263
-1.04454
-0.0280305
-2.36314
-1.05335
-0.1101
-3.46765
-1.10191
-0.275671
-2.84504
-0.21436
-0.171504
-2.75766
-0.568346
-0.308545
-2.48501
-0.44885
-0.289999
-2.58164
-1.02046
-0.00450233
-2.47365
-0.876017
-0.0657124
-3.97877
-1.01823
0.0622234
-2.56367
-1.10405
0.315232
-2.6227
-0.664117
0.576244
-1.8441
-0.664117
0.576244
-1.8441
-1.1051
0.460657
-1.56737
-1.18782
0.371844
-0.805369
-1.09166
0.2844
-1.78398
-1.03325
0.237414
-2.33065
-1.03325
0.237414
-2.33065
-1.21923
0.108672
-1.45277
-0.724234
-0.160794
-1.96667
-0.695204
-0.238014
-0.961468
-0.761256
0.474152
-1.83859
-1.17201
0.378709
-0.897313
-1.18232
0.373029
-0.889055
-1.18445
0.360079
-0.83354
-1.17768
0.361478
-0.911973
-1.19238
0.333788
-0.72962
-1.17656
0.321806
-0.807175
-0.998949
0.133033
-2.46642
-1.0354
-0.21931
-3.11544
-0.75768
-0.239365
-1.33519
-0.562902
-0.25673
-1.42376
-14.3108
-13.651
-12.1279
-1.18552
0.38216
-0.751723
-1.18022
0.360668
-0.869523
-1.19267
0.356118
-0.812771
-1.19442
0.321104
-0.745194
-1.16327
-0.138964
-2.02678
-0.684753
-0.215963
-1.98387
-0.521884
-0.252778
-1.42437
-0.885184
1.73287
-2.3585
-1.14637
0.417578
-1.44842
-1.19363
0.314175
-0.736491
-1.19255
-0.122087
-0.742846
-1.63155
-0.420299
-1.08359
-0.750484
-0.229978
-1.18645
-0.774111
-0.228228
-1.0404
-0.420834
-0.242324
-1.42292
-0.156207
-0.227492
-1.40994
-0.898814
1.73854
-2.3262
-0.908203
1.72428
-2.34869
-1.17998
0.369806
-0.881393
-1.19435
0.330395
-0.736578
-1.06851
0.168578
-1.94999
-1.17603
0.0231271
-1.80006
-1.18347
-0.0250207
-1.74826
-0.783546
-0.15758
-1.12055
-0.759573
-0.224095
-1.08105
-0.152323
-0.227928
-1.40955
-0.686783
0.436445
-1.83493
-1.18776
0.336764
-0.798314
-1.18633
0.316325
-0.785595
-1.18633
0.316325
-0.785595
-1.1791
0.314644
-0.853447
-0.745015
-0.160342
-1.19172
-0.766702
0.483131
-1.83329
-0.800478
0.450106
-1.83688
-0.629106
-0.273876
-1.78037
-1.17477
0.136731
-0.944591
-1.17259
0.165405
-1.07735
-1.15607
0.157656
-1.21648
-0.801313
-0.22366
-1.35637
-0.813645
-0.255664
-1.29886
-0.99977
0.0976895
-1.91716
-1.22727
-0.212365
-2.05008
-1.12914
0.535757
-1.68178
-0.735489
-0.217829
-2.20558
-0.794989
0.029555
-1.67149
-1.42254
3.31237
-6.87444
-0.737978
-0.272077
-1.97757
-0.67775
0.305681
-1.82941
-1.00108
0.360314
-2.48972
-0.74207
-0.0920481
-1.85966
-1.09292
-0.218506
-2.82097
-0.78584
0.25568
-1.84474
-0.78584
0.25568
-1.84474
-0.669467
-0.245504
-1.47008
-0.611769
-0.258505
-1.45339
-0.442792
-0.253
-1.45312
-0.606593
-0.253934
-1.43712
-0.577658
-0.255404
-1.43093
-0.482976
-0.249917
-1.42761
-0.483291
-0.249152
-1.42792
-1.09803
0.308086
-1.76584
-1.05235
0.197454
-2.14257
-0.538116
-0.254697
-1.44864
-0.566804
-0.254106
-1.41826
-0.876368
0.407236
-1.89507
-1.0196
0.194914
-2.00055
-0.557697
-0.253529
-1.40705
-0.601599
-0.255789
-1.43722
-1.07413
0.0490321
-2.43067
-18.0801
-17.2755
-27.6274
1.51904
0.96102
-9.1791
-0.25504
0.952487
-8.90974
1.10407
-0.549079
-7.04305
-1.05498
0.192379
-1.98787
-0.745778
-0.0974646
-1.8125
-1.14304
-0.161178
-2.02241
-1.10259
0.332223
-1.76349
-1.08607
0.227843
-1.87031
-0.208603
1.04435
-8.77079
1.96193
-0.585234
-8.75744
-1.08829
0.312837
-1.78765
-1.10343
0.301901
-1.64497
0.441519
-0.780541
-1.88096
1.13665
0.479871
-1.7637
2.02786
0.254761
-6.90007
1.9406
-0.0405291
-7.05778
-0.944763
0.00763098
-3.01376
1.13521
-0.40608
-6.77904
1.1539
-0.396762
-6.53825
1.42414
1.01456
-5.03159
1.8627
-0.274452
-8.06354
-0.953655
0.0960645
-3.21179
-0.951441
0.082833
-3.22789
-0.860976
-0.362057
-4.76307
-0.959092
0.115785
-3.1551
-0.937326
0.112205
-3.41387
1.92061
-0.201168
-7.19426
-0.532659
0.321803
-3.73562
1.26991
0.24429
-1.75279
-2.51659
-2.32633
-2.80693
-0.346508
1.57773
-4.80289
1.70453
1.0634
-6.82068
1.87925
1.06145
-8.20981
1.70902
0.264545
-4.62524
-0.933361
0.108152
-3.43937
-0.934707
0.108548
-3.44003
1.48711
-0.165
-5.61536
-0.882203
-0.114425
-4.03429
0.912464
-0.366971
-5.15781
0.821514
-0.277496
-3.92083
-0.529829
1.24257
-6.74706
1.68353
0.939343
-8.1313
1.88631
-0.130375
-7.06431
1.54202
-0.239603
-6.6726
1.69725
-0.244255
-6.68076
1.70547
0.00524981
-4.60147
1.59299
1.20476
-8.54289
0.934209
-0.432117
-5.04613
-1.17493
0.358368
-0.938368
-0.486164
1.59717
-3.50615
-0.565917
-0.257841
-3.05901
0.891941
-2.07856
-4.04928
17.0086
-23.811
-36.3462
1.65761
0.178425
-3.6607
-0.8932
0.171928
-0.817319
-1.19041
0.293963
-0.862977
-0.665453
0.0127933
-6.40394
-0.764726
0.00297235
-5.28814
1.73033
-0.0288804
-4.60233
-0.0132095
-0.00383833
-3.15294
-0.924476
-0.125334
-4.698
-0.863067
-0.42605
-4.54676
1.35721
1.05819
-5.07448
1.78072
0.789875
-7.80125
1.93779
-0.093791
-4.64111
1.34863
1.18442
-5.13077
-0.426975
1.22905
-6.76752
1.35474
1.19352
-6.85684
-0.9092
0.108692
-3.72158
-0.91678
0.0916909
-3.65969
-0.690738
-0.0709639
-6.01496
-0.852679
-0.305817
-5.17385
-0.847973
-0.282244
-4.8333
0.921757
-0.400712
-5.46242
0.151389
-0.372686
-5.13584
0.991769
-0.486047
-5.63921
0.885623
-0.424719
-5.00898
-0.204739
1.23729
-6.85783
-3.47164
0.308434
-10.1895
1.42846
0.674823
-5.064
-0.649895
1.09797
-3.58651
-0.191198
1.22705
-6.78938
-0.246269
1.11589
-6.71668
-0.237582
1.20976
-7.55558
-0.634288
1.99841
-2.29648
1.24947
1.57606
-2.84063
1.24947
1.57606
-2.84063
-1.03007
0.298495
-2.25189
-1.21294
0.396047
-0.636113
-1.07422
0.323461
-2.33657
-1.06833
0.252232
-1.97724
1.65282
0.119162
-3.25349
-0.80693
1.54783
-3.43481
-1.06931
0.282153
-2.28821
-0.966723
-0.228934
-2.60705
1.12658
-0.00393837
-0.708267
0.992376
-0.236296
-0.729638
0.174551
-0.159266
0.183638
0.174551
-0.159266
0.183638
1.16868
1.65855
-3.0051
-0.705717
1.64268
-3.34087
-1.29247
0.365603
-0.608195
-0.697621
0.421098
-2.1488
-1.1846
0.298487
-0.745812
-1.01899
0.339814
-2.27384
1.07916
-0.240868
-1.15671
-0.875746
1.8669
-2.34219
1.49049
-0.203787
-0.797641
-0.917913
1.77426
-2.36834
1.46343
0.457609
-0.819966
1.21001
1.62071
-0.999856
1.50403
0.314849
-1.02747
1.07705
0.164679
-1.27131
1.3651
0.314867
-2.83692
-1.14549
0.166599
-1.00456
1.14302
-0.239928
-1.40168
1.15465
0.377029
-1.77033
-0.717629
0.374966
-1.954
-0.691903
1.54734
-4.76087
-0.366331
1.48227
-4.8893
-0.701005
1.3541
-4.8262
1.51789
1.42881
-4.87246
1.26174
1.46992
-5.10704
1.25763
1.46603
-5.10115
-0.368491
1.19978
-4.77591
1.26923
1.24326
-5.12046
1.45025
1.08239
-5.00875
1.40802
1.08011
-5.08208
1.71592
0.228023
-4.4424
1.71316
0.230029
-4.48455
1.70389
0.235067
-4.52586
1.70959
0.229756
-4.54843
1.71067
0.229979
-4.54926
1.72364
0.221841
-4.48285
1.72063
0.239128
-4.70877
1.72063
0.239128
-4.70877
1.72548
0.2275
-4.66483
1.72809
0.228809
-4.66751
1.71869
0.228375
-4.69044
1.73977
0.123683
-4.74487
1.71111
0.0746237
-4.54929
1.70284
0.0740325
-4.5201
1.72236
0.0574395
-4.64355
-0.752934
-0.0434884
-6.09396
1.74613
-0.0303737
-4.87574
-0.846296
-0.0300109
-4.49154
-0.725199
-0.0612719
-4.89622
-0.732954
-0.0638473
-4.9122
-0.81758
-0.0609041
-4.66955
-0.802217
-0.0795678
-4.89314
1.71834
-0.0768885
-4.60821
-0.928929
-0.257437
-4.43727
-0.858907
-0.363824
-5.09652
-0.887965
-0.311373
-4.69198
0.887857
-0.195483
-3.85156
-0.921231
-0.322157
-4.43637
0.068201
-0.243802
-3.86387
0.440065
-0.444085
-4.49039
0.764659
-0.232257
-3.52982
0.77891
-0.239923
-3.52326
-0.129446
-0.302148
-3.6643
0.802143
-0.292779
-3.54373
-0.0174565
-0.269407
-3.31284
-0.0254766
-0.273055
-3.31383
-0.0815337
-0.299649
-3.31365
-0.104136
-0.271077
-3.25271
-0.561879
1.60319
-4.73184
-0.681919
1.52247
-4.80876
-0.320247
1.47354
-4.93934
1.37228
1.51257
-4.94189
1.48313
1.42387
-5.05312
1.26503
1.38457
-5.20036
-0.540007
1.1124
-4.87195
1.7027
0.233623
-4.56126
1.70175
0.233893
-4.5604
-0.881335
0.0945954
-3.91303
-0.905172
0.0886593
-4.42104
-0.793591
0.0686921
-5.12127
1.73285
0.00930325
-4.81766
-0.815381
-0.0861289
-4.95986
-0.820275
-0.0954577
-4.89112
-0.929055
-0.113619
-4.45608
-0.871185
-0.340457
-5.26288
-0.0595402
-0.306729
-4.74307
0.854735
-0.268923
-4.34566
-0.874366
-0.304458
-4.1781
-0.863662
-0.319551
-4.16391
-0.895974
-0.341614
-4.21812
0.850388
-0.277998
-3.88235
-0.201457
-0.219627
-3.58201
-0.542771
1.45104
-4.87755
1.40522
1.49063
-4.8969
1.34263
1.39344
-5.07181
-0.850198
0.0372492
-4.64937
-0.880984
-0.00738314
-4.48189
-0.52094
-0.119992
-5.71558
1.38781
-0.131976
-5.55755
-0.863573
-0.380071
-5.18861
-0.0223262
-0.242022
-4.09079
-0.909639
-0.338172
-4.27999
0.891993
-0.244257
-3.64156
-0.0287488
-0.29324
-3.30845
-0.562823
1.30977
-4.77669
-0.859128
-0.237339
-4.56492
-0.805296
-0.370736
-5.44022
0.0154911
-0.361139
-4.81559
0.847941
-0.320349
-4.26473
-0.0783461
-0.294211
-3.31931
-0.0353494
-0.292966
-3.29952
-0.700354
1.41533
-4.72369
1.44019
1.51299
-4.97315
1.41738
1.48963
-4.93971
-0.389332
1.4001
-4.90417
-0.389332
1.4001
-4.90417
1.51272
1.42083
-4.89014
1.29731
1.45513
-5.19893
1.36262
1.35308
-5.09057
-0.881853
-0.292099
-4.56228
-0.192883
-0.223639
-3.60414
1.5989
-0.0517543
-5.2477
-0.868998
-0.0861505
-4.06077
-0.864425
-0.113478
-4.04046
-0.830415
-0.215697
-4.99022
-0.613933
1.27992
-4.90167
-0.374212
1.19709
-4.80129
1.58441
1.25732
-4.96188
-0.864533
0.0944342
-4.20743
-0.575752
-0.0957121
-4.96622
-0.0284345
-0.327424
-4.79055
-0.681617
1.45466
-4.78782
-0.653167
1.33528
-4.81495
-0.0495493
-0.212112
-4.45877
1.54506
1.2834
-5.03732
-0.945151
0.161226
-3.32878
-0.961707
0.14
-3.10339
-1.01881
0.10988
-2.47504
-1.03267
-0.306594
-3.16815
-1.02333
0.335429
-2.53063
-1.02703
0.367325
-2.40412
-1.01242
0.0849682
-2.53829
-0.863633
-0.00655855
-3.89892
-1.04729
-0.00965549
-3.18262
-1.10024
0.312063
-1.64517
-12.2801
-12.6724
-11.0754
1.80523
0.321733
-5.41481
1.72212
0.236887
-4.67931
-0.845106
0.0499693
-4.33975
1.44429
-0.124682
-5.56536
1.60379
-0.131029
-5.57198
-0.862965
-0.155491
-5.39413
-0.925427
-0.117515
-4.55695
-0.861197
-0.31589
-4.78816
0.41617
-0.38955
-4.23275
-0.163374
-0.209077
-3.178
-1.30227
-1.2996
-4.48642
-0.394882
1.43225
-4.9905
1.7041
0.273807
-4.6033
-0.876197
0.0922177
-4.20223
-0.927947
-0.114477
-4.45352
-0.867872
-0.224202
-5.26141
-0.867872
-0.224202
-5.26141
-0.869845
-0.396521
-5.30712
-0.307193
1.43717
-6.7328
-0.475687
1.36361
-6.81334
0.843874
-0.37846
-4.65997
-0.349267
1.56129
-4.86149
-0.87139
-0.281516
-4.75789
1.44772
1.39377
-5.10173
-0.901701
-0.0061465
-3.77309
-0.85613
0.0173357
-3.88662
-0.767614
1.45045
-4.89329
-1.01839
0.247945
-2.49822
-1.1967
-0.155156
-2.988
-0.793556
0.113977
-1.38114
-0.749315
0.0966774
-1.36906
-0.796948
0.114098
-1.36371
-0.796948
0.114098
-1.36371
-0.796624
0.104892
-1.36013
-4.96265
1.08198
-6.42256
-1.20846
0.373831
-0.65635
-1.20463
0.348909
-0.692176
1.18871
0.12766
-1.78395
-1.21203
0.388082
-0.647392
1.14271
0.0408035
-0.720103
-1.0555
0.165017
-0.500811
1.14117
0.042148
-0.716301
-1.21369
0.32473
-0.644476
1.13874
0.0152537
-0.713789
1.15721
-0.286054
-0.810581
-1.20481
0.300074
-0.677452
0.209954
-0.162148
0.0829403
-1.42365
-0.0119678
-3.19906
-1.04826
-0.136229
-2.37925
-0.93119
0.124336
-3.47422
-3.47941
0.337667
-9.17997
-1.28901
-0.167659
-2.96277
-1.09171
-0.290754
-2.93736
-3.57778
0.459995
-9.3362
-3.615
0.41791
-9.3826
-1.02356
0.20566
-2.41696
-1.02455
0.205043
-2.42212
-1.02146
0.203607
-2.47278
-0.88559
0.122774
-3.9101
-0.882867
0.119309
-3.95564
-0.954735
0.0968419
-3.19764
-0.963932
0.0856741
-3.08141
-0.956558
0.0832282
-3.16479
-0.956558
0.0832282
-3.16479
-0.826728
0.0246045
-4.63182
-0.857321
-0.0286718
-4.3592
-1.04946
-0.0971325
-2.36704
-1.05048
-0.140548
-2.36045
-1.05584
-0.148872
-2.36393
-0.168012
-0.254163
-3.13065
-1.01163
0.232808
-2.53586
-0.932421
0.127531
-3.51125
-0.839046
0.0143422
-4.5278
-0.838137
-0.0383077
-4.46002
-0.935502
-0.144665
-4.51869
-0.842536
0.0161083
-4.5085
-0.842927
0.016035
-4.5089
-1.10556
-0.287392
-2.83067
-0.87197
0.0456191
-3.86478
-0.176012
-0.207803
-3.15803
-1.17234
0.325412
-0.922268
-1.04539
-0.0374226
-2.35988
-5.56026
-5.75476
-9.77294
-1.18138
-0.160727
-1.77265
-1.04219
-0.0714102
-2.34848
-1.02762
0.240499
-2.40706
-0.961323
0.106918
-3.1005
-0.961193
0.106916
-3.10067
-1.01554
0.0548533
-2.5692
-0.870516
-0.124396
-2.88019
-1.01704
0.246751
-2.5127
-0.952672
0.108232
-3.22869
-3.82394
0.368503
-9.54904
-1.02569
0.0452646
-2.4565
-0.938305
1.90274
-2.34625
-0.938305
1.90274
-2.34625
-3.01627
0.763711
0.0842284
-0.98687
0.0838164
-2.58808
-0.945402
1.8814
-2.31657
-0.945402
1.8814
-2.31657
-1.18874
0.381532
-0.814304
-1.05556
-0.260129
-2.0949
-0.648441
-0.281723
-1.87733
-1.20257
-0.207259
-1.67139
-1.16053
-0.154654
-0.993931
-0.753977
1.6014
-2.37094
-0.753977
1.6014
-2.37094
-0.871073
1.72295
-2.32422
-0.74891
0.545506
-1.8396
-0.753624
0.476168
-1.84086
-0.802991
0.400955
-1.84188
-1.08875
0.33642
-1.74711
-1.05857
0.184276
-1.99728
-1.05857
0.184276
-1.99728
-1.24879
-0.00568399
-3.16706
-0.782085
0.0166444
-1.38133
-0.730862
-0.088423
-1.84575
-1.17804
0.361529
-0.911985
-1.21237
0.327313
-0.595203
-1.20683
0.322346
-0.624349
-1.00002
0.339392
-2.54336
-0.997044
0.0865346
-2.56875
-1.16415
0.105653
-1.05037
-1.17039
-0.221184
-2.04691
-0.774842
-0.23488
-1.33138
-0.689687
-0.254839
-1.47639
-0.642191
-0.273121
-1.69255
-0.664745
-0.245057
-1.39079
-2.44971
-2.14997
-4.68643
-1.04885
0.44165
-1.95025
-1.20613
0.36175
-0.633168
-1.17945
0.352088
-0.879506
-1.18296
0.33818
-0.878887
-0.721207
-0.204534
-1.96638
-0.721207
-0.204534
-1.96638
-0.637773
-0.267887
-1.73785
-1.97261
0.572923
-0.152961
-1.21017
0.385462
-0.52756
-1.08082
0.439491
-1.85088
-1.20948
0.363723
-0.61858
-1.21201
0.333154
-0.586454
-0.790478
0.179455
-1.38539
-1.00462
-0.205913
-2.65036
-1.77223
-0.153008
-0.357162
-0.722075
0.484358
-1.84055
-1.19668
0.0659097
-1.81564
-0.704373
-0.22056
-2.09385
-0.765488
-0.225606
-1.04116
-1.1852
0.0795974
-1.78332
-1.75924
-0.13286
-0.336802
-1.75924
-0.13286
-0.336802
-0.694367
-0.254507
-1.9706
-1.08903
0.265411
-1.76709
-0.70802
-0.227037
-0.8896
-1.18524
-0.163664
-1.92739
-0.983939
0.265046
-2.5511
-0.695675
-0.202791
-1.99095
-0.72934
-0.236967
-1.31603
-0.721168
-0.239535
-1.37171
-0.781281
-0.233885
-0.993083
-1.14223
0.466052
-1.38215
-1.07039
0.340447
-0.910498
-0.869218
0.190914
-0.865822
0.937516
1.80579
-1.05211
-0.894417
1.51522
-0.735636
-0.860286
1.47902
-0.768758
0.975009
1.65329
-1.06584
-1.2413
0.392321
-0.365079
1.51686
0.280556
-1.04713
1.046
1.84004
-0.901088
1.046
1.84004
-0.901088
-1.05778
1.67956
-0.891249
-0.904872
1.15234
-0.814832
1.74923
0.291782
-0.857774
-1.11793
0.187045
-0.0536053
-0.523478
-0.0505316
-0.0656731
1.53589
-0.22322
-0.783748
-0.598793
-0.0539229
-0.00926311
-1.05961
1.67204
-0.831504
0.957263
1.77312
-0.991429
1.18
1.63289
-1.00012
-1.19437
0.34543
-0.70783
-1.24566
0.309559
-0.339934
-1.24566
0.309559
-0.339934
1.61673
-0.128594
-0.80118
1.53649
-0.205471
-0.817819
1.57382
-0.19799
-0.799963
1.57351
-0.219732
-0.800824
1.58431
-0.215918
-0.779581
-1.25806
-0.152426
-0.292099
0.940471
-0.221243
-0.381217
0.948356
-0.217303
-0.0932585
-0.77342
1.82023
-0.862899
-0.743471
1.74606
-0.809355
-1.1894
0.39602
-0.58322
-1.26332
0.34492
-0.294645
-0.820928
0.396463
-0.824198
-1.2485
0.326447
-0.265597
-1.20185
0.366778
-0.958772
-1.24519
0.294789
-0.301869
-1.17154
0.280637
-0.997279
-1.20527
-0.0955201
-0.377425
-0.573687
-0.0186969
-0.0545854
-1.26019
-0.0697757
-0.20557
1.60457
-0.19361
-0.780742
1.60457
-0.19361
-0.780742
1.62379
-0.214214
-0.775675
1.62379
-0.214214
-0.775675
1.09515
-0.208036
-0.719466
1.6823
-0.256624
-0.847557
1.6823
-0.256624
-0.847557
-0.721092
1.93064
-0.839015
-0.718118
1.919
-0.826797
-0.818022
1.89163
-0.858131
-0.753323
1.86805
-0.894333
-0.901395
1.45639
-0.725392
0.996946
1.71119
-1.12033
-1.25108
0.389202
-0.24675
-1.25572
0.341762
-0.258203
-1.32948
-0.0458064
-0.712486
1.68779
-0.167532
-0.823146
-0.553888
-0.0597593
-0.0223102
-0.99194
1.74753
-0.788973
-0.845444
1.63476
-0.758209
-0.821556
1.57678
-0.743312
-1.24665
0.358628
-0.389543
1.62547
-0.162687
-0.793015
-0.32029
-0.138213
-0.196305
-0.417473
-0.0493989
0.154502
0.938081
1.86872
-1.09727
0.938081
1.86872
-1.09727
-0.858545
1.45658
-0.79303
-1.25708
0.367148
-0.270455
-1.19683
0.382024
-0.331415
-1.23791
0.305212
-0.363109
-1.25276
0.292735
-0.272386
-1.25276
0.292735
-0.272386
-1.06692
0.162824
-0.161764
-0.740895
1.87589
-0.841153
-0.792366
1.67893
-0.760923
-1.05865
1.72062
-0.823956
-0.756751
1.70874
-0.833386
-1.24072
0.356642
-0.305972
1.69036
0.375928
-0.865371
1.69036
0.375928
-0.865371
-0.489975
-0.0648068
0.072775
-1.02119
1.76038
-0.740104
-0.906424
1.81305
-0.802354
1.47087
0.416158
-0.880305
1.47087
0.416158
-0.880305
1.50277
0.363011
-1.02356
1.49854
0.364195
-1.01863
1.50277
0.363011
-1.02356
-1.25706
0.248014
-0.187308
0.935192
2.00254
-1.05785
1.46791
0.292247
-0.861316
1.58381
-0.119334
-0.797101
1.44301
-0.156003
-0.790556
-0.790414
1.53603
-3.3624
-0.790414
1.53603
-3.3624
-1.02842
0.362332
-2.3986
-1.03369
0.342609
-2.38186
-1.02304
0.334693
-2.40726
-1.02032
0.235608
-2.46965
-1.02453
0.222003
-2.48776
-1.02597
0.199708
-2.52671
-0.956682
0.179814
-3.17905
-0.955006
0.176404
-3.18672
-0.953165
0.174945
-3.21279
-0.954587
0.170313
-3.1921
-0.955176
0.170486
-3.19226
-0.955148
0.170493
-3.19235
-0.95393
0.165229
-3.18584
-0.942193
0.155755
-3.34966
-0.961456
0.14184
-3.12224
-0.962469
0.142005
-3.12244
-0.958443
0.133929
-3.16123
-0.960758
0.132686
-3.11624
-0.957087
0.132562
-3.21234
-0.955421
0.127691
-3.19216
-0.956173
0.127859
-3.19232
-0.953492
0.126185
-3.21755
-0.926577
0.116811
-3.37349
-0.872714
0.0894657
-4.20373
-0.964998
0.0853044
-3.08162
-0.95206
0.0826334
-3.22781
-1.00789
0.0613471
-2.55172
-0.824099
0.0293024
-4.61146
-1.01343
0.0573921
-2.54492
-0.845204
0.00567748
-4.39859
-0.845204
0.00567748
-4.39859
-0.871198
0.0024248
-3.91891
-0.813448
-0.0178499
-4.67596
-0.848076
-0.0299975
-4.45935
-0.848076
-0.0299975
-4.45935
-0.844654
-0.0453139
-4.48985
-0.848356
-0.043294
-4.33471
-0.861971
-0.0619161
-4.34494
-0.938849
-0.161563
-4.56255
-0.938849
-0.161563
-4.56255
-0.959879
-0.229518
-4.49437
-0.906639
-0.248143
-4.8039
-0.88148
-0.257367
-4.75763
-0.926729
-0.268689
-4.44418
-1.0893
-0.19609
-2.93966
-0.911894
-0.317612
-4.73465
-1.10341
-0.18658
-2.67537
-1.11144
-0.188335
-2.66486
-0.840923
-0.305058
-4.5219
-1.04529
-0.15955
-2.4012
-0.980623
-0.177018
-2.51417
-1.1077
-0.290713
-2.75237
-1.02078
-0.246495
-2.53018
-0.333544
-0.270176
-2.99916
-0.22605
-0.277129
-3.09476
-0.318492
-0.308269
-3.00885
-0.0630665
-0.230616
-3.23397
-0.156738
-0.228591
-2.78307
-0.786621
1.53586
-3.37076
-0.784765
1.50523
-3.35611
-1.02027
0.390145
-3.71556
-0.954561
0.179153
-3.1597
-0.964405
0.141211
-3.10428
-0.998853
0.116179
-2.58569
-0.997195
0.116117
-2.58604
-0.994968
0.0932334
-2.59316
-0.849855
0.0330629
-4.38981
-0.829645
0.0115305
-4.64173
-0.825285
0.0114566
-4.63514
-1.03648
-0.0970454
-3.61708
-1.05927
-0.0987118
-3.4581
-1.0225
-0.108019
-3.61626
-1.09984
-0.151457
-2.8848
-0.852249
-0.296087
-4.82397
-0.929857
-0.324738
-4.61384
-0.176779
-0.23096
-3.14958
-0.324654
-0.297267
-3.00226
-0.171157
-0.238816
-2.84558
-0.674399
1.19826
-3.44147
-1.0105
0.360881
-2.54661
-0.994905
0.159251
-2.42075
-0.864536
0.0468376
-4.40027
-0.812405
0.0140225
-4.46083
-1.05374
-0.190653
-3.44867
-0.910883
-0.247006
-3.5531
-0.873158
-0.248128
-3.54697
-0.925349
-0.268752
-3.55045
-1.0753
-0.299247
-3.04895
-0.998295
-0.280552
-2.48189
-0.160848
-0.215634
-3.17133
-0.324299
-0.275959
-3.00571
-0.334539
-0.313161
-2.99731
-0.783603
1.4212
-3.48919
-0.646804
1.18861
-3.48852
-1.04655
0.410182
-3.72266
-1.00279
0.15346
-2.54734
-0.812868
0.0361422
-4.59064
-0.825101
0.0113847
-4.66352
-0.826271
0.0111516
-4.66465
-0.836912
-0.0108632
-4.56549
-0.854108
-0.0916917
-4.04519
-0.934126
-0.129257
-4.71678
-1.0235
-0.178419
-2.61671
-0.596474
-0.169913
-3.24823
-1.00598
-0.315924
-2.88235
-0.296609
-0.199026
-2.84067
-0.325388
-0.300678
-3.01089
-0.152125
-0.265469
-3.16498
-0.152125
-0.265469
-3.16498
-1.0178
0.337221
-3.70639
-0.822153
0.0276326
-4.68955
-0.286643
-0.183249
-2.84725
-0.249042
-0.214487
-3.09264
-0.336654
-0.270402
-2.99454
-0.999312
0.240337
-2.5304
-1.01227
0.137756
-2.58804
-0.936115
-0.125798
-4.47902
-0.871865
-0.289385
-4.54539
-0.993092
-0.2714
-2.48301
-0.154036
-0.208352
-2.79257
-0.994445
0.0720541
-2.5678
-0.857341
-0.0190346
-3.91181
-0.874118
-0.273182
-3.52271
-0.975215
-0.240288
-2.48736
-0.346292
-0.157333
-3.08276
-0.331518
-0.303755
-3.00063
-0.77364
1.50103
-3.41476
-1.02054
0.269458
-2.45597
-0.861392
0.157756
-3.9239
-0.185155
-0.191051
-2.80528
-0.14588
-0.265962
-3.16965
-0.748349
1.39354
-3.49575
-0.984998
0.10939
-2.61999
-1.09006
-0.154928
-2.69209
-1.0115
-0.105236
-2.4868
-0.191873
-0.158088
-3.26768
-0.257622
-0.224262
-3.07071
-0.568859
0.0192279
-3.39925
-0.192376
-0.147116
-3.18393
-0.167493
-0.185041
-3.17743
-0.133305
-0.270392
-3.19471
-0.133553
-0.340935
-3.21456
-1.05396
-0.0706636
-2.66827
-0.412913
-0.226906
-2.9911
-0.151245
-0.196008
-3.23116
-0.680822
1.5404
-3.74324
-0.795606
1.53724
-3.43131
-0.803378
1.53668
-3.42554
-0.66271
1.20406
-3.50539
-0.955069
0.170504
-3.19237
-0.954288
0.164332
-3.19886
-0.955662
0.146417
-3.09936
-0.998006
0.118546
-2.5935
-0.954913
0.0971144
-3.19764
-0.963804
0.0849158
-3.11376
-0.953746
0.0849017
-3.21163
-0.953746
0.0849017
-3.21163
-1.01708
0.057832
-2.54351
-0.560202
-0.0159051
-3.49102
-0.87573
-0.0321444
-4.09553
-0.600854
-0.0224512
-3.45787
-0.857457
-0.0556633
-4.34806
-0.929072
-0.167133
-4.45151
-0.893898
-0.266966
-4.817
-0.863973
-0.31268
-4.56083
-0.872693
-0.295187
-4.224
-1.05631
-0.238048
-3.11209
-0.90249
-0.32117
-4.27938
-0.932176
-0.345853
-4.44688
-1.10802
-0.283242
-2.7447
-1.01308
-0.27599
-2.51715
-0.434776
-0.274792
-2.9088
-0.414185
-0.272284
-2.92488
-0.332777
-0.298289
-2.99577
-0.173515
-0.305194
-3.14503
-1.02312
0.233972
-2.55042
-0.948938
0.201003
-3.30081
-0.934167
0.127691
-3.51186
-0.753294
0.0308581
-4.90402
-0.943277
0.0359751
-3.32433
-1.04555
-0.115777
-3.54815
-1.02456
-0.200885
-2.62521
-1.09748
-0.252432
-3.00735
-0.967309
-0.26025
-3.25122
-0.194037
-0.223617
-3.58008
-0.216601
-0.232378
-3.57793
-0.19214
-0.227137
-3.58182
-0.204977
-0.238788
-3.57594
-0.230715
-0.211688
-3.10582
-0.415045
-0.267098
-2.92886
-0.899053
-0.251749
-4.20503
-0.830917
-0.333362
-4.94123
-1.01481
-0.291247
-2.52988
-0.253694
-0.170265
-3.10515
-0.0215794
-0.265677
-3.30238
-0.601582
0.913188
-3.50031
-0.902978
0.348982
-3.74712
-0.984775
0.141705
-2.5416
-0.849921
0.066388
-4.46668
-0.973757
0.0381274
-3.27574
-0.852026
-0.00588586
-4.37654
-0.80641
-0.298684
-4.89899
-0.840608
-0.363964
-5.00601
-1.02275
-0.205996
-2.61733
-1.093
-0.27631
-2.84767
-0.127272
-0.225256
-3.65283
-0.129209
-0.226408
-3.64707
-0.426227
-0.236293
-2.94259
-0.019054
-0.267401
-3.30894
-0.0158962
-0.268102
-3.3162
-0.0158962
-0.268102
-3.3162
-0.015819
-0.267575
-3.31076
-0.603942
-0.00424433
-3.45573
-1.04353
-0.144984
-3.47427
-0.861917
-0.274575
-4.16728
-0.321598
-0.299346
-3.01094
-0.0184032
-0.265763
-3.30283
-1.0039
0.152922
-2.54686
-0.867368
-0.169305
-4.18082
-1.10522
-0.180704
-2.65194
-1.08546
-0.27841
-2.73361
-0.188672
-0.220107
-3.5953
-0.419083
-0.302884
-2.92197
-0.333221
-0.285996
-2.9973
-0.0225269
-0.286752
-3.29926
-0.785408
1.42098
-3.46907
-0.778927
1.41255
-3.46621
-0.886002
0.193882
-3.90171
-1.08033
-0.218179
-3.02672
-1.10438
-0.210393
-2.83815
-0.26379
-0.165875
-3.09952
-0.435323
-0.290247
-2.90557
-0.222386
-0.181729
-3.59464
-0.0226467
-0.273539
-3.29358
-0.0184353
-0.278866
-3.31038
-1.08449
-0.16392
-2.69736
-0.878277
0.138435
-3.82721
-0.139691
-0.202208
-3.19608
-0.96221
-0.114829
-3.28889
-0.37592
-0.268632
-2.95996
-0.36853
-0.211902
-2.9861
-0.844122
0.392344
-3.676
-0.844122
0.392344
-3.676
-0.72869
-0.051157
-3.60954
-0.638718
1.27525
-4.89137
1.71015
0.237388
-4.4998
1.7172
0.207637
-4.57633
1.7172
0.207637
-4.57633
-1.03552
0.129158
-4.85934
-0.859822
0.067279
-4.34189
1.03987
-0.212866
-3.95996
0.852512
-0.268997
-4.22915
-0.687312
1.42672
-4.74471
-0.391678
1.37499
-4.92306
-0.475569
1.13526
-4.82586
1.70049
0.217033
-4.48162
1.70049
0.217033
-4.48162
-0.834674
0.0749906
-4.59529
-0.928181
-0.204954
-4.45027
-0.214453
-0.175961
-3.6017
-0.211336
-0.178145
-3.59713
-0.639188
1.41639
-4.79116
-0.934668
-0.228228
-4.44553
-0.848123
-0.351838
-4.77529
-0.201817
-0.223677
-3.57457
-0.657383
1.48967
-4.82492
-0.618655
1.40204
-4.79462
-0.415811
1.40663
-5.09961
-1.00404
0.129503
-4.79739
-0.0318423
-0.279249
-3.31164
-0.0318423
-0.279249
-3.31164
-0.379895
1.24846
-4.83444
-0.379895
1.24846
-4.83444
1.75016
0.0787991
-4.52533
0.875951
-0.216982
-3.8557
0.0634916
-0.226845
-3.82974
-0.896724
-0.145322
-4.7956
-0.578838
1.57652
-4.72133
-0.423331
1.28987
-4.84747
-0.174028
-0.184851
-3.65078
-0.191487
-0.233816
-3.58421
-0.944625
-0.191625
-4.85262
-2.284
-0.452103
-7.34789
1.17219
1.42758
-3.01332
1.11078
-0.315123
-6.53819
-0.789754
0.397503
-1.83208
-0.767593
-0.0909588
-1.84147
-0.774966
-0.121235
-1.83564
-0.697375
0.423297
-1.85636
-1.03873
0.216877
-2.14306
-1.1076
0.443961
-2.1168
-0.561668
-0.254578
-1.40969
1.46325
1.00097
-9.10209
2.14418
-0.163963
-9.24989
1.58797
1.28193
-4.98756
1.71133
-0.252448
-6.95865
-1.01943
-0.242865
-2.48928
1.96031
-0.330732
-8.71098
1.93773
0.0907687
-7.05614
-0.359498
-0.0542937
-9.56764
2.68206
0.577098
-8.69659
-0.953209
0.154443
-3.23098
1.83898
-0.276288
-8.48897
1.67334
-0.407067
-8.03445
1.3561
1.31474
-5.10058
-0.739968
1.49818
-2.32731
0.884577
-0.290401
-2.2795
-1.08756
-0.0657769
-2.08491
-0.770068
1.62326
-2.33339
-0.689392
1.59104
-2.34367
1.8097
0.719802
-8.18596
-3.43581
-1.51429
-9.28256
-0.688046
-0.356915
-6.90171
0.109786
-0.395901
-6.24255
-0.860494
-0.361846
-4.76198
-0.428571
0.016265
-4.89171
-0.469756
-0.184531
-8.10075
2.28932
1.45801
-11.3856
2.62475
0.277259
-2.84093
0.90564
-1.66162
-4.74628
-0.266627
-0.175356
-3.40652
-0.367587
1.35113
-4.77184
-0.937424
0.110993
-3.40686
-0.937424
0.110993
-3.40686
-1.04102
-0.16147
-3.47508
-0.62623
1.03026
-3.5044
-1.0417
-0.152144
-3.51198
-0.908177
0.139296
-3.732
1.83269
-0.267426
-7.22748
1.64615
-0.268353
-7.10928
-0.917452
0.0756894
-3.62515
-0.871664
0.0634324
-4.34458
-0.562935
-0.0623711
-10.0071
-0.561766
1.86545
-2.46356
1.35102
1.43015
-2.87035
-0.15727
1.18781
-8.34797
1.68783
0.327114
-3.87732
1.663
0.0778847
-3.42457
1.64568
0.0836716
-3.23591
1.09272
-0.305526
-1.8974
1.65982
0.174703
-3.78712
1.29375
0.00701359
-3.17822
-0.874865
-0.198526
-4.40381
0.89992
1.93355
-1.08518
-0.356475
-0.0881732
-0.197437
-0.417871
-0.0960664
-0.155787
1.16066
1.43074
-1.00016
-0.981097
-0.211838
-3.40458
-0.70196
-0.143164
-4.50075
4.89164
0.537762
-4.79351
1.4381
0.11736
-2.53396
1.18004
-0.294524
-2.30795
1.14881
0.446872
-2.23682
1.39721
1.01412
-5.06168
-0.497874
1.40259
-6.69861
-0.553085
1.38456
-6.68793
-0.224364
1.19136
-6.80187
1.36763
1.18595
-6.77354
1.34566
0.927297
-6.68045
-0.889528
0.120438
-3.88739
-0.66323
0.046887
-4.79451
1.73272
0.0159275
-4.85907
-0.869857
-0.0697942
-4.33898
-0.860941
-0.218819
-5.14697
0.0205664
-0.361955
-4.84475
0.002605
-0.324488
-3.771
-0.249543
1.08178
-6.60061
-0.295697
1.05878
-6.71341
-0.740971
-0.0639667
-6.00084
-0.740971
-0.0639667
-6.00084
1.45768
-0.134102
-5.52998
-0.857239
-0.182404
-5.23643
1.4995
-0.208377
-5.57657
0.369609
-0.164314
-4.01993
-0.575381
-0.305186
-7.07896
1.92061
-0.459805
-6.89989
-0.872469
-0.387777
-5.21097
0.0400015
-0.373522
-4.82177
0.401076
-0.149869
-4.08623
1.31974
0.933279
-6.66557
-0.843345
0.00953807
-6.70997
0.341947
-0.157437
-4.07785
-0.848739
-0.0668206
-4.46875
-7.82274
-7.80528
-14.9008
-10.0634
-9.7529
-18.578
1.54083
0.865583
-6.84972
1.72361
0.146523
-4.60692
-0.507289
1.11045
-4.87931
-0.855364
-0.264303
-5.17911
-0.902795
-0.00589071
-3.77311
-0.947119
0.130979
-3.32761
-1.16959
-0.235425
-2.02186
1.72459
-0.00012721
-1.22308
1.16279
0.0192453
-0.719342
-1.19559
0.345861
-0.738212
-0.659939
0.0987259
-3.39197
1.126
-0.322668
-2.28171
1.0951
0.0202391
-0.717453
0.980718
-0.221782
-0.619709
-1.88733
-1.96145
-5.38047
-1.72035
0.0961184
-1.63556
-1.10322
0.00115204
-2.90655
-1.09946
-0.253923
-2.8595
-0.987339
-0.0113843
-3.24172
-0.958748
0.173448
-3.17237
-0.952409
0.127324
-3.22607
-0.929561
0.100651
-3.54564
-0.914936
0.081898
-3.68699
-0.856493
-0.0449532
-4.4463
-0.977146
-0.0257288
-3.24117
-0.976701
-0.0369207
-3.24201
-1.09834
-0.111348
-2.85106
-1.05379
-0.140455
-3.44872
-1.00732
-0.13418
-2.94059
-0.931676
-0.373995
-4.43386
-1.09317
-0.294588
-2.93073
-1.09317
-0.294588
-2.93073
-0.910685
-0.0238908
-3.78514
-0.84154
0.0432622
-4.43124
-0.669953
1.30915
-3.50521
-1.09219
-0.0620304
-2.90227
-0.86805
-0.372609
-4.57846
-0.875817
-0.289284
-4.55108
-0.915441
0.0150775
-3.74987
-1.28778
0.519033
-1.65633
-0.943766
0.130787
-3.33681
-1.09085
-0.169067
-3.00624
-0.959126
0.0159007
-3.25528
-1.87468
-1.89969
-4.7632
-1.14349
-0.155123
-1.25411
-0.77783
0.144334
-1.40254
-1.21833
0.393182
-0.536943
-1.16899
0.318313
-0.902093
-1.02148
-0.242564
-1.22587
-0.678571
-0.245369
-1.09878
-0.6706
0.475699
-1.8558
-0.660577
0.321731
-1.83093
-1.19574
0.356449
-0.739579
-3.59361
0.850447
-0.334192
-0.766566
1.588
-2.34662
-0.772145
1.57824
-2.32307
-0.772145
1.57824
-2.32307
-1.19677
0.321654
-0.745011
-0.826226
0.461205
-1.84624
-0.681103
0.378707
-1.83409
-1.17088
0.468492
-1.78994
-1.17313
0.367346
-0.925797
-1.17313
0.367346
-0.925797
-0.87918
1.79586
-2.19949
-0.886947
1.68237
-2.34566
-0.838585
0.258365
-0.779457
-1.17285
-0.146716
-1.95636
-0.844117
0.157877
-0.780346
-0.826955
1.78894
-2.34422
-0.859197
1.705
-2.33543
-0.859197
1.705
-2.33543
-0.880472
2.09235
-2.37208
-0.857125
1.83901
-2.50273
1.08013
1.47739
-3.41595
-1.24913
0.431574
-0.284298
-1.05854
0.29461
-2.35524
0.94329
-0.209225
-0.391479
-0.710726
2.11552
-2.40999
-0.68746
1.41972
-3.43283
-1.24475
0.428661
-0.248219
-1.23277
0.394969
-0.416577
1.17108
0.0938453
-0.7344
-1.25762
-0.129577
-0.260941
-0.998994
1.98469
-0.694186
-0.867543
1.99807
-0.821235
-0.825774
1.94145
-0.785354
1.29436
1.56248
-2.85196
-1.2505
0.421132
-0.266772
-1.2505
0.421132
-0.266772
-1.24968
0.410313
-0.279268
1.17502
-0.204155
-1.74833
1.02572
-0.264913
-1.38242
-0.978846
1.99188
-0.688217
-0.734957
1.76783
-2.44213
1.2668
1.50471
-2.86341
-1.13451
0.0800187
-0.86635
1.0117
-0.237863
-1.38959
1.0117
-0.237863
-1.38959
-0.541893
1.78922
-2.37751
-1.25082
0.388621
-0.246793
1.76339
-0.101357
-1.24524
1.78384
-0.10476
-1.26976
-1.09263
1.80152
-0.751717
1.31839
2.02747
-0.956349
1.30246
1.96868
-1.08044
-1.25375
0.398153
-0.225766
1.83992
0.480195
-0.919662
1.23117
0.175657
-1.52719
-0.803909
2.00869
-0.782032
-1.02811
1.85972
-0.703183
-1.02811
1.85972
-0.703183
-0.773756
1.84769
-2.39571
-0.777847
1.92219
-0.751062
1.64838
0.285813
-0.820267
0.783856
-0.287704
-1.77148
1.53116
0.196819
-0.871865
-0.730964
0.380804
-2.03857
1.30811
-0.286033
-0.724038
-0.958962
0.0931148
-3.14626
-0.865523
0.0835414
-3.98259
-0.917797
0.0849932
-3.67818
-0.917797
0.0849932
-3.67818
-0.933755
0.081486
-3.49504
-0.837778
0.0272376
-4.46961
-0.964937
0.110487
-3.0421
-0.817225
-0.0387018
-4.68526
-1.0508
-0.109831
-3.48852
-0.834876
0.0215891
-4.54714
-0.824522
0.00996273
-4.60047
-0.912975
0.00564406
-3.36097
-0.973145
-0.266331
-3.18949
-0.67074
1.17739
-3.44446
-0.64913
1.49845
-4.75312
-0.645236
1.46769
-4.7475
-0.954694
0.176322
-3.19942
-0.972025
0.14392
-3.10686
-0.960407
0.142803
-3.13249
-0.961905
0.133172
-3.11623
-0.954398
0.133701
-3.17278
-0.950682
0.12927
-3.23973
-0.954762
0.127463
-3.19217
-0.959035
0.122421
-3.16123
-0.959032
0.122386
-3.16122
-0.876654
0.120538
-3.94979
-0.950915
0.106105
-3.05181
-0.960658
0.105075
-3.06901
-0.963853
0.106716
-3.082
-0.9448
0.10639
-3.32798
-0.951837
0.10068
-3.23784
-0.951837
0.10068
-3.23784
-0.953103
0.0957561
-3.21182
-0.96404
0.0904066
-3.06902
-0.958023
0.092135
-3.1185
-0.961447
0.0844938
-3.10005
-0.937818
0.0817387
-3.42957
-0.938582
0.0823596
-3.43012
-0.953119
0.0803894
-3.20434
-0.853312
0.0325033
-4.42941
-0.728677
0.0203743
-4.89287
-0.8574
0.0187456
-4.34022
-0.580973
-0.00177539
-3.49909
-0.848341
-0.0202063
-4.44851
-0.828581
-0.0728595
-4.64752
-1.05041
-0.167571
-3.55135
-0.855655
-0.210201
-4.57138
-0.856251
-0.242686
-4.55316
-0.891511
-0.236352
-4.03773
-0.887332
-0.261369
-4.17472
-0.921082
-0.301069
-4.43711
-0.907341
-0.307733
-4.2479
-1.08957
-0.210609
-2.72259
-0.948177
-0.232149
-3.22524
-0.915608
-0.322506
-4.26766
-0.9096
-0.31915
-4.26168
-0.870315
-0.361054
-4.78269
-1.09306
-0.284097
-2.93073
-0.245486
-0.248238
-3.91332
-0.127108
-0.28664
-3.63846
-0.316944
-0.308735
-3.01279
-7.84937
-6.84665
-7.32792
-0.0412434
-0.272705
-3.27449
-0.0198933
-0.266541
-3.29433
-0.637024
1.465
-4.77943
-0.827641
0.371105
-3.75634
-0.955778
0.0998716
-3.16563
-0.955778
0.0998716
-3.16563
-0.908373
0.0170615
-3.72565
-0.612537
-0.0149023
-3.46023
-1.05638
-0.166114
-3.4514
-1.756
-0.220098
-2.77587
-0.867213
-0.315697
-5.17649
-0.431032
-0.267401
-2.91416
-0.312523
-0.311321
-3.01557
-0.14024
-0.258528
-3.17752
-0.140212
-0.265886
-3.17439
-0.175521
-0.304001
-3.14176
-0.0350031
-0.267165
-3.27871
-0.635641
1.52258
-4.76597
-0.634258
1.48316
-4.78288
-0.634258
1.48316
-4.78288
-0.621762
1.42161
-4.76153
-0.862381
0.393081
-3.70265
-0.959519
0.138635
-3.10322
-0.940497
0.0510903
-3.26733
-0.940497
0.0510903
-3.26733
-0.6775
0.00720254
-4.8273
-0.601365
0.0147188
-3.45916
-0.876941
-0.00563911
-3.78736
-1.03743
0.0118976
-2.62786
-0.800468
-0.0788648
-4.89021
-0.848293
-0.0913461
-4.04041
-0.870616
-0.13542
-4.17543
-0.8904
-0.192862
-4.58135
-0.884914
-0.329546
-4.25279
-0.289106
-0.203266
-3.58688
-0.0411765
-0.125091
-3.15165
-0.873237
-0.329167
-5.16586
-0.873237
-0.329167
-5.16586
-1.04809
-0.22315
-3.10378
-0.159572
-0.162261
-3.19867
-0.0972882
-0.360945
-3.56766
-0.168996
-0.305525
-3.14705
-0.168996
-0.305525
-3.14705
-0.626455
0.144358
-3.47368
-0.837448
-0.0331562
-4.56025
-0.837448
-0.0331562
-4.56025
-0.920453
-0.295457
-4.28029
-0.935906
-0.299965
-4.33095
-0.120368
-0.284527
-3.64533
-0.120368
-0.284527
-3.64533
-0.659284
1.37947
-4.76589
-0.679485
1.41315
-4.84906
-0.86363
-0.239365
-4.62597
-0.883795
-0.238372
-4.05427
-0.149612
-0.241288
-3.62483
-1.10474
-0.107415
-2.69751
-1.10455
-0.164923
-2.83884
-0.95445
-0.262779
-4.39472
-0.241123
-0.231075
-3.08608
-0.851975
0.0838129
-4.46793
-0.241146
-0.166785
-3.12396
-0.828588
0.378526
-3.73654
-1.16435
-0.0240137
-3.07983
-0.148014
-0.219859
-3.17876
-1.05524
0.0271596
-5.36151
-1.03247
0.4616
-4.42455
-0.552055
1.59193
-4.75187
-0.352275
1.35472
-4.8715
-0.377392
1.29207
-4.83544
-0.654563
1.26883
-4.93541
1.4403
1.36353
-5.02268
-0.455558
1.14105
-4.83065
1.74686
0.312259
-4.61067
1.7491
0.26738
-4.65452
1.73657
0.231308
-4.70845
1.69072
0.235804
-4.79303
1.75112
0.231093
-4.73682
1.71738
0.164813
-4.67314
-0.864138
0.106927
-4.37787
1.7482
0.136178
-4.62229
-1.02037
0.126989
-4.87479
-0.84006
0.0524151
-4.59209
1.74
0.0643012
-4.62585
-0.887201
0.0379205
-4.41614
-0.855457
0.0330718
-4.41368
-0.849462
0.0350006
-4.51759
1.75222
0.0489718
-4.75838
-1.72563
0.0312932
-5.64583
-0.846411
0.00530779
-4.44368
-0.845551
0.00603453
-4.51756
-0.845551
0.00603453
-4.51756
1.7395
0.00671763
-4.84801
0.155528
-0.0181199
-3.17368
-0.846579
-0.0263959
-4.47257
-0.858534
-0.0347248
-4.3709
-0.850938
-0.0577425
-4.37751
-0.843539
-0.181538
-5.06034
-0.937532
-0.15665
-4.47817
-0.854506
-0.337561
-4.79313
-0.0361743
-0.279926
-4.4612
-0.816323
-0.355095
-4.84058
-0.759704
-0.35399
-4.66019
-0.027845
-0.225451
-3.94229
-0.027845
-0.225451
-3.94229
-0.891016
-0.300358
-4.21754
-0.890972
-0.309591
-4.22561
-0.879812
-0.306622
-4.2143
0.891001
-0.309917
-4.17343
0.834983
-0.250405
-3.86479
0.775369
-0.28376
-3.9563
0.814422
-0.271764
-3.89011
0.86889
-0.274886
-3.81882
0.860438
-0.287056
-3.82381
0.860438
-0.287056
-3.82381
-0.116267
-0.289268
-3.64587
-0.116267
-0.289268
-3.64587
-0.679989
1.55648
-4.79395
-0.673883
1.53166
-4.78637
-0.41021
1.50783
-4.77421
-0.441212
1.49183
-4.77701
-0.642998
1.46554
-4.78468
-0.378098
1.35465
-4.87401
1.4256
1.40259
-4.89668
1.52973
1.19266
-5.04565
1.43675
1.03097
-4.96109
1.72911
0.229902
-4.73437
1.73695
0.22992
-4.79707
1.72911
0.13682
-4.73327
1.72911
0.13682
-4.73327
-0.843318
-0.140518
-5.09738
-0.906799
-0.20956
-4.41139
-0.917578
-0.243216
-4.43744
0.0033239
-0.324274
-4.83787
1.00172
-0.343979
-4.92917
0.82897
-0.27225
-4.23349
-0.937563
-0.336605
-4.44611
0.845265
-0.29265
-4.20812
0.0336176
-0.234471
-3.90026
0.871825
-0.283295
-3.82801
0.846213
-0.376391
-4.0371
-0.194431
-0.227
-3.57489
-0.549609
1.61685
-4.77966
1.51894
1.48801
-4.9548
1.41312
1.37448
-4.98293
-0.583546
1.23897
-4.89087
1.45807
1.31936
-5.03882
-0.52605
1.03201
-4.8386
1.7415
0.0351334
-4.75498
-0.872096
-0.354237
-5.21215
0.967038
-0.326403
-4.90595
0.967038
-0.326403
-4.90595
0.830313
-0.197056
-3.90205
0.875878
-0.303101
-4.16985
-0.132185
-0.2763
-3.43729
1.5065
1.21822
-5.00621
-0.534346
0.0145427
-4.90489
-0.534346
0.0145427
-4.90489
1.77987
-0.266577
-4.65967
-0.0210705
-0.210679
-4.1407
0.926844
-0.228913
-4.1907
-0.233352
-0.234172
-3.8817
-0.502513
1.57466
-4.74599
-0.433836
1.46906
-4.76731
1.21874
1.49093
-5.04496
1.52634
1.29243
-4.92087
1.52634
1.29243
-4.92087
-0.521749
1.15326
-4.80902
1.54071
1.16227
-5.04915
1.7933
0.0104451
-4.79329
-0.138347
-0.274449
-3.43902
-0.408825
1.5082
-4.74751
-0.713167
1.43385
-4.83032
1.57154
1.37508
-4.9357
1.74269
0.0329916
-4.67318
1.77686
-0.316042
-4.89394
-0.0129358
-0.365015
-4.75844
0.916645
-0.195975
-3.85459
-0.51009
1.57463
-4.72974
-0.668536
1.55984
-4.77026
-0.579867
1.28799
-4.81034
-0.579867
1.28799
-4.81034
1.44414
1.39133
-5.09634
-0.691543
1.45895
-4.79193
-0.392991
1.23927
-4.77486
-0.627554
1.30386
-4.93248
-0.858042
-0.240482
-4.85466
-0.0418555
-0.232172
-4.09834
-0.642825
0.102426
-5.07137
0.871016
-0.248901
-4.20897
1.25167
1.40866
-5.00782
0.887171
-0.329185
-4.89019
0.887171
-0.329185
-4.89019
-0.553801
-0.00559189
-4.97795
0.775008
-0.297293
-3.97813
-0.2364
0.198526
-4.84784
-0.742358
1.88216
-0.84052
-0.799652
1.75429
-0.79406
-1.25304
-0.0979008
-0.0927238
-0.706765
1.93344
-0.847175
-0.706765
1.93344
-0.847175
-1.01672
1.68974
-0.700542
-0.697494
1.76658
-0.85665
0.888512
1.91385
-1.08649
1.24403
1.73973
-0.954817
-0.914614
1.43001
-0.792799
-0.757508
1.76842
-2.32362
-1.2329
0.450113
-0.422018
-1.24396
0.410267
-0.269875
-0.895893
0.414007
-0.887937
-1.28626
0.194255
-0.0037617
1.617
-0.103927
-0.789941
-1.30444
-0.060291
-0.253196
-1.17829
-0.087673
-0.381464
-1.18164
-0.101295
-0.384607
-0.39193
-0.0559151
-0.231471
-0.433112
-0.0825185
-0.359907
-0.449131
-0.0601881
-0.148263
-0.367404
-0.162676
-0.191217
0.21722
-0.170109
0.0191634
-0.770325
1.85378
-0.714605
1.23018
1.85388
-1.0229
-0.934097
1.56726
-0.760487
-0.848487
1.54499
-0.772679
-0.822006
1.80912
-2.34996
-1.20657
0.338929
-0.221581
-1.76829
0.344734
-0.581134
-1.8237
0.314121
-0.645254
-1.8237
0.314121
-0.645254
-0.432666
-0.053969
0.152947
-0.440446
-0.0614352
0.122464
-0.44565
-0.0718238
0.122417
-0.760533
1.90247
-0.934331
0.941106
1.77813
-1.10264
-1.22274
0.341222
-0.246745
-0.627845
-0.0274858
-0.101251
1.5477
-0.180391
-0.856583
-0.424677
-0.056569
0.125391
0.23422
-0.163337
0.155513
-0.812773
1.88284
-0.897108
-0.773139
1.8244
-0.867663
0.988011
1.74419
-1.08261
-0.882312
1.4243
-0.75759
-0.882183
1.42308
-0.756515
-1.24959
0.404577
-0.221624
-1.23728
0.388158
-0.335115
-1.32005
0.202285
-0.0760943
1.73567
-0.0648872
-1.35726
-1.24361
-0.0749778
-0.101325
-1.24361
-0.0749778
-0.101325
-0.424713
-0.021967
0.521048
-0.737758
1.68075
-0.779831
1.0514
1.7142
-1.13744
-1.25212
0.445721
-0.273537
-1.25196
-0.0193644
-0.351815
-0.835496
1.78177
-0.807997
-0.801243
1.6407
-0.87313
-0.801243
1.6407
-0.87313
1.30237
1.766
-1.00408
1.18332
1.57938
-0.949006
-1.2019
0.203802
-0.129945
0.95899
1.91169
-1.069
-0.574289
-0.0475462
-0.137509
1.14587
0.163194
-1.16733
-1.25371
0.429254
-0.198968
-1.18826
0.390754
-0.378247
1.21758
0.133884
-1.11544
-0.743194
0.665896
-1.35749
1.42381
1.10105
-5.08736
1.43984
1.03111
-5.05906
-0.317789
1.36942
-6.64346
1.71351
0.237222
-4.61448
-0.88934
0.0917413
-4.12446
-0.86364
0.00699451
-4.43982
-0.888349
-0.20758
-5.16483
0.922222
-0.222127
-4.21816
-0.89878
-0.326052
-4.73086
-0.0401834
-0.287031
-4.53492
1.71508
-0.350929
-4.70779
0.429309
-0.413165
-4.48851
-0.594861
1.5338
-4.79931
-0.413626
1.20153
-6.68825
-1.03358
0.130285
-4.84849
-0.820814
0.0662204
-5.37952
-0.844975
-0.0390926
-4.47094
-0.931759
-0.142353
-4.48661
-0.124925
-0.292453
-3.64889
0.850727
-0.245393
-3.85304
1.73539
0.233302
-4.87125
-0.807434
-0.375707
-4.90511
-0.801115
-0.340234
-4.90572
-0.19995
-0.241315
-3.56265
-0.899637
-0.155664
-4.69165
-0.726675
0.557444
-1.84669
-0.726675
0.557444
-1.84669
-0.663763
0.448509
-1.84157
-0.686624
0.432038
-1.84358
-0.787356
0.420401
-1.85031
-1.22571
0.375224
-0.547914
-1.20777
0.372177
-0.646405
-0.719572
0.322772
-1.83277
-1.19656
0.3341
-0.710897
-1.17515
0.278456
-0.928637
-1.14498
0.105343
-1.27198
-1.14498
0.105343
-1.27198
-1.32495
0.0643
-0.595576
-1.32244
-0.0375016
-0.687776
-1.21305
-0.162711
-1.44315
-0.56
-0.256544
-1.41897
-0.753929
0.558374
-1.84594
-1.2571
0.434294
-0.29249
-1.23468
0.402423
-0.387282
-1.23468
0.402423
-0.387282
-1.20403
0.398125
-0.666788
-1.20512
0.391539
-0.658005
-1.19854
0.381408
-0.706968
-1.23438
0.364619
-0.404323
-1.19925
0.367833
-0.685723
-1.20066
0.330922
-0.680548
-1.19927
0.327373
-0.695466
-1.00931
0.362287
-2.53045
-1.21624
0.31988
-0.614775
-1.19858
0.314948
-0.711065
-1.19858
0.314948
-0.711065
-0.671707
0.261556
-1.82248
-0.671707
0.261556
-1.82248
-1.37584
-0.0772046
-0.378847
-1.18458
-0.175259
-1.43661
-0.736791
-0.244693
-1.46526
-0.941326
1.89361
-2.36454
-0.778414
0.468964
-1.85334
-0.759172
0.374499
-1.84361
-1.22135
0.395731
-0.513649
-1.07548
0.449711
-2.036
-1.22118
0.390511
-0.482312
-1.25044
0.383301
-0.358319
-1.23864
0.375474
-0.427548
-1.20866
0.37331
-0.656273
-1.20508
0.361949
-0.666154
-1.20846
0.330974
-0.618296
-0.743015
-0.22721
-1.18374
-1.07683
0.454811
-1.83522
-1.20974
0.382552
-0.621154
-1.15491
-0.167232
-1.21479
-0.730204
-0.14873
-1.83167
-0.752856
-0.221671
-1.07884
-0.650615
-0.285241
-1.76987
-1.20275
0.322227
-0.664447
-0.839038
0.162317
-0.797851
-1.33849
0.0614151
-0.50944
-0.863574
0.395602
-1.85152
-1.22691
0.352925
-0.439014
-1.25246
-0.0144229
-0.33542
-0.836861
-0.131454
-1.03867
-0.633975
-0.277614
-1.79093
-0.656883
-0.244537
-1.35655
-0.850369
0.404693
-1.81739
-0.794826
-0.217538
-1.35123
-0.794826
-0.217538
-1.35123
-0.87047
0.195247
-0.738407
-0.822001
0.288306
-0.810723
-0.95581
0.182664
-3.1631
-0.954559
0.170377
-3.19241
-0.955701
0.134742
-3.17213
-0.960418
0.11698
-3.10899
-0.935024
0.115525
-3.38652
-0.876162
0.10429
-3.91399
-0.958491
0.0904509
-3.13991
-0.960457
0.0819845
-3.13015
-0.951257
-0.00154342
-3.26185
-0.830127
-0.0741848
-4.70531
-0.856528
-0.0621813
-3.91666
-1.08493
-0.0371616
-3.00054
-1.36437
-0.181701
-2.86972
-0.935118
-0.336047
-4.43712
-0.20023
-0.206981
-3.09933
-0.192182
-0.290876
-3.57103
-0.165378
-0.289107
-3.5957
-0.943141
0.098458
-3.33538
-1.01354
-0.156636
-3.96707
-1.01354
-0.156636
-3.96707
-1.05491
-0.148747
-3.43817
-1.06353
-0.217671
-3.13638
-0.0242934
-0.259215
-3.29168
-0.981717
0.25895
-3.71405
-0.228882
0.045708
-3.41251
-0.968557
-0.250568
-3.2431
-0.250332
-0.176845
-3.10302
-0.975954
0.254564
-3.70845
-0.877684
0.0860632
-3.85966
-1.04247
-0.14431
-3.47482
-0.82551
-0.366488
-4.89963
-0.873132
-0.149591
-4.14459
-0.849727
0.0309888
-4.44728
-0.851521
0.0187584
-4.4487
-0.772353
-0.0476017
-5.30137
-0.72426
-0.0461427
-4.8856
-0.807009
-0.0914527
-5.17649
-0.851735
0.0737665
-4.76861
-0.558418
0.0101642
-4.97305
-0.0414978
-0.221052
-3.97762
-0.918705
-0.143261
-4.44238
-0.819011
-0.377296
-4.98855
-0.83993
-0.342672
-4.54915
-0.838739
0.0893308
-4.68956
-0.84701
-0.0361057
-4.47379
-0.864598
-0.363285
-4.85041
-0.291448
-0.218347
-4.00915
-0.908246
-0.113793
-4.43293
-0.784974
-0.102867
-4.91962
-0.830957
1.69409
-0.724301
-1.21903
0.455931
-0.374423
-1.15958
0.414553
-0.911266
-1.24714
0.326619
-0.262287
-1.15262
0.336649
-0.813413
0.207581
-0.144641
0.123516
0.192075
-0.168084
0.170093
0.186918
-0.150528
0.24994
0.186918
-0.150528
0.24994
0.238214
-0.166
0.204554
-1.24582
0.396136
-0.270662
-1.23883
0.375805
-0.303881
-1.23883
0.375805
-0.303881
-1.25486
0.373897
-0.366547
-1.28551
0.341832
-0.435611
-1.1628
-0.0648223
-0.10748
0.243975
-0.172529
0.124817
1.13465
1.57015
-1.04031
-1.14795
0.310261
-0.820487
-1.1295
0.0788514
-0.853911
-1.1648
-0.0747569
-0.0812243
-0.45834
-0.0755209
-0.0616812
-1.25035
0.243361
-0.177255
-0.596058
1.18874
-4.86579
-0.849404
0.490702
-3.7205
-0.952669
0.175782
-3.22836
-0.952669
0.175782
-3.22836
-0.95316
0.175529
-3.24191
-0.95316
0.175529
-3.24191
-0.938636
0.195665
-3.7533
-0.958168
0.164536
-3.21025
-0.961406
0.153362
-3.13346
-0.943195
0.159691
-3.36033
-0.944828
0.155855
-3.33647
-0.910206
0.163592
-3.72402
-0.959398
0.14796
-3.13934
-0.956607
0.145296
-3.11637
-0.95768
0.14106
-3.14516
-0.96003
0.13541
-3.14984
-0.957409
0.127797
-3.12273
-0.957409
0.127797
-3.12273
-0.957254
0.128887
-3.16763
-0.957254
0.128887
-3.16763
-0.960317
0.123529
-3.1381
-0.956959
0.122282
-3.17358
-0.956959
0.122282
-3.17358
-0.955731
0.120651
-3.20957
-0.910019
0.126956
-3.73007
-0.91768
0.114144
-3.38577
-0.949686
0.108778
-3.02616
-0.962993
0.105055
-3.07595
-0.962993
0.105055
-3.07595
-0.927117
0.10949
-3.60777
-0.968605
0.10267
-3.03861
-0.958976
0.100604
-3.13559
-0.958976
0.100604
-3.13559
-0.913328
0.098333
-3.73148
-0.961973
0.0882473
-3.13291
-0.956845
0.0874519
-3.18386
-0.878077
0.088106
-3.87365
-0.962664
0.0851038
-3.17155
-0.958779
0.0821507
-3.15042
-0.954994
0.0796403
-3.21842
-1.54771
0.0975451
-2.96623
-0.7927
0.0462143
-5.12757
-0.810473
-0.0819823
-4.87967
-0.810473
-0.0819823
-4.87967
-0.553334
-0.119413
-4.94637
-1.08468
-0.0675157
-2.92356
-1.06761
-0.218321
-3.39934
-0.941857
-0.298175
-4.43139
-0.859256
-0.314301
-4.57237
-0.935374
-0.375548
-4.43702
-0.935374
-0.375548
-4.43702
-1.0835
-0.270771
-3.02487
-0.257767
-0.162582
-3.2592
-0.13938
-0.158047
-3.35311
-0.193035
-0.225146
-3.58569
-1.11998
-1.43626
-5.43593
0.00407944
-0.322006
-3.77037
-0.649768
1.3988
-4.75216
-0.659948
1.38911
-4.78791
-0.639601
1.27496
-4.86248
-0.580649
1.17283
-4.87023
-0.596179
0.48889
-3.48058
-0.959852
0.173489
-3.17207
-0.881918
0.108131
-3.90803
-0.960215
0.0972543
-3.09984
-0.958229
0.0986982
-3.18294
-0.788249
0.0565813
-5.10442
-0.934902
0.0340021
-3.3274
-0.794256
-0.0148141
-5.16518
-1.0965
-0.0422513
-2.99029
-0.882603
-0.29426
-4.70337
-0.866201
-0.301068
-4.55528
-0.816591
-0.357892
-4.87343
-0.192194
-0.221264
-3.58674
-0.116517
-0.288763
-3.64734
-0.116517
-0.288763
-3.64734
-0.0988357
-0.274652
-3.38516
-0.0103186
-0.332668
-3.7545
-0.678259
1.37424
-4.78503
-0.612378
1.31459
-4.88156
-0.635448
1.25074
-4.83931
-0.925722
0.25796
-3.75343
-0.956147
0.177844
-3.15906
-0.775738
0.05404
-5.12251
-0.93267
-0.00436931
-3.31419
-0.813046
-0.0856017
-4.96703
-0.799452
-0.110289
-4.87755
-0.927753
-0.114096
-4.4521
-0.859875
-0.183318
-5.08296
-0.932857
-0.348112
-4.4467
-0.932447
-0.360881
-4.44571
-1.09292
-0.303892
-3.02396
-0.897364
0.27054
-3.7472
-0.902141
0.173181
-3.79521
-1.55137
0.216318
-4.85262
-0.916039
-0.124641
-4.69555
-1.01033
-0.24296
-3.94909
-0.121249
-0.262846
-3.40126
-0.0140371
-0.332116
-3.75005
-0.645573
1.50677
-4.77385
-0.661881
1.26253
-4.83624
-0.860936
0.172221
-3.9258
-0.601742
-0.00694566
-3.45636
-0.601742
-0.00694566
-3.45636
-0.910946
-0.119004
-4.47443
-0.812689
-0.292913
-4.91018
-0.866204
-0.318523
-4.56983
-0.810389
-0.393822
-4.87519
-0.214673
-0.174522
-3.59148
-0.203193
-0.174538
-3.60697
-0.00750465
-0.325366
-3.75721
-0.585919
0.944469
-3.5002
-1.01982
0.443288
-3.71315
-0.917323
0.125716
-3.69786
-0.947188
-0.237746
-4.33296
-0.860731
-0.309815
-5.28447
-0.885583
-0.242615
-4.18877
-0.313097
-0.258181
-3.90136
-0.587184
1.21029
-4.88052
-0.587184
1.21029
-4.88052
-0.857259
-0.0699568
-4.0729
-0.0021732
-0.334003
-3.76172
-0.550129
1.2898
-4.78517
-0.650215
1.36107
-4.80143
-0.920685
-0.259305
-4.36433
-0.911324
0.109661
-3.75667
-0.807107
-0.37965
-4.83649
-0.644582
1.41272
-4.78399
-0.655505
1.31866
-4.85964
-0.792908
-0.164048
-4.93756
-0.922013
0.226829
-3.79223
-0.903287
0.163536
-4.19702
-0.627903
0.0175842
-3.53642
-0.57405
0.0028987
-4.58687
-0.891574
-0.195284
-4.10532
-0.12643
-0.264045
-3.65018
-0.864621
0.489632
-3.71577
-0.954277
0.170419
-3.19242
-0.959515
0.167763
-3.17818
-0.959515
0.167763
-3.17818
-0.959821
0.123724
-3.13816
-0.965095
0.10979
-3.05626
-0.967401
0.108241
-3.03339
-0.953688
0.101519
-3.11797
-0.961472
0.0854293
-3.15662
-0.955733
0.0799815
-3.21842
-0.660307
0.00789677
-3.00042
-1.09304
-0.108583
-2.84452
-0.971911
-0.282776
-4.31481
-0.428752
-0.162283
-3.55174
-1.0844
-0.215727
-2.73704
-0.84013
-0.360054
-4.57834
-0.288053
-0.220554
-3.48876
-0.10636
-0.15243
-3.32425
-0.568898
1.49139
-4.73588
-0.60635
1.46127
-4.80146
-0.631557
1.24206
-4.81291
-0.928081
0.40279
-3.71387
-0.963539
0.116602
-3.13187
-0.926431
0.102626
-3.47424
-0.812719
-0.0821475
-5.15727
-0.921983
-0.170521
-4.42841
-1.05048
-0.212429
-3.12486
-0.806209
-0.356289
-4.88303
-0.893656
-0.349515
-4.57712
-1.09686
-0.264695
-2.84663
-0.251244
-0.249414
-3.91426
-0.116527
-0.29325
-3.65063
-0.971835
0.405369
-3.71481
-1.01448
0.320421
-3.7155
-0.944211
-0.0049573
-3.33033
-1.09401
-0.186242
-2.85046
-0.162154
-0.207188
-3.17159
-0.144267
-0.218451
-3.19095
-0.0162289
-0.266392
-3.29823
-0.87228
-0.318858
-5.12429
-0.918232
-0.297218
-4.31526
-0.0329511
-0.212715
-3.29349
-0.942322
-0.234461
-4.32898
-0.873578
-0.279773
-4.17919
-0.871655
-0.376186
-5.20121
-0.266941
-0.255359
-3.91301
-0.0774611
-0.26438
-3.23508
-0.684717
1.43942
-4.76496
-0.976521
-0.0950147
-3.23129
-0.166367
-0.149146
-3.20927
-0.0865872
-0.149914
-3.28734
-0.0751021
-0.263501
-3.24151
-0.954039
0.0938881
-3.25833
-0.139925
-0.189365
-3.6447
-0.63758
0.0216676
-3.43826
-0.161715
-0.226738
-3.72202
-24.8191
-24.4393
-37.2819
-42.3948
-41.1674
-58.2047
-71.5188
-65.5394
-84.7595
-23.9631
-21.878
-27.936
-63.9327
-61.4946
-69.2335
-32.0593
-200.371
-184.528
-17.6874
-116.313
-91.9626
-27.9456
-179.755
-141.553
-16.445
-111.27
-85.6188
-7.90587
-48.3277
-36.2167
-7.90587
-48.3277
-36.2167
5.58761
-84.0421
-60.9923
6.18779
-63.5059
-42.5566
8.38385
-86.5006
-57.7276
-7.93215
-46.7449
-30.6728
-43.4462
-45.1992
-104.478
-46.5203
-43.5878
-50.5895
-9.42334
-67.1799
-67.3696
-25.366
-183.689
-169.062
-11.9995
-60.0237
-46.6881
-70.9443
-69.9756
-110.691
-143.587
-289.648
-414.596
-26.5082
-23.8802
-26.4101
-25.4187
-23.0534
-25.31
-11.4278
-70.6587
-50.6447
-9.3695
-54.7149
-37.2685
-102.336
-96.9152
-116.497
-29.5886
-213.14
-153.92
-20.0997
-104.648
-72.1833
115.303
17.2142
-126.859
1.52961
0.0710439
-11.3755
-221.151
-212.168
-220.688
-9.68258
-67.1287
-50.8767
6.95524
-91.7655
-62.4718
-35.3106
-195.673
-141.54
-4.63131
-97.9672
-68.2848
1.98432
-55.3132
-35.8941
1.73879
-0.289065
-9.51933
-112.898
-113.14
-143.753
40.012
-64.0881
-76.1551
28.8633
-286.241
-235.617
11.5667
-163.919
-127.936
8.01667
-85.0329
-59.2054
-9.34702
-112.606
-76.0194
-55.6604
-58.3444
-82.1049
-26.7351
-23.8182
-27.2934
28.1862
-443.696
-451.175
-9.39144
-133.939
-96.9134
-26.5788
-25.2387
-35.29
-26.5788
-25.2387
-35.29
-32.335
-29.9226
-33.7251
-18.1895
-17.3798
-28.0257
-18.7734
-17.0958
-19.2145
-8.41844
-60.3756
-44.8743
2.9766
-52.4317
-36.5614
-8.35613
-7.27285
-9.18865
-240.609
-236.265
-283.956
-10.3224
-9.603
-13.6006
-10.3224
-9.603
-13.6006
-6.72342
-5.87377
-8.25009
-73.5241
-72.4361
-88.0605
-0.503907
-0.2237
-4.51134
3.53559
-116.379
-235.53
-0.958301
0.166341
-3.15354
-0.373682
0.0269092
-9.7656
-74.3114
-152.998
-199.904
-0.957282
0.173186
-3.16994
-94.6981
-92.4771
-122.673
-6.44264
-6.40194
-7.24776
-4.70451
-72.1207
-68.9269
-6.5847
-43.5213
-34.679
-6.5847
-43.5213
-34.679
-5.07109
-5.1347
-5.80985
-0.221293
1.44053
-7.03293
-0.92879
0.116247
-3.50818
3.3791
-1.8694
-7.14472
15.4377
3.35208
-20.9754
-9.37404
-8.93439
-9.45231
-103.843
-225.894
-253.254
1.33985
-0.0207344
-4.47844
1.07352
-0.268914
-1.83398
1.56553
1.25065
-9.39547
2.24242
-17.0713
-19.9164
-1.52575
-0.673397
-6.21912
-0.759906
0.174502
-3.6967
-0.287216
1.2101
-6.89045
0.880648
-1.16503
-7.34106
-0.607338
0.705343
-3.48411
-0.553007
-0.0797366
-4.89058
-0.326389
1.49288
-4.75934
1.5642
0.318824
-3.56848
1.26669
0.0234815
-3.19659
1.86794
0.946458
-7.99657
-0.820642
0.0197334
-5.56493
-0.59656
-0.0900039
-6.5397
-0.853582
-0.0528265
-3.91459
1.99982
-0.438868
-6.9715
-4.52846
0.519049
-10.8442
2.03117
-0.127417
-7.14579
-0.768789
1.73422
-4.94794
0.152476
-0.363396
-5.23903
-1.61521
-2.01251
-5.7437
1.78889
-0.278569
-6.72007
-0.438296
-0.236558
-7.17211
-0.722601
0.053726
-7.09983
1.41811
1.25106
-7.06198
1.90445
-0.319373
-7.41834
8.42377
1.90314
-12.0263
-12.7475
-10.9976
-18.0824
-0.330006
1.51198
-6.93832
1.84036
-0.0106389
-5.05709
-6.36954
-5.63456
-7.60376
-7.06326
-7.04177
-6.62016
-1.35142
0.304017
-3.51993
-1.09149
-0.274116
-3.00048
-22.7898
-22.8391
-33.3242
-1.04839
-0.12644
-3.55391
-1.17126
0.153593
-4.97174
-1.4324
-0.00120885
-3.00638
-1.04958
-0.130982
-3.46406
-10.2196
-10.1172
-15.2204
-2.80761
0.952448
-1.60964
-0.627811
1.24178
-4.8138
1.14731
0.249561
-1.4773
-2.07483
-1.54816
-1.04843
1.0141
0.120983
-0.540751
0.913467
-0.180249
-0.542362
-1.27653
-0.952791
-0.257724
1.07076
1.91151
-0.775009
-0.382374
-0.168906
-0.186067
1.25595
0.262172
-0.681328
-0.493134
-0.0273297
0.574653
1.13721
1.82051
-0.793247
1.13721
1.82051
-0.793247
-1.22339
0.155363
-4.98838
-0.875759
0.0949345
-3.92128
-0.876333
0.0820584
-3.92725
-0.95171
0.0848699
-3.19654
-0.941455
0.0831504
-3.36886
-0.950224
0.0802903
-3.20398
-0.587647
-0.0114452
-3.50198
-0.92684
-0.134446
-5.07266
-1.01297
-0.235115
-4.77167
-1.04817
-0.195978
-3.50106
-0.658584
1.1683
-3.43531
-0.855221
1.76346
-5.09227
2.02063
1.76614
-5.47399
1.73846
1.36564
-5.49111
-0.273766
1.45716
-6.99523
-0.619082
1.38327
-7.08833
-0.619082
1.38327
-7.08833
1.56492
1.39503
-7.12084
1.82364
1.26175
-7.12034
-0.861954
-0.0255165
-4.35142
1.51689
-0.00997648
-4.57401
1.62419
-0.0842792
-5.74922
-0.811693
-0.176496
-5.97185
0.868569
-0.349076
-4.79679
0.436455
-0.411365
-4.59606
1.59367
1.68287
-5.43374
-0.547328
1.15517
-4.99594
2.14969
-0.002121
-5.32479
0.983631
-0.303063
-4.30004
0.983451
-0.303074
-4.2998
0.975285
-0.457256
-5.22318
-0.519518
1.62707
-7.13353
0.391005
-0.139654
-4.02569
0.391005
-0.139654
-4.02569
0.860284
-0.381862
-4.64258
0.899749
-0.39075
-4.65903
0.885387
-0.397908
-5.46237
1.41799
1.35088
-7.06239
1.76573
-0.279629
-6.35872
0.0797023
-0.33933
-4.9764
-0.384272
-0.222391
-5.67639
1.12141
2.01331
-0.950856
-0.727739
0.640471
-2.36305
-0.671774
0.637233
-2.33611
-0.982495
0.215246
-0.908059
0.982139
-0.21436
0.0661736
0.882277
1.28356
-2.69478
0.892546
1.2474
-2.66504
1.02824
-0.142686
-1.46728
1.20778
-0.226566
-0.775277
-0.959258
2.00647
-0.791799
-0.627093
1.47791
-3.47384
-0.762866
1.38727
-3.30219
-0.841168
2.03526
-0.787783
-0.481505
1.32967
-3.37017
-0.652698
1.11701
-3.50822
-0.694452
0.605265
-2.33862
-1.05292
0.168505
-2.66284
-0.729751
1.79446
-0.540716
1.08119
2.07992
-1.01274
1.40682
1.9885
-0.97875
1.07334
1.52996
-0.655428
1.33239
1.86876
-0.987945
-1.01279
0.158777
-3.01943
-1.0077
1.96243
-0.719428
-0.906571
1.74852
-0.476679
-0.550278
1.55468
-2.45191
1.34418
1.69732
-0.90862
1.96579
0.266332
-5.07114
-0.880621
0.101192
-4.12142
-0.880621
0.101192
-4.12142
1.95543
0.00200115
-5.00733
-0.228882
-0.215495
-4.37078
-0.973558
-0.423005
-5.33311
1.57437
-0.238974
-5.68638
-26.1126
-25.6688
-41.8276
-0.169452
-0.297083
-3.60413
-0.177179
-0.297838
-3.5952
-5.15561
0.705459
-6.51079
2.053
2.51928
-6.16957
2.37972
2.46266
-6.41339
1.93478
2.05144
-6.28013
1.87147
1.90632
-6.14078
1.83844
1.88367
-6.11565
2.68008
0.428254
-5.94106
2.63152
0.359833
-5.64366
-0.851248
0.0379034
-4.43951
-1.16344
0.0568089
-4.96118
-0.84515
0.0277862
-4.50122
-1.12461
0.0176627
-4.96793
-0.812966
0.00215801
-4.53252
-1.1294
0.00385555
-4.99853
-0.854213
-0.0112501
-4.4136
-0.855166
-0.0161663
-4.35739
-0.852601
-0.026552
-4.44251
2.58973
-0.0288122
-5.76582
-1.15008
-0.040786
-4.913
0.996209
-0.253314
-4.52371
0.976
-0.257011
-4.49782
-0.0563721
-0.287432
-4.48806
0.940683
-0.302476
-4.41923
-0.193643
-0.211613
-4.02787
0.954972
-0.304032
-4.40803
0.932676
-0.32004
-4.42594
-0.0661123
-0.367986
-4.61864
0.965345
-0.324713
-4.41028
0.934233
-0.327485
-4.41808
0.934233
-0.327485
-4.41808
0.94313
-0.33587
-4.41248
0.94313
-0.33587
-4.41248
0.93457
-0.336908
-4.41629
0.958722
-0.34333
-4.42057
-0.00314107
-0.285275
-4.18261
1.01824
-0.37615
-4.37586
0.88593
-0.313851
-4.08119
0.907216
-0.335224
-4.08232
-0.0124953
-0.354412
-3.81663
-0.0271164
-0.355169
-3.81495
-0.0460768
-0.361661
-3.79557
-0.0460768
-0.361661
-3.79557
-1.12802
2.10381
-5.46844
2.06476
2.44966
-6.05144
-0.559076
1.89835
-5.59871
-1.0614
1.84511
-5.69226
1.85503
2.16408
-6.30535
2.62851
2.16179
-6.43353
2.62806
0.0712244
-5.62981
-0.844705
-0.300095
-4.66117
-0.0430514
-0.286391
-4.54364
1.07225
-0.335079
-4.41115
0.888317
-0.301387
-4.0825
-0.0231209
-0.359812
-3.8167
-0.0324533
-0.363327
-3.80732
-0.0195829
-0.375836
-3.80954
-1.26869
2.26687
-5.8154
-0.695042
2.02148
-5.65218
2.77681
2.5539
-6.43813
2.18484
1.82414
-6.12784
2.0551
1.453
-5.98784
1.23482
-0.286655
-4.51287
0.886404
-0.32769
-4.07947
-0.679096
2.27907
-5.6362
-0.592947
2.21563
-5.66959
-0.530492
2.15341
-5.63891
-0.679232
2.09917
-5.70211
-1.0954
1.93947
-5.74984
2.46069
2.33377
-6.13564
-1.59804
0.178398
-5.55636
-0.0344025
-0.377073
-3.80098
-0.591239
2.14055
-5.70556
-1.00888
1.93883
-5.67813
-0.81089
0.0591891
-4.51982
2.0052
2.43516
-6.04228
1.98066
1.99307
-6.19628
1.98066
1.99307
-6.19628
2.30409
1.90848
-6.05878
-1.0784
-0.401189
-5.29716
0.957992
-0.460037
-4.59572
1.06593
-0.46012
-4.59005
1.06593
-0.46012
-4.59005
-0.0192174
-0.360307
-3.81942
-0.0369804
-0.370196
-3.81049
-0.652687
1.8375
-5.42318
0.978174
-0.370135
-4.75215
-0.642371
2.25614
-5.49897
-0.646732
2.17012
-5.5982
-0.716825
1.67701
-5.51782
0.965228
-0.356704
-4.39176
-0.780203
2.40915
-5.76831
-1.13305
2.05972
-5.68108
-1.36652
1.93937
0.0737132
-1.33476
2.35001
-0.369571
-1.12824
1.96906
-0.836881
-0.83017
1.97552
-0.863426
-1.17899
1.90191
-0.854094
0.557961
1.22848
0.16406
1.03619
2.11408
-1.12464
-0.859478
1.91672
-0.942118
1.26529
2.10164
-1.12223
-0.832948
1.87359
-0.918412
-0.645804
1.17363
0.0252115
1.20018
0.410252
0.201775
-1.04685
0.311488
0.577829
-1.11101
0.216147
0.60252
-1.16817
-0.0266432
0.55703
-0.588882
1.26761
0.0800384
-0.611297
1.23927
0.0598478
-0.764752
1.15301
0.0553484
0.723868
1.46317
-0.463081
-1.04351
0.394498
0.541567
-1.04351
0.394498
0.541567
-1.04193
0.376484
0.537399
-1.03467
0.366294
0.503053
-1.04442
0.351198
0.529472
-1.05071
0.33137
0.564558
-1.05071
0.33137
0.564558
-1.05071
0.33137
0.564558
-1.04288
0.329504
0.550553
-1.03561
0.328454
0.527004
-1.07836
0.293095
0.597553
-1.05644
0.290723
0.593485
-1.04072
0.29361
0.547562
-1.04072
0.29361
0.547562
-1.04837
0.28932
0.550679
-1.04837
0.28932
0.550679
-1.02567
0.317734
0.0559767
1.19688
0.340497
-0.290235
-1.04224
0.216543
0.635622
-0.936201
-0.00645118
0.293732
1.05778
-0.230301
0.169636
1.01981
-0.233447
0.176819
-1.46445
2.10258
-0.233126
-1.48691
2.10242
-0.243412
-0.611577
1.32995
0.141697
-0.611577
1.32995
0.141697
-0.598753
1.34295
0.120425
-0.598753
1.34295
0.120425
-0.748552
1.31236
0.124339
-1.097
2.05405
-0.890891
-0.73862
1.95549
-0.899392
-0.545224
1.29032
0.0145377
-0.770806
1.93983
-0.978495
-0.85599
1.75889
-0.779605
1.11426
2.04493
-1.18761
-0.574392
1.24832
-0.0495376
-0.893584
1.41625
-0.404129
-1.05965
0.393536
0.578159
-1.05648
0.378171
0.569185
-0.671694
0.30341
1.04735
-1.02732
0.357836
0.528825
-1.0419
0.341164
0.531172
-1.0419
0.341164
0.531172
-1.04882
0.336665
0.553659
-1.0363
0.301253
0.528301
-1.04917
0.294911
0.561617
-1.0526
0.290125
0.570717
-1.04858
0.263731
0.541435
-0.973881
0.214416
0.624125
1.65252
-0.0941264
-0.310919
1.65252
-0.0941264
-0.310919
-1.02855
2.31608
-0.0618827
-1.3889
2.12736
-0.228607
-0.717192
1.25877
0.129581
-0.717192
1.25877
0.129581
-0.77614
1.23393
0.130603
-0.77614
1.23393
0.130603
0.577569
1.26844
0.130387
1.23655
2.05233
-0.967382
-0.636266
1.25242
0.0455064
0.685384
1.53741
-0.413948
-0.644054
1.1355
0.0376803
-0.723983
1.5054
-1.71537
-0.723983
1.5054
-1.71537
-1.04363
0.314248
0.518027
2.08425
0.499074
-1.06973
-1.01661
0.331747
0.0516492
-1.03892
0.287478
0.516343
1.11366
0.162391
0.254116
1.16674
0.123558
0.221898
-1.16974
0.00293296
0.334648
-1.16974
0.00293296
0.334648
-1.15743
-0.0101491
0.356758
-1.15413
-0.0359357
0.347491
-0.708396
1.32756
0.167943
-1.04771
0.348325
0.565052
-1.04629
0.347738
0.543378
-1.04901
0.307385
0.569989
2.37806
0.493552
-1.02585
-0.981464
0.00389738
0.326728
-0.390375
-0.0166217
0.783895
1.08525
-0.239798
0.179276
-0.956434
2.04541
-0.786843
-0.779911
1.97906
-0.897792
-0.632883
1.58249
-0.42562
-0.62952
1.1549
-0.00600376
0.309591
0.00253998
1.06612
-0.820346
0.386226
0.672446
-1.08157
0.38057
0.397637
-1.06659
0.330918
0.57532
1.20068
0.399484
0.190716
-1.06799
0.303259
0.598564
-1.12245
1.79684
-0.801386
0.523286
1.29319
0.126341
-0.924339
1.52992
-1.58726
-1.06012
0.241773
0.583178
0.846577
-0.0851286
-0.400692
-0.577632
1.57916
-4.74704
-0.658364
1.53663
-4.8149
-0.941441
0.172657
-3.23757
-0.941441
0.172657
-3.23757
-0.944041
0.169844
-3.20805
-0.944041
0.169844
-3.20805
-0.935268
0.164655
-3.24837
-0.943558
0.161391
-3.19219
-0.936567
0.159367
-3.23157
-0.927929
0.157379
-3.36197
-0.947902
0.128091
-3.15837
-0.947902
0.128091
-3.15837
-0.920155
0.132533
-3.58624
-0.95
0.122189
-3.1115
-0.947065
0.121942
-3.13135
-0.922769
0.111659
-3.51746
-0.922769
0.111659
-3.51746
-6.95643
0.900553
-10.1655
-1.57402
0.197252
-4.86662
-0.958134
0.0890257
-3.0878
-0.94597
0.0849541
-3.18651
-0.941747
0.0786606
-3.2395
-0.792349
0.0371769
-5.11141
-0.94354
0.0352278
-3.28287
-0.760171
0.0189143
-4.43138
-0.754043
0.00871595
-4.59064
-0.861821
0.00756836
-4.42868
-0.653924
-0.0389229
-4.93659
-0.75421
-0.0495433
-5.47639
-0.639486
-0.0478285
-4.37788
-1.02786
-0.100404
-3.63895
-1.06428
-0.114521
-3.03582
-1.0378
-0.142422
-3.52563
0.0736552
-0.0715042
-3.59576
-0.897767
-0.30243
-4.20994
-0.901407
-0.31177
-4.23413
-0.901407
-0.31177
-4.23413
-0.937435
-0.230742
-3.22743
-0.919257
-0.346583
-4.31123
-0.911541
-0.345587
-4.26359
-0.902291
-0.345771
-4.20172
-0.149857
-0.278326
-3.43346
0.00553173
-0.320586
-3.76649
-0.0914545
-0.350072
-3.55571
-0.0699614
-0.35046
-3.57384
-0.0581656
-0.273497
-3.35808
-0.47182
1.53834
-4.75428
-0.550711
1.55808
-4.72604
-0.537453
1.53909
-4.72187
-0.553669
1.54634
-4.71376
-0.545036
1.51811
-4.70846
-0.523376
1.50722
-4.80096
-0.484062
1.23166
-4.98928
-0.965984
0.130694
-3.09341
-0.94425
0.0912734
-3.20667
-0.94425
0.0912734
-3.20667
-0.927076
0.0885135
-3.62161
-0.905522
0.078686
-3.57585
-0.820022
0.0646106
-4.9571
-0.898886
-0.0205689
-3.71809
-1.02734
-0.0779492
-3.61602
-1.03055
-0.0896251
-3.62629
-0.646105
-0.242167
-4.99608
-1.05193
-0.219192
-3.40882
-0.898322
-0.313833
-4.20333
-1.14948
-0.317961
-3.72806
-0.891134
-0.339824
-4.20762
-0.206982
-0.199694
-4.00549
-0.11708
-0.287125
-3.64351
0.00984007
-0.324585
-3.76897
-0.689499
1.21132
-3.46046
-0.575577
1.59799
-4.78344
-0.918813
0.155939
-3.7178
-0.839456
-0.00683566
-4.43835
-0.849106
-0.0369879
-4.47564
-0.862956
-0.139412
-5.1382
-1.02276
-0.0952594
-3.6158
-1.03233
-0.102689
-3.54988
-0.429697
-0.127523
-4.5885
-1.02501
-0.158071
-3.97257
-0.667302
-0.18864
-5.01649
-0.870816
-0.29243
-5.35037
-0.87069
-0.338422
-5.34784
-0.121068
-0.287166
-3.63953
-0.143479
-0.276275
-3.42263
-0.447889
1.55887
-4.74307
-0.651177
1.18023
-3.46246
-0.561633
1.35736
-4.76679
-0.46465
1.2189
-4.99265
-0.487625
1.2245
-4.9755
-0.51309
-0.105131
-4.87016
-0.778312
-0.110124
-4.49104
-0.869089
-0.106916
-4.04564
-0.762966
-0.254961
-4.98164
-0.770059
-0.263399
-4.75536
-0.859398
-0.313588
-4.78616
-0.91409
-0.339068
-4.28077
-0.882117
-0.354281
-4.18119
-0.187114
-0.167734
-3.69571
-0.595536
-0.243765
-3.24403
-0.134486
-0.296367
-3.43395
-0.571785
1.54483
-4.7008
-0.506186
1.12589
-4.93614
-0.867095
-0.0518258
-4.47012
-0.867095
-0.0518258
-4.47012
-1.04198
-0.159279
-3.57554
-0.934322
-0.304734
-4.36228
-0.884681
-0.333053
-4.1844
-0.244239
-0.208927
-3.95125
-0.201551
-0.22363
-3.98973
-0.199072
-0.211758
-3.57465
-0.511454
1.42854
-4.87009
-0.679087
1.40571
-4.79372
-0.679087
1.40571
-4.79372
-0.936412
0.015479
-3.25967
-0.979066
-0.103042
-3.23573
-0.875902
-0.282499
-4.18191
-0.972944
-0.219044
-3.23304
-0.523627
1.59425
-4.7908
-0.616699
1.57121
-4.78703
-0.596869
1.53594
-4.76192
-0.648131
1.54675
-4.75932
-0.501611
1.11721
-4.9358
-0.862126
-0.18984
-4.56993
-0.556806
1.58769
-4.7241
-0.521588
1.4469
-4.814
-0.836512
-0.081175
-4.02593
-0.959228
-0.27084
-4.39328
-0.967619
-0.259028
-3.23424
-0.15882
-0.174598
-3.63546
-0.572042
1.19542
-4.93774
-1.01014
0.234636
-3.69369
-0.877996
-0.293664
-4.13486
-0.877996
-0.293664
-4.13486
-0.0286178
-0.224748
-3.96395
-0.624123
1.51228
-4.7886
-0.548038
1.24077
-4.93465
-0.711457
0.0421802
-4.35624
-0.699973
0.0218892
-4.96238
-0.581723
0.00196241
-5.04834
-0.913499
-0.172661
-4.28308
-0.168984
-0.196629
-3.61834
-1.65606
-0.0952561
-3.86999
-0.522319
1.14556
-4.86982
-0.945284
0.152463
-3.23164
-0.958889
0.148788
-3.1211
-0.953346
0.121991
-3.15011
-0.887689
0.123041
-3.876
-0.961345
0.107005
-3.13693
-0.961345
0.107005
-3.13693
-0.950169
0.101252
-3.19061
-0.94837
0.0806949
-3.18001
-0.948841
0.0803144
-3.20446
-0.857407
0.0605325
-4.37374
-0.926032
0.0591006
-3.2648
-0.814187
0.0438815
-4.87736
-0.866791
0.0396206
-3.92935
-0.829979
0.00641473
-4.59837
-0.852851
-0.13836
-5.22796
-1.03258
-0.094511
-3.72671
-0.875095
-0.26865
-4.17269
-0.921284
-0.34768
-4.31217
-1.06717
-0.296981
-3.11584
-1.06717
-0.296981
-3.11584
-0.632125
1.58083
-4.79786
-0.948426
0.179279
-3.18074
-0.868616
-0.184472
-5.09677
-0.552906
1.51623
-4.81906
-1.49385
0.153936
-4.82027
-0.596128
-0.00877561
-3.45737
-0.935998
-0.361832
-4.37801
-0.929013
0.198759
-3.75474
-0.549242
1.20367
-4.90816
-0.902306
-0.0470794
-3.7016
1.33598
0.421422
-0.313373
-1.07009
0.308415
-0.477594
-1.08906
0.304735
-0.68396
1.47162
0.415505
-0.265629
-1.05044
0.243199
-0.850223
-0.945476
0.158525
-3.35032
-0.913324
0.116438
-3.71606
-0.964548
0.0954944
-3.03521
-0.950961
0.093373
-3.18407
-0.934236
0.0798255
-3.49514
-0.847169
-0.01704
-4.04303
-0.848345
-0.0713444
-4.33727
-0.926595
-0.150046
-4.53278
-0.926788
-0.149508
-4.53312
-1.028
-0.236783
-3.86367
-0.257194
-0.485288
-4.02579
-1.00534
-0.354371
-5.46492
-1.12888
-0.164738
-5.52863
-1.05274
-0.190118
-3.44758
-0.909547
0.0200227
-3.72881
-0.674764
1.17774
-3.451
-0.612227
1.65029
-4.78122
-0.597136
1.62754
-4.78601
-0.464421
1.52297
-5.0446
-0.629184
1.63534
-4.84039
-0.421097
1.43792
-5.0536
-0.932479
0.183851
-3.16586
-0.946555
0.184936
-3.17337
-0.94004
0.175602
-3.1944
-0.946869
0.168197
-3.21809
-0.943739
0.156507
-3.24086
-0.952268
0.121966
-3.18611
-0.961026
0.0915745
-3.22348
-0.961026
0.0915745
-3.22348
-0.908751
0.0830816
-3.61203
-0.849942
0.0579272
-4.46867
-0.723575
0.0114144
-4.39746
-0.723575
0.0114144
-4.39746
-0.725856
0.0100441
-4.45102
-0.747326
0.0080198
-4.60118
-0.754153
0.00590565
-4.42117
-0.83911
-0.0158258
-4.50743
-0.534464
-0.026461
-4.2356
-0.823823
-0.0270227
-4.63186
-0.836551
-0.0629259
-4.51149
-0.865254
-0.0610551
-3.93506
-1.02892
-0.216894
-3.86487
-0.935898
-0.276625
-4.42515
-0.992461
-0.238989
-3.60688
-0.924004
-0.340777
-4.4371
-0.932471
-0.369155
-4.42267
-0.888362
-0.360703
-4.22143
-0.186531
-0.228983
-3.59388
-0.862864
-1.18098
-5.29566
-0.436286
1.53217
-5.07412
-0.621361
1.64827
-4.79143
-0.431659
1.47304
-5.0357
-0.480099
1.53551
-5.04161
-0.701782
1.35339
-4.87037
-0.591198
0.410979
-3.50399
-0.930549
0.0942415
-3.47006
-0.779821
0.0595747
-4.92618
-1.01478
-0.23521
-3.61491
-0.91075
-0.331315
-4.33631
-0.91075
-0.331315
-4.33631
-0.91075
-0.331315
-4.33631
-0.905068
-0.333232
-4.23364
-0.907241
-0.334341
-4.20746
-0.209249
-0.171653
-3.72469
-0.0857309
-0.2732
-4.0398
-0.024684
-0.312243
-4.0945
-0.469329
1.57149
-5.0768
-0.441747
1.49319
-5.01927
-0.469706
0.00389317
-4.88745
-0.736817
-0.0277349
-5.39573
-0.757921
-0.182827
-5.06889
-1.03267
-0.192291
-3.52933
-1.02276
-0.219606
-3.11752
-0.923752
-0.351339
-4.5753
-1.15795
-0.31527
-3.67593
-1.15795
-0.31527
-3.67593
-0.184272
-0.169183
-3.70195
-0.153659
-0.167582
-3.66259
-0.0581876
-0.321068
-4.06998
-0.0581876
-0.321068
-4.06998
-0.0662858
-0.3291
-4.0665
-0.0662858
-0.3291
-4.0665
-0.436732
1.48627
-5.03231
-0.939966
0.198988
-3.31772
-0.925476
0.109954
-3.48721
-0.462566
-0.0906365
-4.85835
-0.735851
-0.0694555
-5.43442
-0.735851
-0.0694555
-5.43442
-0.461759
-0.0785567
-4.88039
-1.03793
-0.0871912
-3.59851
-0.757682
-0.326039
-5.4309
-1.00024
-0.22361
-3.60227
-0.935774
-0.29278
-4.24154
-0.15536
-0.16448
-3.67128
-0.833338
-0.208242
-5.07553
-0.830679
-0.256813
-5.24395
-0.821347
-0.30117
-5.22863
-0.506992
1.64291
-5.094
-0.979867
0.218796
-3.69772
-0.72559
0.0412303
-5.4991
-0.720763
-0.219616
-4.44655
-0.87369
-0.343583
-4.13934
-0.622224
1.4587
-4.88242
-0.622224
1.4587
-4.88242
-1.05914
-0.233131
-3.99169
-1.05914
-0.233131
-3.99169
-0.022592
-0.239923
-4.12452
-0.451209
1.44184
-4.9536
-0.670931
1.3519
-4.889
-0.473881
1.15333
-4.93078
-0.945034
0.283322
-3.73242
-0.570167
0.0147247
-3.52632
-0.891082
-0.167884
-4.49457
-0.912199
-0.311329
-4.05003
-0.0490488
-0.316691
-4.09458
-0.546349
1.09594
-4.81463
-0.756032
0.0227049
-4.48644
-0.751612
0.0167477
-4.55713
-0.686079
-0.135514
-5.54383
-0.664227
-0.135082
-5.54252
-0.819348
0.0765474
-4.51434
-0.748
0.0370949
-4.81317
